2026-08-03T23:53:32.9207970Z Current runner version: '2.336.0'
2026-08-03T23:53:32.9229780Z ##[group]Runner Image Provisioner
2026-08-03T23:53:32.9231570Z Hosted Compute Agent
2026-08-03T23:53:32.9232520Z Version: 20260707.563
2026-08-03T23:53:32.9233570Z Commit: 02667638d2b423fbc733a8e32a88b44996a3ba6e
2026-08-03T23:53:32.9234790Z Build Date: 2026-07-07T19:33:50Z
2026-08-03T23:53:32.9235910Z Worker ID: {747f1179-d5d4-4e7f-ba2f-ec99302bb394}
2026-08-03T23:53:32.9237020Z Azure Region: westus
2026-08-03T23:53:32.9237420Z ##[endgroup]
2026-08-03T23:53:32.9238860Z ##[group]Operating System
2026-08-03T23:53:32.9239240Z macOS
2026-08-03T23:53:32.9239550Z 15.7.7
2026-08-03T23:53:32.9239860Z 24G720
2026-08-03T23:53:32.9240170Z ##[endgroup]
2026-08-03T23:53:32.9240500Z ##[group]Runner Image
2026-08-03T23:53:32.9240870Z Image: macos-15-arm64
2026-08-03T23:53:32.9241210Z Version: 20260727.0256.1
2026-08-03T23:53:32.9242240Z Included Software: https://github.com/actions/runner-images/blob/macos-15-arm64/20260727.0256/images/macos/macos-15-arm64-Readme.md
2026-08-03T23:53:32.9243290Z Image Release: https://github.com/actions/runner-images/releases/tag/macos-15-arm64%2F20260727.0256
2026-08-03T23:53:32.9243960Z ##[endgroup]
2026-08-03T23:53:32.9244850Z ##[group]GITHUB_TOKEN Permissions
2026-08-03T23:53:32.9247750Z Contents: read
2026-08-03T23:53:32.9248890Z Metadata: read
2026-08-03T23:53:32.9249830Z Packages: read
2026-08-03T23:53:32.9250720Z ##[endgroup]
2026-08-03T23:53:32.9255990Z Secret source: Actions
2026-08-03T23:53:32.9257860Z Prepare workflow directory
2026-08-03T23:53:32.9654590Z Prepare all required actions
2026-08-03T23:53:32.9714640Z Getting action download info
2026-08-03T23:53:33.3675270Z Download action repository 'actions/checkout@v5' (SHA:fbc6f3992d24b796d5a048ff273f7fcc4a7b6c09)
2026-08-03T23:53:33.8443910Z Download action repository 'jurplel/install-qt-action@v4.3.1' (SHA:48d3ad6db93f3627c8ee7a0454bc6f3744f7e730)
2026-08-03T23:53:36.2516620Z Download action repository 'actions/upload-artifact@v4' (SHA:ea165f8d65b6e75b540449e92b4886f43607fa02)
2026-08-03T23:53:36.4842960Z Getting action download info
2026-08-03T23:53:36.6217870Z Download action repository 'actions/setup-python@v6' (SHA:ece7cb06caefa5fff74198d8649806c4678c61a1)
2026-08-03T23:53:36.7065900Z Download action repository 'jurplel/install-qt-action@v4' (SHA:48d3ad6db93f3627c8ee7a0454bc6f3744f7e730)
2026-08-03T23:53:38.8047590Z Complete job name: Build KytyPS5 (macOS)
2026-08-03T23:53:38.8619190Z ##[group]Run actions/checkout@v5
2026-08-03T23:53:38.8619790Z with:
2026-08-03T23:53:38.8620000Z   submodules: recursive
2026-08-03T23:53:38.8620260Z   repository: Coder787-source/KytyPlus
2026-08-03T23:53:38.8622890Z   token: ***
2026-08-03T23:53:38.8623060Z   ssh-strict: true
2026-08-03T23:53:38.8623230Z   ssh-user: git
2026-08-03T23:53:38.8623410Z   persist-credentials: true
2026-08-03T23:53:38.8623620Z   clean: true
2026-08-03T23:53:38.8623830Z   sparse-checkout-cone-mode: true
2026-08-03T23:53:38.8624070Z   fetch-depth: 1
2026-08-03T23:53:38.8624240Z   fetch-tags: false
2026-08-03T23:53:38.8624440Z   show-progress: true
2026-08-03T23:53:38.8624650Z   lfs: false
2026-08-03T23:53:38.8624860Z   set-safe-directory: true
2026-08-03T23:53:38.8625330Z   allow-unsafe-pr-checkout: false
2026-08-03T23:53:38.8625780Z ##[endgroup]
2026-08-03T23:53:39.2503180Z Syncing repository: Coder787-source/KytyPlus
2026-08-03T23:53:39.2504510Z ##[group]Getting Git version info
2026-08-03T23:53:39.2505020Z Working directory is '/Users/runner/work/KytyPlus/KytyPlus'
2026-08-03T23:53:39.2505600Z [command]/opt/homebrew/bin/git version
2026-08-03T23:53:39.3125580Z git version 2.55.0
2026-08-03T23:53:39.3146880Z ##[endgroup]
2026-08-03T23:53:39.3155090Z Copying '/Users/runner/.gitconfig' to '/Users/runner/work/_temp/2074f454-72c2-4f39-bcba-b49f592453a7/.gitconfig'
2026-08-03T23:53:39.3160500Z Temporarily overriding HOME='/Users/runner/work/_temp/2074f454-72c2-4f39-bcba-b49f592453a7' before making global git config changes
2026-08-03T23:53:39.3182270Z Adding repository directory to the temporary git global config as a safe directory
2026-08-03T23:53:39.3183650Z [command]/opt/homebrew/bin/git config --global --add safe.directory /Users/runner/work/KytyPlus/KytyPlus
2026-08-03T23:53:39.3305070Z Deleting the contents of '/Users/runner/work/KytyPlus/KytyPlus'
2026-08-03T23:53:39.3307660Z ##[group]Initializing the repository
2026-08-03T23:53:39.3310230Z [command]/opt/homebrew/bin/git init /Users/runner/work/KytyPlus/KytyPlus
2026-08-03T23:53:39.3561220Z hint: Using 'master' as the name for the initial branch. This default branch name
2026-08-03T23:53:39.3562310Z hint: will change to "main" in Git 3.0. To configure the initial branch name
2026-08-03T23:53:39.3563210Z hint: to use in all of your new repositories, which will suppress this warning,
2026-08-03T23:53:39.3563660Z hint: call:
2026-08-03T23:53:39.3564140Z hint:
2026-08-03T23:53:39.3565510Z hint: 	git config --global init.defaultBranch <name>
2026-08-03T23:53:39.3567310Z hint:
2026-08-03T23:53:39.3568170Z hint: Names commonly chosen instead of 'master' are 'main', 'trunk' and
2026-08-03T23:53:39.3569460Z hint: 'development'. The just-created branch can be renamed via this command:
2026-08-03T23:53:39.3570370Z hint:
2026-08-03T23:53:39.3570620Z hint: 	git branch -m <name>
2026-08-03T23:53:39.3570820Z hint:
2026-08-03T23:53:39.3571150Z hint: Disable this message with "git config set advice.defaultBranchName false"
2026-08-03T23:53:39.3571800Z Initialized empty Git repository in /Users/runner/work/KytyPlus/KytyPlus/.git/
2026-08-03T23:53:39.3575620Z [command]/opt/homebrew/bin/git remote add origin https://github.com/Coder787-source/KytyPlus
2026-08-03T23:53:39.3670600Z ##[endgroup]
2026-08-03T23:53:39.3671060Z ##[group]Disabling automatic garbage collection
2026-08-03T23:53:39.3674260Z [command]/opt/homebrew/bin/git config --local gc.auto 0
2026-08-03T23:53:39.3751830Z ##[endgroup]
2026-08-03T23:53:39.3752730Z ##[group]Setting up auth
2026-08-03T23:53:39.3755790Z [command]/opt/homebrew/bin/git config --local --name-only --get-regexp core\.sshCommand
2026-08-03T23:53:39.3846010Z [command]/opt/homebrew/bin/git submodule foreach --recursive sh -c "git config --local --name-only --get-regexp 'core\.sshCommand' && git config --local --unset-all 'core.sshCommand' || :"
2026-08-03T23:53:39.4894670Z [command]/opt/homebrew/bin/git config --local --name-only --get-regexp http\.https\:\/\/github\.com\/\.extraheader
2026-08-03T23:53:39.4982770Z [command]/opt/homebrew/bin/git submodule foreach --recursive sh -c "git config --local --name-only --get-regexp 'http\.https\:\/\/github\.com\/\.extraheader' && git config --local --unset-all 'http.https://github.com/.extraheader' || :"
2026-08-03T23:53:39.5961090Z [command]/opt/homebrew/bin/git config --local --name-only --get-regexp ^includeIf\.gitdir:
2026-08-03T23:53:39.6038740Z [command]/opt/homebrew/bin/git submodule foreach --recursive git config --local --show-origin --name-only --get-regexp remote.origin.url
2026-08-03T23:53:39.6833650Z [command]/opt/homebrew/bin/git config --local http.https://github.com/.extraheader AUTHORIZATION: basic ***
2026-08-03T23:53:39.6890810Z ##[endgroup]
2026-08-03T23:53:39.6891220Z ##[group]Fetching the repository
2026-08-03T23:53:39.6895740Z [command]/opt/homebrew/bin/git -c protocol.version=2 fetch --no-tags --prune --no-recurse-submodules --depth=1 origin +28b4e127f016c980bf1f669cd8203d7a41c12ef1:refs/remotes/origin/main
2026-08-03T23:53:45.0143860Z From https://github.com/Coder787-source/KytyPlus
2026-08-03T23:53:45.0144620Z  * [new ref]         28b4e127f016c980bf1f669cd8203d7a41c12ef1 -> origin/main
2026-08-03T23:53:45.0146820Z ##[endgroup]
2026-08-03T23:53:45.0147220Z ##[group]Determining the checkout info
2026-08-03T23:53:45.0149020Z ##[endgroup]
2026-08-03T23:53:45.0154610Z [command]/opt/homebrew/bin/git sparse-checkout disable
2026-08-03T23:53:45.0251080Z [command]/opt/homebrew/bin/git config --local --unset-all extensions.worktreeConfig
2026-08-03T23:53:45.0345680Z ##[group]Checking out the ref
2026-08-03T23:53:45.0347730Z [command]/opt/homebrew/bin/git checkout --progress --force -B main refs/remotes/origin/main
2026-08-03T23:53:46.1268000Z Updating files:  60% (1471/2433)
2026-08-03T23:53:46.1372360Z Updating files:  61% (1485/2433)
2026-08-03T23:53:46.1462600Z Updating files:  62% (1509/2433)
2026-08-03T23:53:46.1553900Z Updating files:  63% (1533/2433)
2026-08-03T23:53:46.1631840Z Updating files:  64% (1558/2433)
2026-08-03T23:53:46.1701300Z Updating files:  65% (1582/2433)
2026-08-03T23:53:46.1900360Z Updating files:  66% (1606/2433)
2026-08-03T23:53:46.2108470Z Updating files:  67% (1631/2433)
2026-08-03T23:53:46.2159150Z Updating files:  68% (1655/2433)
2026-08-03T23:53:46.2313810Z Updating files:  69% (1679/2433)
2026-08-03T23:53:46.2358880Z Updating files:  70% (1704/2433)
2026-08-03T23:53:46.2382170Z Updating files:  71% (1728/2433)
2026-08-03T23:53:46.2418490Z Updating files:  72% (1752/2433)
2026-08-03T23:53:46.4871710Z Updating files:  73% (1777/2433)
2026-08-03T23:53:46.5137050Z Updating files:  74% (1801/2433)
2026-08-03T23:53:46.7750120Z Updating files:  75% (1825/2433)
2026-08-03T23:53:46.7838510Z Updating files:  76% (1850/2433)
2026-08-03T23:53:46.9556480Z Updating files:  77% (1874/2433)
2026-08-03T23:53:47.0727480Z Updating files:  78% (1898/2433)
2026-08-03T23:53:47.0807280Z Updating files:  78% (1906/2433)
2026-08-03T23:53:47.3678980Z Updating files:  79% (1923/2433)
2026-08-03T23:53:47.3789960Z Updating files:  80% (1947/2433)
2026-08-03T23:53:47.4294910Z Updating files:  81% (1971/2433)
2026-08-03T23:53:47.4339690Z Updating files:  82% (1996/2433)
2026-08-03T23:53:47.4369750Z Updating files:  83% (2020/2433)
2026-08-03T23:53:47.4415290Z Updating files:  84% (2044/2433)
2026-08-03T23:53:47.4468920Z Updating files:  85% (2069/2433)
2026-08-03T23:53:47.4520300Z Updating files:  86% (2093/2433)
2026-08-03T23:53:47.4566110Z Updating files:  87% (2117/2433)
2026-08-03T23:53:47.4599600Z Updating files:  88% (2142/2433)
2026-08-03T23:53:47.4641060Z Updating files:  89% (2166/2433)
2026-08-03T23:53:47.4691050Z Updating files:  90% (2190/2433)
2026-08-03T23:53:47.4741350Z Updating files:  91% (2215/2433)
2026-08-03T23:53:47.4777180Z Updating files:  92% (2239/2433)
2026-08-03T23:53:47.4805550Z Updating files:  93% (2263/2433)
2026-08-03T23:53:47.4854180Z Updating files:  94% (2288/2433)
2026-08-03T23:53:47.4907770Z Updating files:  95% (2312/2433)
2026-08-03T23:53:47.4979880Z Updating files:  96% (2336/2433)
2026-08-03T23:53:47.5022880Z Updating files:  97% (2361/2433)
2026-08-03T23:53:47.5171390Z Updating files:  98% (2385/2433)
2026-08-03T23:53:47.6190860Z Updating files:  99% (2409/2433)
2026-08-03T23:53:47.6191570Z Updating files: 100% (2433/2433)
2026-08-03T23:53:47.6192110Z Updating files: 100% (2433/2433), done.
2026-08-03T23:53:47.6261550Z Switched to a new branch 'main'
2026-08-03T23:53:47.6270430Z branch 'main' set up to track 'origin/main'.
2026-08-03T23:53:47.6341620Z ##[endgroup]
2026-08-03T23:53:47.6342080Z ##[group]Setting up auth for fetching submodules
2026-08-03T23:53:47.6346050Z [command]/opt/homebrew/bin/git config --global http.https://github.com/.extraheader AUTHORIZATION: basic ***
2026-08-03T23:53:47.6467030Z [command]/opt/homebrew/bin/git config --global --unset-all url.https://github.com/.insteadOf
2026-08-03T23:53:47.6535580Z [command]/opt/homebrew/bin/git config --global --add url.https://github.com/.insteadOf git@github.com:
2026-08-03T23:53:47.6737390Z [command]/opt/homebrew/bin/git config --global --add url.https://github.com/.insteadOf org-207118432@github.com:
2026-08-03T23:53:47.6829290Z ##[endgroup]
2026-08-03T23:53:47.6830190Z ##[group]Fetching submodules
2026-08-03T23:53:47.6833540Z [command]/opt/homebrew/bin/git submodule sync --recursive
2026-08-03T23:53:47.8032400Z [command]/opt/homebrew/bin/git -c protocol.version=2 submodule update --init --force --depth=1 --recursive
2026-08-03T23:53:47.9279420Z Submodule '3rdparty/LibAtrac9' (https://github.com/shadps4-emu/ext-LibAtrac9.git) registered for path '3rdparty/LibAtrac9'
2026-08-03T23:53:47.9281490Z Submodule '3rdparty/SDL2' (https://github.com/libsdl-org/SDL.git) registered for path '3rdparty/SDL2'
2026-08-03T23:53:47.9297930Z Submodule '3rdparty/SPIRV-Headers' (https://github.com/KhronosGroup/SPIRV-Headers.git) registered for path '3rdparty/SPIRV-Headers'
2026-08-03T23:53:47.9306790Z Submodule '3rdparty/SPIRV-Tools' (https://github.com/KhronosGroup/SPIRV-Tools.git) registered for path '3rdparty/SPIRV-Tools'
2026-08-03T23:53:47.9320230Z Submodule '3rdparty/Vulkan-Headers' (https://github.com/KhronosGroup/Vulkan-Headers.git) registered for path '3rdparty/Vulkan-Headers'
2026-08-03T23:53:47.9322010Z Submodule '3rdparty/VulkanMemoryAllocator' (https://github.com/GPUOpen-LibrariesAndSDKs/VulkanMemoryAllocator.git) registered for path '3rdparty/VulkanMemoryAllocator'
2026-08-03T23:53:47.9336430Z Submodule '3rdparty/ffmpeg-core' (https://github.com/shadps4-emu/ext-ffmpeg-core.git) registered for path '3rdparty/ffmpeg-core'
2026-08-03T23:53:47.9350690Z Submodule '3rdparty/fmt' (https://github.com/fmtlib/fmt.git) registered for path '3rdparty/fmt'
2026-08-03T23:53:47.9355380Z Submodule '3rdparty/magic_enum' (https://github.com/Neargye/magic_enum.git) registered for path '3rdparty/magic_enum'
2026-08-03T23:53:47.9360160Z Submodule '3rdparty/nlohmann_json' (https://github.com/nlohmann/json.git) registered for path '3rdparty/nlohmann_json'
2026-08-03T23:53:47.9369220Z Submodule '3rdparty/spdlog' (https://github.com/gabime/spdlog.git) registered for path '3rdparty/spdlog'
2026-08-03T23:53:47.9387880Z Submodule '3rdparty/tracy' (https://github.com/wolfpld/tracy.git) registered for path '3rdparty/tracy'
2026-08-03T23:53:47.9392090Z Submodule '3rdparty/xxHash' (https://github.com/Cyan4973/xxHash.git) registered for path '3rdparty/xxHash'
2026-08-03T23:53:47.9547690Z Cloning into '/Users/runner/work/KytyPlus/KytyPlus/3rdparty/LibAtrac9'...
2026-08-03T23:53:48.5765730Z Cloning into '/Users/runner/work/KytyPlus/KytyPlus/3rdparty/SDL2'...
2026-08-03T23:53:50.8148710Z Cloning into '/Users/runner/work/KytyPlus/KytyPlus/3rdparty/SPIRV-Headers'...
2026-08-03T23:53:51.4862400Z Cloning into '/Users/runner/work/KytyPlus/KytyPlus/3rdparty/SPIRV-Tools'...
2026-08-03T23:53:53.1809440Z Cloning into '/Users/runner/work/KytyPlus/KytyPlus/3rdparty/Vulkan-Headers'...
2026-08-03T23:53:53.9119030Z Cloning into '/Users/runner/work/KytyPlus/KytyPlus/3rdparty/VulkanMemoryAllocator'...
2026-08-03T23:53:54.6883190Z Cloning into '/Users/runner/work/KytyPlus/KytyPlus/3rdparty/ffmpeg-core'...
2026-08-03T23:53:55.5205210Z Cloning into '/Users/runner/work/KytyPlus/KytyPlus/3rdparty/fmt'...
2026-08-03T23:53:56.1202060Z Cloning into '/Users/runner/work/KytyPlus/KytyPlus/3rdparty/magic_enum'...
2026-08-03T23:53:56.6742370Z Cloning into '/Users/runner/work/KytyPlus/KytyPlus/3rdparty/nlohmann_json'...
2026-08-03T23:53:57.4983080Z Cloning into '/Users/runner/work/KytyPlus/KytyPlus/3rdparty/spdlog'...
2026-08-03T23:53:58.2471300Z Cloning into '/Users/runner/work/KytyPlus/KytyPlus/3rdparty/tracy'...
2026-08-03T23:53:59.0426650Z Cloning into '/Users/runner/work/KytyPlus/KytyPlus/3rdparty/xxHash'...
2026-08-03T23:54:00.9858150Z From https://github.com/shadps4-emu/ext-LibAtrac9
2026-08-03T23:54:00.9858830Z  * branch            ec8899dadf393f655f2871a94e0fe4b3d6220c9a -> FETCH_HEAD
2026-08-03T23:54:01.0069750Z Submodule path '3rdparty/LibAtrac9': checked out 'ec8899dadf393f655f2871a94e0fe4b3d6220c9a'
2026-08-03T23:54:03.6598100Z From https://github.com/libsdl-org/SDL
2026-08-03T23:54:03.6599220Z  * branch            4b69833bc54abf3dd3288d4aa7afbba527775e5b -> FETCH_HEAD
2026-08-03T23:54:04.3647340Z Submodule path '3rdparty/SDL2': checked out '4b69833bc54abf3dd3288d4aa7afbba527775e5b'
2026-08-03T23:54:06.0535480Z From https://github.com/KhronosGroup/SPIRV-Headers
2026-08-03T23:54:06.0542250Z  * branch            01e0577914a75a2569c846778c2f93aa8e6feddd -> FETCH_HEAD
2026-08-03T23:54:06.1274760Z Submodule path '3rdparty/SPIRV-Headers': checked out '01e0577914a75a2569c846778c2f93aa8e6feddd'
2026-08-03T23:54:07.9201880Z From https://github.com/KhronosGroup/SPIRV-Tools
2026-08-03T23:54:07.9202960Z  * branch            7f2d9ee926f98fc77a3ed1e1e0f113b8c9c49458 -> FETCH_HEAD
2026-08-03T23:54:08.2040310Z Submodule path '3rdparty/SPIRV-Tools': checked out '7f2d9ee926f98fc77a3ed1e1e0f113b8c9c49458'
2026-08-03T23:54:11.0527500Z From https://github.com/KhronosGroup/Vulkan-Headers
2026-08-03T23:54:11.0528110Z  * branch            2fa203425eb4af9dfc6b03f97ef72b0b5bcb8350 -> FETCH_HEAD
2026-08-03T23:54:11.1251550Z Submodule path '3rdparty/Vulkan-Headers': checked out '2fa203425eb4af9dfc6b03f97ef72b0b5bcb8350'
2026-08-03T23:54:12.4163370Z From https://github.com/GPUOpen-LibrariesAndSDKs/VulkanMemoryAllocator
2026-08-03T23:54:12.4164060Z  * branch            a1d434708c217b2a6c7b365f1fe41fa03a562e59 -> FETCH_HEAD
2026-08-03T23:54:12.4871600Z Submodule path '3rdparty/VulkanMemoryAllocator': checked out 'a1d434708c217b2a6c7b365f1fe41fa03a562e59'
2026-08-03T23:54:12.6485900Z Submodule path '3rdparty/ffmpeg-core': checked out '94dde08c8a9e4271a93a2a7e4159e9fb05d30c0a'
2026-08-03T23:54:13.8452430Z From https://github.com/fmtlib/fmt
2026-08-03T23:54:13.8453690Z  * branch            11ddbcb7898d2d3445d431a54814367b21dee6ad -> FETCH_HEAD
2026-08-03T23:54:13.9035260Z Submodule path '3rdparty/fmt': checked out '11ddbcb7898d2d3445d431a54814367b21dee6ad'
2026-08-03T23:54:15.2104840Z From https://github.com/Neargye/magic_enum
2026-08-03T23:54:15.2106140Z  * branch            1384769c66bd16ec9bb1353f45fe8ec8ccc12dbd -> FETCH_HEAD
2026-08-03T23:54:15.2509690Z Submodule path '3rdparty/magic_enum': checked out '1384769c66bd16ec9bb1353f45fe8ec8ccc12dbd'
2026-08-03T23:54:16.5551150Z From https://github.com/nlohmann/json
2026-08-03T23:54:16.5552370Z  * branch            272411c5e6ea45919af7673524e74e60c62116df -> FETCH_HEAD
2026-08-03T23:54:16.8736490Z Submodule path '3rdparty/nlohmann_json': checked out '272411c5e6ea45919af7673524e74e60c62116df'
2026-08-03T23:54:18.2508360Z From https://github.com/gabime/spdlog
2026-08-03T23:54:18.2509390Z  * branch            8671ca4d492c8ee1cdfd3dd88afb9f88dd268178 -> FETCH_HEAD
2026-08-03T23:54:18.3036470Z Submodule path '3rdparty/spdlog': checked out '8671ca4d492c8ee1cdfd3dd88afb9f88dd268178'
2026-08-03T23:54:19.6908700Z From https://github.com/wolfpld/tracy
2026-08-03T23:54:19.6909140Z  * branch            00c079cec91e6a374519aa5719a073e7f4539c9d -> FETCH_HEAD
2026-08-03T23:54:19.8365310Z Submodule path '3rdparty/tracy': checked out '00c079cec91e6a374519aa5719a073e7f4539c9d'
2026-08-03T23:54:20.9697440Z From https://github.com/Cyan4973/xxHash
2026-08-03T23:54:20.9705250Z  * branch            e573d4d2aaeaba0f3e5a0a9a54144a1f2b4b56e7 -> FETCH_HEAD
2026-08-03T23:54:21.0179200Z Submodule path '3rdparty/xxHash': checked out 'e573d4d2aaeaba0f3e5a0a9a54144a1f2b4b56e7'
2026-08-03T23:54:21.0283260Z [command]/opt/homebrew/bin/git submodule foreach --recursive git config --local gc.auto 0
2026-08-03T23:54:21.1169520Z Entering '3rdparty/LibAtrac9'
2026-08-03T23:54:21.1342990Z Entering '3rdparty/SDL2'
2026-08-03T23:54:21.1544670Z Entering '3rdparty/SPIRV-Headers'
2026-08-03T23:54:21.1675950Z Entering '3rdparty/SPIRV-Tools'
2026-08-03T23:54:21.1825030Z Entering '3rdparty/Vulkan-Headers'
2026-08-03T23:54:21.1962700Z Entering '3rdparty/VulkanMemoryAllocator'
2026-08-03T23:54:21.2113720Z Entering '3rdparty/ffmpeg-core'
2026-08-03T23:54:21.2275390Z Entering '3rdparty/fmt'
2026-08-03T23:54:21.2448930Z Entering '3rdparty/magic_enum'
2026-08-03T23:54:21.2621570Z Entering '3rdparty/nlohmann_json'
2026-08-03T23:54:21.2812980Z Entering '3rdparty/spdlog'
2026-08-03T23:54:21.2974650Z Entering '3rdparty/tracy'
2026-08-03T23:54:21.3176340Z Entering '3rdparty/xxHash'
2026-08-03T23:54:21.3370650Z ##[endgroup]
2026-08-03T23:54:21.3372540Z ##[group]Persisting credentials for submodules
2026-08-03T23:54:21.3379660Z [command]/opt/homebrew/bin/git submodule foreach --recursive sh -c "git config --local --name-only --get-regexp 'url\.https\:\/\/github\.com\/\.insteadOf' && git config --local --unset-all 'url.https://github.com/.insteadOf' || :"
2026-08-03T23:54:21.4062120Z Entering '3rdparty/LibAtrac9'
2026-08-03T23:54:21.4238430Z Entering '3rdparty/SDL2'
2026-08-03T23:54:21.4465190Z Entering '3rdparty/SPIRV-Headers'
2026-08-03T23:54:21.4741330Z Entering '3rdparty/SPIRV-Tools'
2026-08-03T23:54:21.4966120Z Entering '3rdparty/Vulkan-Headers'
2026-08-03T23:54:21.5211580Z Entering '3rdparty/VulkanMemoryAllocator'
2026-08-03T23:54:21.5455680Z Entering '3rdparty/ffmpeg-core'
2026-08-03T23:54:21.5682440Z Entering '3rdparty/fmt'
2026-08-03T23:54:21.5941180Z Entering '3rdparty/magic_enum'
2026-08-03T23:54:21.6176160Z Entering '3rdparty/nlohmann_json'
2026-08-03T23:54:21.6406000Z Entering '3rdparty/spdlog'
2026-08-03T23:54:21.6601700Z Entering '3rdparty/tracy'
2026-08-03T23:54:21.6792310Z Entering '3rdparty/xxHash'
2026-08-03T23:54:21.7039110Z [command]/opt/homebrew/bin/git submodule foreach --recursive sh -c "git config --local 'http.https://github.com/.extraheader' 'AUTHORIZATION: basic ***' && git config --local --show-origin --name-only --get-regexp remote.origin.url"
2026-08-03T23:54:21.7971120Z Entering '3rdparty/LibAtrac9'
2026-08-03T23:54:21.8399760Z file:/Users/runner/work/KytyPlus/KytyPlus/.git/modules/3rdparty/LibAtrac9/config	remote.origin.url
2026-08-03T23:54:21.8489400Z Entering '3rdparty/SDL2'
2026-08-03T23:54:21.8727430Z file:/Users/runner/work/KytyPlus/KytyPlus/.git/modules/3rdparty/SDL2/config	remote.origin.url
2026-08-03T23:54:21.8796960Z Entering '3rdparty/SPIRV-Headers'
2026-08-03T23:54:21.9010960Z file:/Users/runner/work/KytyPlus/KytyPlus/.git/modules/3rdparty/SPIRV-Headers/config	remote.origin.url
2026-08-03T23:54:21.9083250Z Entering '3rdparty/SPIRV-Tools'
2026-08-03T23:54:21.9289290Z file:/Users/runner/work/KytyPlus/KytyPlus/.git/modules/3rdparty/SPIRV-Tools/config	remote.origin.url
2026-08-03T23:54:21.9359080Z Entering '3rdparty/Vulkan-Headers'
2026-08-03T23:54:21.9551700Z file:/Users/runner/work/KytyPlus/KytyPlus/.git/modules/3rdparty/Vulkan-Headers/config	remote.origin.url
2026-08-03T23:54:21.9648390Z Entering '3rdparty/VulkanMemoryAllocator'
2026-08-03T23:54:21.9899900Z file:/Users/runner/work/KytyPlus/KytyPlus/.git/modules/3rdparty/VulkanMemoryAllocator/config	remote.origin.url
2026-08-03T23:54:21.9973390Z Entering '3rdparty/ffmpeg-core'
2026-08-03T23:54:22.0204560Z file:/Users/runner/work/KytyPlus/KytyPlus/.git/modules/3rdparty/ffmpeg-core/config	remote.origin.url
2026-08-03T23:54:22.0271750Z Entering '3rdparty/fmt'
2026-08-03T23:54:22.0569370Z file:/Users/runner/work/KytyPlus/KytyPlus/.git/modules/3rdparty/fmt/config	remote.origin.url
2026-08-03T23:54:22.0645740Z Entering '3rdparty/magic_enum'
2026-08-03T23:54:22.0917770Z file:/Users/runner/work/KytyPlus/KytyPlus/.git/modules/3rdparty/magic_enum/config	remote.origin.url
2026-08-03T23:54:22.0989300Z Entering '3rdparty/nlohmann_json'
2026-08-03T23:54:22.1260210Z file:/Users/runner/work/KytyPlus/KytyPlus/.git/modules/3rdparty/nlohmann_json/config	remote.origin.url
2026-08-03T23:54:22.1343990Z Entering '3rdparty/spdlog'
2026-08-03T23:54:22.1596700Z file:/Users/runner/work/KytyPlus/KytyPlus/.git/modules/3rdparty/spdlog/config	remote.origin.url
2026-08-03T23:54:22.1677500Z Entering '3rdparty/tracy'
2026-08-03T23:54:22.1983850Z file:/Users/runner/work/KytyPlus/KytyPlus/.git/modules/3rdparty/tracy/config	remote.origin.url
2026-08-03T23:54:22.2057500Z Entering '3rdparty/xxHash'
2026-08-03T23:54:22.2293160Z file:/Users/runner/work/KytyPlus/KytyPlus/.git/modules/3rdparty/xxHash/config	remote.origin.url
2026-08-03T23:54:22.2493020Z [command]/opt/homebrew/bin/git submodule foreach --recursive git config --local --add 'url.https://github.com/.insteadOf' 'git@github.com:'
2026-08-03T23:54:22.4542070Z Entering '3rdparty/LibAtrac9'
2026-08-03T23:54:22.4845090Z Entering '3rdparty/SDL2'
2026-08-03T23:54:22.5084970Z Entering '3rdparty/SPIRV-Headers'
2026-08-03T23:54:22.5302440Z Entering '3rdparty/SPIRV-Tools'
2026-08-03T23:54:22.5535110Z Entering '3rdparty/Vulkan-Headers'
2026-08-03T23:54:22.5731440Z Entering '3rdparty/VulkanMemoryAllocator'
2026-08-03T23:54:22.5935950Z Entering '3rdparty/ffmpeg-core'
2026-08-03T23:54:22.6147460Z Entering '3rdparty/fmt'
2026-08-03T23:54:22.6380470Z Entering '3rdparty/magic_enum'
2026-08-03T23:54:22.6578440Z Entering '3rdparty/nlohmann_json'
2026-08-03T23:54:22.6760980Z Entering '3rdparty/spdlog'
2026-08-03T23:54:22.6911300Z Entering '3rdparty/tracy'
2026-08-03T23:54:22.7059970Z Entering '3rdparty/xxHash'
2026-08-03T23:54:22.7222650Z [command]/opt/homebrew/bin/git submodule foreach --recursive git config --local --add 'url.https://github.com/.insteadOf' 'org-207118432@github.com:'
2026-08-03T23:54:22.8203490Z Entering '3rdparty/LibAtrac9'
2026-08-03T23:54:22.8570590Z Entering '3rdparty/SDL2'
2026-08-03T23:54:22.8763820Z Entering '3rdparty/SPIRV-Headers'
2026-08-03T23:54:22.8961190Z Entering '3rdparty/SPIRV-Tools'
2026-08-03T23:54:22.9156030Z Entering '3rdparty/Vulkan-Headers'
2026-08-03T23:54:22.9363700Z Entering '3rdparty/VulkanMemoryAllocator'
2026-08-03T23:54:22.9573110Z Entering '3rdparty/ffmpeg-core'
2026-08-03T23:54:22.9784090Z Entering '3rdparty/fmt'
2026-08-03T23:54:22.9981840Z Entering '3rdparty/magic_enum'
2026-08-03T23:54:23.0164780Z Entering '3rdparty/nlohmann_json'
2026-08-03T23:54:23.0364170Z Entering '3rdparty/spdlog'
2026-08-03T23:54:23.0566490Z Entering '3rdparty/tracy'
2026-08-03T23:54:23.0770540Z Entering '3rdparty/xxHash'
2026-08-03T23:54:23.1050020Z ##[endgroup]
2026-08-03T23:54:23.1172800Z [command]/opt/homebrew/bin/git log -1 --format=%H
2026-08-03T23:54:23.1264650Z 28b4e127f016c980bf1f669cd8203d7a41c12ef1
2026-08-03T23:54:23.1554230Z ##[group]Run xcode_path="$(ls -d /Applications/Xcode_26*.app | tail -n 1)"
2026-08-03T23:54:23.1554760Z [36;1mxcode_path="$(ls -d /Applications/Xcode_26*.app | tail -n 1)"[0m
2026-08-03T23:54:23.1555090Z [36;1mtest -n "$xcode_path"[0m
2026-08-03T23:54:23.1555430Z [36;1msudo xcode-select --switch "$xcode_path/Contents/Developer"[0m
2026-08-03T23:54:23.1555760Z [36;1mxcodebuild -version[0m
2026-08-03T23:54:23.1600380Z shell: /bin/bash --noprofile --norc -e -o pipefail {0}
2026-08-03T23:54:23.1600670Z ##[endgroup]
2026-08-03T23:54:26.2278670Z Xcode 26.3
2026-08-03T23:54:26.2280890Z Build version 17C529
2026-08-03T23:54:26.2347400Z ##[group]Run brew install glslang ninja
2026-08-03T23:54:26.2347750Z [36;1mbrew install glslang ninja[0m
2026-08-03T23:54:26.2386050Z shell: /bin/bash --noprofile --norc -e -o pipefail {0}
2026-08-03T23:54:26.2386350Z env:
2026-08-03T23:54:26.2386520Z   HOMEBREW_NO_REQUIRE_TAP_TRUST: 1
2026-08-03T23:54:26.2386760Z ##[endgroup]
2026-08-03T23:54:29.4603680Z [33mWarning:[0m ninja 1.13.2 is already installed and up-to-date.
2026-08-03T23:54:29.4604160Z To reinstall 1.13.2, run:
2026-08-03T23:54:29.4604370Z   brew reinstall ninja
2026-08-03T23:54:30.1028240Z [34m==>[0m [1mWould install 1 formula:[0m
2026-08-03T23:54:30.1029000Z glslang
2026-08-03T23:54:30.1047050Z [34m==>[0m [1mDownloading https://ghcr.io/v2/homebrew/core/glslang/manifests/16.4.0[0m
2026-08-03T23:54:30.4591630Z [34m==>[0m [1mWould install 2 dependencies for glslang:[0m
2026-08-03T23:54:30.4591950Z spirv-headers
2026-08-03T23:54:30.4592110Z spirv-tools
2026-08-03T23:54:30.4593880Z [32m==>[0m [1mFetching downloads for: [32mglslang[39m[0m
2026-08-03T23:54:30.7115440Z ✔︎ Bottle Manifest spirv-headers (1.4.350.1)
2026-08-03T23:54:30.7367400Z ✔︎ Bottle Manifest spirv-tools (1.4.350.1)
2026-08-03T23:54:30.7729630Z ✔︎ Bottle spirv-headers (1.4.350.1)
2026-08-03T23:54:30.9270540Z ✔︎ Bottle glslang (16.4.0)
2026-08-03T23:54:30.9561460Z ✔︎ Bottle spirv-tools (1.4.350.1)
2026-08-03T23:54:30.9609410Z [32m==>[0m [1mInstalling dependencies for glslang:[0m [32mspirv-headers[39m and [32mspirv-tools[39m[0m
2026-08-03T23:54:30.9610760Z [32m==>[0m [1mInstalling glslang dependency: [32mspirv-headers[39m[0m
2026-08-03T23:54:30.9637350Z [34m==>[0m [1mPouring spirv-headers--1.4.350.1.all.bottle.tar.gz[0m
2026-08-03T23:54:32.5099020Z 🍺  /opt/homebrew/Cellar/spirv-headers/1.4.350.1: 93 files, 3.7MB
2026-08-03T23:54:32.5101710Z [32m==>[0m [1mInstalling glslang dependency: [32mspirv-tools[39m[0m
2026-08-03T23:54:32.5130680Z [34m==>[0m [1mPouring spirv-tools--1.4.350.1.arm64_sequoia.bottle.tar.gz[0m
2026-08-03T23:54:32.7701820Z 🍺  /opt/homebrew/Cellar/spirv-tools/1.4.350.1: 52 files, 10.2MB
2026-08-03T23:54:32.7760770Z [32m==>[0m [1mInstalling [32mglslang[39m[0m
2026-08-03T23:54:32.7780590Z [34m==>[0m [1mPouring glslang--16.4.0.arm64_sequoia.bottle.tar.gz[0m
2026-08-03T23:54:32.8512670Z 🍺  /opt/homebrew/Cellar/glslang/16.4.0: 36 files, 3.2MB
2026-08-03T23:54:32.8954190Z ##[group]Run jurplel/install-qt-action@v4.3.1
2026-08-03T23:54:32.8954550Z with:
2026-08-03T23:54:32.8954780Z   version: 6.10.3
2026-08-03T23:54:32.8955030Z   host: mac
2026-08-03T23:54:32.8955220Z   target: desktop
2026-08-03T23:54:32.8955500Z   arch: clang_64
2026-08-03T23:54:32.8955710Z   cache: true
2026-08-03T23:54:32.8955960Z   install-deps: true
2026-08-03T23:54:32.8956200Z   cache-key-prefix: install-qt-action
2026-08-03T23:54:32.8956510Z   setup-python: true
2026-08-03T23:54:32.8956690Z   add-tools-to-path: true
2026-08-03T23:54:32.8956870Z   set-env: true
2026-08-03T23:54:32.8957020Z   no-qt-binaries: false
2026-08-03T23:54:32.8957190Z   tools-only: false
2026-08-03T23:54:32.8957340Z   aqtversion: ==3.3.*
2026-08-03T23:54:32.8957510Z   py7zrversion: ==1.0.*
2026-08-03T23:54:32.8957680Z   source: false
2026-08-03T23:54:32.8957850Z   documentation: false
2026-08-03T23:54:32.8958050Z   examples: false
2026-08-03T23:54:32.8958210Z   use-official: false
2026-08-03T23:54:32.8958480Z ##[endgroup]
2026-08-03T23:54:32.9016030Z ##[start-action display=Setup Python;id=__jurplel_install-qt-action.__actions_setup-python]
2026-08-03T23:54:32.9088990Z ##[group]Run actions/setup-python@v6
2026-08-03T23:54:32.9089180Z with:
2026-08-03T23:54:32.9089320Z   python-version: >=3.9.0 <=3.13.3
2026-08-03T23:54:32.9089500Z   check-latest: false
2026-08-03T23:54:32.9091400Z   token: ***
2026-08-03T23:54:32.9091540Z   update-environment: true
2026-08-03T23:54:32.9091720Z   allow-prereleases: false
2026-08-03T23:54:32.9092100Z   freethreaded: false
2026-08-03T23:54:32.9092260Z ##[endgroup]
2026-08-03T23:54:33.1448540Z ##[group]Installed versions
2026-08-03T23:54:33.1562370Z Successfully set up CPython (3.12.10)
2026-08-03T23:54:33.1564690Z ##[endgroup]
2026-08-03T23:54:33.1623080Z ##[end-action id=__jurplel_install-qt-action.__actions_setup-python;outcome=success;conclusion=success;duration_ms=260]
2026-08-03T23:54:33.1626280Z ##[start-action display=Setup and run aqtinstall;id=__jurplel_install-qt-action.__jurplel_install-qt-action]
2026-08-03T23:54:33.1686920Z ##[group]Run jurplel/install-qt-action/action@v4
2026-08-03T23:54:33.1687200Z with:
2026-08-03T23:54:33.1687340Z   version: 6.10.3
2026-08-03T23:54:33.1688320Z   host: mac
2026-08-03T23:54:33.1688570Z   target: desktop
2026-08-03T23:54:33.1688740Z   arch: clang_64
2026-08-03T23:54:33.1688900Z   install-deps: true
2026-08-03T23:54:33.1689070Z   cache: true
2026-08-03T23:54:33.1689250Z   cache-key-prefix: install-qt-action
2026-08-03T23:54:33.1689960Z   add-tools-to-path: true
2026-08-03T23:54:33.1690140Z   set-env: true
2026-08-03T23:54:33.1690310Z   no-qt-binaries: false
2026-08-03T23:54:33.1690490Z   tools-only: false
2026-08-03T23:54:33.1690670Z   aqtversion: ==3.3.*
2026-08-03T23:54:33.1690840Z   py7zrversion: ==1.0.*
2026-08-03T23:54:33.1691070Z   source: false
2026-08-03T23:54:33.1691260Z   documentation: false
2026-08-03T23:54:33.1691470Z   examples: false
2026-08-03T23:54:33.1691620Z   use-official: false
2026-08-03T23:54:33.1691790Z env:
2026-08-03T23:54:33.1692030Z   pythonLocation: /Users/runner/hostedtoolcache/Python/3.12.10/arm64
2026-08-03T23:54:33.1692910Z   PKG_CONFIG_PATH: /Users/runner/hostedtoolcache/Python/3.12.10/arm64/lib/pkgconfig
2026-08-03T23:54:33.1693360Z   Python_ROOT_DIR: /Users/runner/hostedtoolcache/Python/3.12.10/arm64
2026-08-03T23:54:33.1693740Z   Python2_ROOT_DIR: /Users/runner/hostedtoolcache/Python/3.12.10/arm64
2026-08-03T23:54:33.1694170Z   Python3_ROOT_DIR: /Users/runner/hostedtoolcache/Python/3.12.10/arm64
2026-08-03T23:54:33.1694500Z ##[endgroup]
2026-08-03T23:54:33.8546460Z Cache hit for: install-qt-action-mac-24.6.0-desktop-clang_64-6.10.3-/Users/runner/work/KytyPlus/Qt-==1.0.*-==3.3.*
2026-08-03T23:54:35.1727430Z Received 0 of 310951271 (0.0%), 0.0 MBs/sec
2026-08-03T23:54:36.1777940Z Received 71303168 of 310951271 (22.9%), 34.0 MBs/sec
2026-08-03T23:54:37.1959520Z Received 134217728 of 310951271 (43.2%), 42.5 MBs/sec
2026-08-03T23:54:38.1895410Z Received 226492416 of 310951271 (72.8%), 53.8 MBs/sec
2026-08-03T23:54:39.2070770Z Received 268435456 of 310951271 (86.3%), 50.9 MBs/sec
2026-08-03T23:54:39.8788650Z Received 310951271 of 310951271 (100.0%), 52.0 MBs/sec
2026-08-03T23:54:39.8792720Z Cache Size: ~297 MB (310951271 B)
2026-08-03T23:54:39.8975170Z [command]/opt/homebrew/bin/gtar -xf /Users/runner/work/_temp/a211cdc9-b68e-490c-b02d-7c327d427e61/cache.tzst -P -C /Users/runner/work/KytyPlus/KytyPlus --delay-directory-restore --use-compress-program unzstd
2026-08-03T23:54:44.6234530Z Cache restored successfully
2026-08-03T23:54:44.6367170Z Automatic cache hit with key "install-qt-action-mac-24.6.0-desktop-clang_64-6.10.3-/Users/runner/work/KytyPlus/Qt-==1.0.*-==3.3.*"
2026-08-03T23:54:44.7122360Z ##[end-action id=__jurplel_install-qt-action.__jurplel_install-qt-action;outcome=success;conclusion=success;duration_ms=11542]
2026-08-03T23:54:44.7233680Z ##[group]Run git --version
2026-08-03T23:54:44.7234310Z [36;1mgit --version[0m
2026-08-03T23:54:44.7234730Z [36;1mcmake --version[0m
2026-08-03T23:54:44.7235860Z [36;1mninja --version[0m
2026-08-03T23:54:44.7236420Z [36;1mclang++ --version[0m
2026-08-03T23:54:44.7237650Z [36;1mglslangValidator --version[0m
2026-08-03T23:54:44.7238680Z [36;1mecho "Host architecture: $(uname -m)"[0m
2026-08-03T23:54:44.7239210Z [36;1mecho "QT_ROOT_DIR=$QT_ROOT_DIR"[0m
2026-08-03T23:54:44.7344570Z shell: /bin/bash --noprofile --norc -e -o pipefail {0}
2026-08-03T23:54:44.7345000Z env:
2026-08-03T23:54:44.7345380Z   pythonLocation: /Users/runner/hostedtoolcache/Python/3.12.10/arm64
2026-08-03T23:54:44.7346130Z   PKG_CONFIG_PATH: /Users/runner/hostedtoolcache/Python/3.12.10/arm64/lib/pkgconfig:/Users/runner/work/KytyPlus/Qt/6.10.3/macos/lib/pkgconfig
2026-08-03T23:54:44.7346860Z   Python_ROOT_DIR: /Users/runner/hostedtoolcache/Python/3.12.10/arm64
2026-08-03T23:54:44.7347600Z   Python2_ROOT_DIR: /Users/runner/hostedtoolcache/Python/3.12.10/arm64
2026-08-03T23:54:44.7348330Z   Python3_ROOT_DIR: /Users/runner/hostedtoolcache/Python/3.12.10/arm64
2026-08-03T23:54:44.7348840Z   QT_ROOT_DIR: /Users/runner/work/KytyPlus/Qt/6.10.3/macos
2026-08-03T23:54:44.7349440Z   QT_PLUGIN_PATH: /Users/runner/work/KytyPlus/Qt/6.10.3/macos/plugins
2026-08-03T23:54:44.7349890Z   QML2_IMPORT_PATH: /Users/runner/work/KytyPlus/Qt/6.10.3/macos/qml
2026-08-03T23:54:44.7350360Z ##[endgroup]
2026-08-03T23:54:44.8282120Z git version 2.55.0
2026-08-03T23:54:44.8774730Z cmake version 4.4.0
2026-08-03T23:54:44.8775310Z 
2026-08-03T23:54:44.8775840Z CMake suite maintained and supported by Kitware (kitware.com/cmake).
2026-08-03T23:54:44.8856750Z 1.13.2
2026-08-03T23:54:46.2451070Z Apple clang version 17.0.0 (clang-1700.6.4.2)
2026-08-03T23:54:46.2463430Z Target: arm64-apple-darwin24.6.0
2026-08-03T23:54:46.2464230Z Thread model: posix
2026-08-03T23:54:46.2466160Z InstalledDir: /Applications/Xcode_26.3.app/Contents/Developer/Toolchains/XcodeDefault.xctoolchain/usr/bin
2026-08-03T23:54:46.2785720Z Glslang Version: 11:16.4.0
2026-08-03T23:54:46.2787320Z ESSL Version: OpenGL ES GLSL 3.20 glslang Khronos. 16.4.0
2026-08-03T23:54:46.2788530Z GLSL Version: 4.60 glslang Khronos. 16.4.0
2026-08-03T23:54:46.2790080Z SPIR-V Version 0x00010600, Revision 1
2026-08-03T23:54:46.2791270Z GLSL.std.450 Version 100, Revision 1
2026-08-03T23:54:46.2792120Z Khronos Tool ID 8
2026-08-03T23:54:46.2793200Z SPIR-V Generator Version 11
2026-08-03T23:54:46.2794470Z GL_KHR_vulkan_glsl version 100
2026-08-03T23:54:46.2795260Z ARB_GL_gl_spirv version 100
2026-08-03T23:54:46.2843500Z Host architecture: arm64
2026-08-03T23:54:46.2844440Z QT_ROOT_DIR=/Users/runner/work/KytyPlus/Qt/6.10.3/macos
2026-08-03T23:54:46.2900470Z ##[group]Run cmake -S src -B _Build/macos \
2026-08-03T23:54:46.2900980Z [36;1mcmake -S src -B _Build/macos \[0m
2026-08-03T23:54:46.2901340Z [36;1m  -G Ninja \[0m
2026-08-03T23:54:46.2901670Z [36;1m  -DCMAKE_BUILD_TYPE=Release \[0m
2026-08-03T23:54:46.2902490Z [36;1m  -DCMAKE_OSX_ARCHITECTURES=x86_64 \[0m
2026-08-03T23:54:46.2902790Z [36;1m  -DCMAKE_C_COMPILER=clang \[0m
2026-08-03T23:54:46.2903180Z [36;1m  -DCMAKE_CXX_COMPILER=clang++ \[0m
2026-08-03T23:54:46.2903580Z [36;1m  -DCMAKE_PREFIX_PATH="$QT_ROOT_DIR"[0m
2026-08-03T23:54:46.2958950Z shell: /bin/bash --noprofile --norc -e -o pipefail {0}
2026-08-03T23:54:46.2959290Z env:
2026-08-03T23:54:46.2959640Z   pythonLocation: /Users/runner/hostedtoolcache/Python/3.12.10/arm64
2026-08-03T23:54:46.2960270Z   PKG_CONFIG_PATH: /Users/runner/hostedtoolcache/Python/3.12.10/arm64/lib/pkgconfig:/Users/runner/work/KytyPlus/Qt/6.10.3/macos/lib/pkgconfig
2026-08-03T23:54:46.2961070Z   Python_ROOT_DIR: /Users/runner/hostedtoolcache/Python/3.12.10/arm64
2026-08-03T23:54:46.2962440Z   Python2_ROOT_DIR: /Users/runner/hostedtoolcache/Python/3.12.10/arm64
2026-08-03T23:54:46.2962990Z   Python3_ROOT_DIR: /Users/runner/hostedtoolcache/Python/3.12.10/arm64
2026-08-03T23:54:46.2963420Z   QT_ROOT_DIR: /Users/runner/work/KytyPlus/Qt/6.10.3/macos
2026-08-03T23:54:46.2963910Z   QT_PLUGIN_PATH: /Users/runner/work/KytyPlus/Qt/6.10.3/macos/plugins
2026-08-03T23:54:46.2965330Z   QML2_IMPORT_PATH: /Users/runner/work/KytyPlus/Qt/6.10.3/macos/qml
2026-08-03T23:54:46.2966350Z ##[endgroup]
2026-08-03T23:54:46.9036970Z -- The C compiler identification is AppleClang 17.0.0.17000604
2026-08-03T23:54:47.6927160Z -- The CXX compiler identification is AppleClang 17.0.0.17000604
2026-08-03T23:54:47.7492850Z -- Detecting C compiler ABI info
2026-08-03T23:54:47.9176350Z -- Detecting C compiler ABI info - done
2026-08-03T23:54:47.9344120Z -- Check for working C compiler: /usr/bin/clang - skipped
2026-08-03T23:54:47.9363020Z -- Detecting C compile features
2026-08-03T23:54:47.9438140Z -- Detecting C compile features - done
2026-08-03T23:54:47.9513430Z -- Detecting CXX compiler ABI info
2026-08-03T23:54:48.1072590Z -- Detecting CXX compiler ABI info - done
2026-08-03T23:54:48.1240490Z -- Check for working CXX compiler: /usr/bin/clang++ - skipped
2026-08-03T23:54:48.1242970Z -- Detecting CXX compile features
2026-08-03T23:54:48.1247320Z -- Detecting CXX compile features - done
2026-08-03T23:54:48.1754180Z -- Found Git: /opt/homebrew/bin/git (found version "2.55.0")
2026-08-03T23:54:48.2268350Z -- Found PkgConfig: /opt/homebrew/bin/pkg-config (found version "3.0.4")
2026-08-03T23:54:48.2286700Z -- Looking for a OBJC compiler
2026-08-03T23:54:48.7407150Z -- Looking for a OBJC compiler - /usr/bin/clang
2026-08-03T23:54:48.7508220Z -- Looking for __GLIBC__
2026-08-03T23:54:48.9898750Z -- Looking for __GLIBC__ - not found
2026-08-03T23:54:48.9911080Z -- Performing Test CHECK_CPU_ARCHITECTURE_X86
2026-08-03T23:54:49.1291190Z -- Performing Test CHECK_CPU_ARCHITECTURE_X86 - Failed
2026-08-03T23:54:49.1292220Z -- Performing Test CHECK_CPU_ARCHITECTURE_X64
2026-08-03T23:54:49.3517220Z -- Performing Test CHECK_CPU_ARCHITECTURE_X64 - Success
2026-08-03T23:54:49.3518170Z -- Performing Test CHECK_CPU_ARCHITECTURE_ARM32
2026-08-03T23:54:49.5002390Z -- Performing Test CHECK_CPU_ARCHITECTURE_ARM32 - Failed
2026-08-03T23:54:49.5003360Z -- Performing Test CHECK_CPU_ARCHITECTURE_ARM64
2026-08-03T23:54:49.5971880Z -- Performing Test CHECK_CPU_ARCHITECTURE_ARM64 - Failed
2026-08-03T23:54:49.5974160Z -- Performing Test CHECK_CPU_ARCHITECTURE_ARM64EC
2026-08-03T23:54:49.7193450Z -- Performing Test CHECK_CPU_ARCHITECTURE_ARM64EC - Failed
2026-08-03T23:54:49.7194280Z -- Performing Test CHECK_CPU_ARCHITECTURE_LOONGARCH64
2026-08-03T23:54:49.8443620Z -- Performing Test CHECK_CPU_ARCHITECTURE_LOONGARCH64 - Failed
2026-08-03T23:54:49.8529910Z -- Performing Test HAVE_GCC_WALL
2026-08-03T23:54:50.0109880Z -- Performing Test HAVE_GCC_WALL - Success
2026-08-03T23:54:50.0114750Z -- Performing Test HAVE_GCC_WUNDEF
2026-08-03T23:54:50.2109270Z -- Performing Test HAVE_GCC_WUNDEF - Success
2026-08-03T23:54:50.2115500Z -- Performing Test HAVE_GCC_NO_STRICT_ALIASING
2026-08-03T23:54:50.3671710Z -- Performing Test HAVE_GCC_NO_STRICT_ALIASING - Success
2026-08-03T23:54:50.3675000Z -- Performing Test HAVE_GCC_WDOCUMENTATION
2026-08-03T23:54:50.5500540Z -- Performing Test HAVE_GCC_WDOCUMENTATION - Success
2026-08-03T23:54:50.5505070Z -- Performing Test HAVE_GCC_WDOCUMENTATION_UNKNOWN_COMMAND
2026-08-03T23:54:50.7390840Z -- Performing Test HAVE_GCC_WDOCUMENTATION_UNKNOWN_COMMAND - Success
2026-08-03T23:54:50.7395490Z -- Performing Test HAVE_GCC_COMMENT_BLOCK_COMMANDS
2026-08-03T23:54:50.9400110Z -- Performing Test HAVE_GCC_COMMENT_BLOCK_COMMANDS - Success
2026-08-03T23:54:50.9407580Z -- Performing Test HAVE_GCC_WDECLARATION_AFTER_STATEMENT
2026-08-03T23:54:51.1443770Z -- Performing Test HAVE_GCC_WDECLARATION_AFTER_STATEMENT - Success
2026-08-03T23:54:51.1445500Z -- Performing Test HAVE_GCC_ATOMICS
2026-08-03T23:54:51.3237550Z -- Performing Test HAVE_GCC_ATOMICS - Success
2026-08-03T23:54:51.3238020Z -- Performing Test HAVE_GCC_FVISIBILITY
2026-08-03T23:54:51.5164980Z -- Performing Test HAVE_GCC_FVISIBILITY - Success
2026-08-03T23:54:51.5168110Z -- Performing Test HAVE_GCC_WSHADOW
2026-08-03T23:54:51.6937340Z -- Performing Test HAVE_GCC_WSHADOW - Success
2026-08-03T23:54:51.6941750Z -- Performing Test HAVE_GCC_WUNUSED_LOCAL_TYPEDEFS
2026-08-03T23:54:51.8768240Z -- Performing Test HAVE_GCC_WUNUSED_LOCAL_TYPEDEFS - Success
2026-08-03T23:54:51.8772440Z -- Performing Test HAVE_WNO_ERROR_DEPRECATED_DECLARATIONS
2026-08-03T23:54:52.0547730Z -- Performing Test HAVE_WNO_ERROR_DEPRECATED_DECLARATIONS - Success
2026-08-03T23:54:52.0548630Z -- Performing Test HAVE_MMX
2026-08-03T23:54:52.2469870Z -- Performing Test HAVE_MMX - Success
2026-08-03T23:54:52.2470210Z -- Performing Test HAVE_SSE
2026-08-03T23:54:52.4904670Z -- Performing Test HAVE_SSE - Success
2026-08-03T23:54:52.4910610Z -- Performing Test CPU_SUPPORTS_SSE2
2026-08-03T23:54:52.6929870Z -- Performing Test CPU_SUPPORTS_SSE2 - Success
2026-08-03T23:54:52.6972510Z -- Performing Test CPU_SUPPORTS_SSE3
2026-08-03T23:54:52.9233430Z -- Performing Test CPU_SUPPORTS_SSE3 - Success
2026-08-03T23:54:52.9253000Z -- Looking for immintrin.h
2026-08-03T23:54:53.2673730Z -- Looking for immintrin.h - found
2026-08-03T23:54:53.2674910Z -- Performing Test HAVE_ALTIVEC_H_HDR
2026-08-03T23:54:53.3969940Z -- Performing Test HAVE_ALTIVEC_H_HDR - Failed
2026-08-03T23:54:53.3970680Z -- Performing Test CPU_SUPPORTS_ALTIVEC
2026-08-03T23:54:53.5214890Z -- Performing Test CPU_SUPPORTS_ALTIVEC - Failed
2026-08-03T23:54:53.5320980Z -- Looking for ctype.h
2026-08-03T23:54:53.7317650Z -- Looking for ctype.h - found
2026-08-03T23:54:53.7318210Z -- Looking for float.h
2026-08-03T23:54:53.9022550Z -- Looking for float.h - found
2026-08-03T23:54:53.9030260Z -- Looking for iconv.h
2026-08-03T23:54:54.1537130Z -- Looking for iconv.h - found
2026-08-03T23:54:54.1537750Z -- Looking for inttypes.h
2026-08-03T23:54:54.3563260Z -- Looking for inttypes.h - found
2026-08-03T23:54:54.3563680Z -- Looking for limits.h
2026-08-03T23:54:54.5545490Z -- Looking for limits.h - found
2026-08-03T23:54:54.5546280Z -- Looking for malloc.h
2026-08-03T23:54:54.6848100Z -- Looking for malloc.h - not found
2026-08-03T23:54:54.6848680Z -- Looking for math.h
2026-08-03T23:54:54.8539500Z -- Looking for math.h - found
2026-08-03T23:54:54.8541820Z -- Looking for memory.h
2026-08-03T23:54:55.0511590Z -- Looking for memory.h - found
2026-08-03T23:54:55.0512260Z -- Looking for signal.h
2026-08-03T23:54:55.2528010Z -- Looking for signal.h - found
2026-08-03T23:54:55.2528490Z -- Looking for stdarg.h
2026-08-03T23:54:55.4303150Z -- Looking for stdarg.h - found
2026-08-03T23:54:55.4303580Z -- Looking for stddef.h
2026-08-03T23:54:55.6314360Z -- Looking for stddef.h - found
2026-08-03T23:54:55.6314890Z -- Looking for stdint.h
2026-08-03T23:54:55.8069170Z -- Looking for stdint.h - found
2026-08-03T23:54:55.8069810Z -- Looking for stdio.h
2026-08-03T23:54:56.0139700Z -- Looking for stdio.h - found
2026-08-03T23:54:56.0140480Z -- Looking for stdlib.h
2026-08-03T23:54:56.2276060Z -- Looking for stdlib.h - found
2026-08-03T23:54:56.2277820Z -- Looking for string.h
2026-08-03T23:54:56.4238520Z -- Looking for string.h - found
2026-08-03T23:54:56.4239900Z -- Looking for strings.h
2026-08-03T23:54:56.5931820Z -- Looking for strings.h - found
2026-08-03T23:54:56.5932590Z -- Looking for sys/types.h
2026-08-03T23:54:56.7655960Z -- Looking for sys/types.h - found
2026-08-03T23:54:56.7658350Z -- Looking for wchar.h
2026-08-03T23:54:56.9726860Z -- Looking for wchar.h - found
2026-08-03T23:54:56.9730900Z -- Looking for 7 include files stddef.h, ..., float.h
2026-08-03T23:54:57.1737120Z -- Looking for 7 include files stddef.h, ..., float.h - found
2026-08-03T23:54:57.1739160Z -- Looking for M_PI
2026-08-03T23:54:57.3465500Z -- Looking for M_PI - found
2026-08-03T23:54:57.3466150Z -- Performing Test HAVE_MPROTECT
2026-08-03T23:54:57.5243130Z -- Performing Test HAVE_MPROTECT - Success
2026-08-03T23:54:57.5243550Z -- Looking for strtod
2026-08-03T23:54:57.7026680Z -- Looking for strtod - found
2026-08-03T23:54:57.7032840Z -- Looking for malloc
2026-08-03T23:54:57.9072470Z -- Looking for malloc - found
2026-08-03T23:54:57.9075480Z -- Looking for calloc
2026-08-03T23:54:58.0840160Z -- Looking for calloc - found
2026-08-03T23:54:58.0841260Z -- Looking for realloc
2026-08-03T23:54:58.2880930Z -- Looking for realloc - found
2026-08-03T23:54:58.2883520Z -- Looking for free
2026-08-03T23:54:58.4935160Z -- Looking for free - found
2026-08-03T23:54:58.4936500Z -- Looking for getenv
2026-08-03T23:54:58.6641080Z -- Looking for getenv - found
2026-08-03T23:54:58.6641940Z -- Looking for setenv
2026-08-03T23:54:58.8199730Z -- Looking for setenv - found
2026-08-03T23:54:58.8200680Z -- Looking for putenv
2026-08-03T23:54:59.0368360Z -- Looking for putenv - found
2026-08-03T23:54:59.0369300Z -- Looking for unsetenv
2026-08-03T23:54:59.2424040Z -- Looking for unsetenv - found
2026-08-03T23:54:59.2425820Z -- Looking for bsearch
2026-08-03T23:54:59.4760470Z -- Looking for bsearch - found
2026-08-03T23:54:59.4761830Z -- Looking for qsort
2026-08-03T23:54:59.7227490Z -- Looking for qsort - found
2026-08-03T23:54:59.7328970Z -- Looking for abs
2026-08-03T23:54:59.9333630Z -- Looking for abs - found
2026-08-03T23:54:59.9334140Z -- Looking for bcopy
2026-08-03T23:55:00.1781070Z -- Looking for bcopy - found
2026-08-03T23:55:00.1782000Z -- Looking for memset
2026-08-03T23:55:00.3954920Z -- Looking for memset - found
2026-08-03T23:55:00.3957470Z -- Looking for memcpy
2026-08-03T23:55:00.5753970Z -- Looking for memcpy - found
2026-08-03T23:55:00.5755240Z -- Looking for memmove
2026-08-03T23:55:00.7932140Z -- Looking for memmove - found
2026-08-03T23:55:00.7932830Z -- Looking for memcmp
2026-08-03T23:55:01.0172050Z -- Looking for memcmp - found
2026-08-03T23:55:01.0173320Z -- Looking for strlen
2026-08-03T23:55:01.2214730Z -- Looking for strlen - found
2026-08-03T23:55:01.2215490Z -- Looking for strlcpy
2026-08-03T23:55:01.4292340Z -- Looking for strlcpy - found
2026-08-03T23:55:01.4295570Z -- Looking for strlcat
2026-08-03T23:55:01.6013080Z -- Looking for strlcat - found
2026-08-03T23:55:01.6014300Z -- Looking for _strrev
2026-08-03T23:55:01.7541860Z -- Looking for _strrev - not found
2026-08-03T23:55:01.7542470Z -- Looking for _strupr
2026-08-03T23:55:01.8804250Z -- Looking for _strupr - not found
2026-08-03T23:55:01.8805200Z -- Looking for _strlwr
2026-08-03T23:55:02.0184160Z -- Looking for _strlwr - not found
2026-08-03T23:55:02.0184830Z -- Looking for index
2026-08-03T23:55:02.2044280Z -- Looking for index - found
2026-08-03T23:55:02.2045190Z -- Looking for rindex
2026-08-03T23:55:02.4151480Z -- Looking for rindex - found
2026-08-03T23:55:02.4152730Z -- Looking for strchr
2026-08-03T23:55:02.6409260Z -- Looking for strchr - found
2026-08-03T23:55:02.6409990Z -- Looking for strrchr
2026-08-03T23:55:02.8758430Z -- Looking for strrchr - found
2026-08-03T23:55:02.8759220Z -- Looking for strstr
2026-08-03T23:55:03.1323390Z -- Looking for strstr - found
2026-08-03T23:55:03.1324630Z -- Looking for strtok_r
2026-08-03T23:55:03.3369370Z -- Looking for strtok_r - found
2026-08-03T23:55:03.3374670Z -- Looking for itoa
2026-08-03T23:55:03.4841060Z -- Looking for itoa - not found
2026-08-03T23:55:03.4845200Z -- Looking for _ltoa
2026-08-03T23:55:03.6068510Z -- Looking for _ltoa - not found
2026-08-03T23:55:03.6070060Z -- Looking for _uitoa
2026-08-03T23:55:03.7178800Z -- Looking for _uitoa - not found
2026-08-03T23:55:03.7179960Z -- Looking for _ultoa
2026-08-03T23:55:03.8205910Z -- Looking for _ultoa - not found
2026-08-03T23:55:03.8207940Z -- Looking for strtol
2026-08-03T23:55:03.9844550Z -- Looking for strtol - found
2026-08-03T23:55:03.9857240Z -- Looking for strtoul
2026-08-03T23:55:04.1627480Z -- Looking for strtoul - found
2026-08-03T23:55:04.1636020Z -- Looking for _i64toa
2026-08-03T23:55:04.2868320Z -- Looking for _i64toa - not found
2026-08-03T23:55:04.2870150Z -- Looking for _ui64toa
2026-08-03T23:55:04.3939180Z -- Looking for _ui64toa - not found
2026-08-03T23:55:04.3940300Z -- Looking for strtoll
2026-08-03T23:55:04.5480270Z -- Looking for strtoll - found
2026-08-03T23:55:04.5487070Z -- Looking for strtoull
2026-08-03T23:55:04.7298510Z -- Looking for strtoull - found
2026-08-03T23:55:04.7302180Z -- Looking for atoi
2026-08-03T23:55:04.9026470Z -- Looking for atoi - found
2026-08-03T23:55:04.9027320Z -- Looking for atof
2026-08-03T23:55:05.0795260Z -- Looking for atof - found
2026-08-03T23:55:05.0796220Z -- Looking for strcmp
2026-08-03T23:55:05.2486070Z -- Looking for strcmp - found
2026-08-03T23:55:05.2486670Z -- Looking for strncmp
2026-08-03T23:55:05.4271450Z -- Looking for strncmp - found
2026-08-03T23:55:05.4271990Z -- Looking for _stricmp
2026-08-03T23:55:05.5392810Z -- Looking for _stricmp - not found
2026-08-03T23:55:05.5393630Z -- Looking for strcasecmp
2026-08-03T23:55:05.6994420Z -- Looking for strcasecmp - found
2026-08-03T23:55:05.6997470Z -- Looking for _strnicmp
2026-08-03T23:55:05.8379590Z -- Looking for _strnicmp - not found
2026-08-03T23:55:05.8383540Z -- Looking for strncasecmp
2026-08-03T23:55:05.9994230Z -- Looking for strncasecmp - found
2026-08-03T23:55:05.9994950Z -- Looking for strcasestr
2026-08-03T23:55:06.1810740Z -- Looking for strcasestr - found
2026-08-03T23:55:06.1811740Z -- Looking for wcscmp
2026-08-03T23:55:06.3635160Z -- Looking for wcscmp - found
2026-08-03T23:55:06.3653210Z -- Looking for _wcsdup
2026-08-03T23:55:06.5050540Z -- Looking for _wcsdup - not found
2026-08-03T23:55:06.5052480Z -- Looking for wcsdup
2026-08-03T23:55:06.6752090Z -- Looking for wcsdup - found
2026-08-03T23:55:06.6752620Z -- Looking for wcslcat
2026-08-03T23:55:06.8699300Z -- Looking for wcslcat - found
2026-08-03T23:55:06.8704960Z -- Looking for wcslcpy
2026-08-03T23:55:07.0903130Z -- Looking for wcslcpy - found
2026-08-03T23:55:07.0903880Z -- Looking for wcslen
2026-08-03T23:55:07.3175390Z -- Looking for wcslen - found
2026-08-03T23:55:07.3179080Z -- Looking for wcsncmp
2026-08-03T23:55:07.5136680Z -- Looking for wcsncmp - found
2026-08-03T23:55:07.5141070Z -- Looking for wcsstr
2026-08-03T23:55:07.7141270Z -- Looking for wcsstr - found
2026-08-03T23:55:07.7145750Z -- Looking for wcscasecmp
2026-08-03T23:55:07.9205210Z -- Looking for wcscasecmp - found
2026-08-03T23:55:07.9205990Z -- Looking for _wcsicmp
2026-08-03T23:55:08.0540320Z -- Looking for _wcsicmp - not found
2026-08-03T23:55:08.0541190Z -- Looking for wcsncasecmp
2026-08-03T23:55:08.2300840Z -- Looking for wcsncasecmp - found
2026-08-03T23:55:08.2301770Z -- Looking for _wcsnicmp
2026-08-03T23:55:08.3808160Z -- Looking for _wcsnicmp - not found
2026-08-03T23:55:08.3809000Z -- Looking for sscanf
2026-08-03T23:55:08.5774950Z -- Looking for sscanf - found
2026-08-03T23:55:08.5778700Z -- Looking for vsscanf
2026-08-03T23:55:08.8119110Z -- Looking for vsscanf - found
2026-08-03T23:55:08.8121570Z -- Looking for vsnprintf
2026-08-03T23:55:08.9982870Z -- Looking for vsnprintf - found
2026-08-03T23:55:08.9983770Z -- Looking for fopen64
2026-08-03T23:55:09.1257020Z -- Looking for fopen64 - not found
2026-08-03T23:55:09.1263220Z -- Looking for fseeko
2026-08-03T23:55:09.2835480Z -- Looking for fseeko - found
2026-08-03T23:55:09.2836280Z -- Looking for fseeko64
2026-08-03T23:55:09.4322420Z -- Looking for fseeko64 - not found
2026-08-03T23:55:09.4332410Z -- Looking for _Exit
2026-08-03T23:55:09.6039130Z -- Looking for _Exit - found
2026-08-03T23:55:09.6040230Z -- Looking for sigaction
2026-08-03T23:55:09.7981270Z -- Looking for sigaction - found
2026-08-03T23:55:09.7981950Z -- Looking for sigtimedwait
2026-08-03T23:55:09.9287570Z -- Looking for sigtimedwait - not found
2026-08-03T23:55:09.9290620Z -- Looking for setjmp
2026-08-03T23:55:10.1941550Z -- Looking for setjmp - found
2026-08-03T23:55:10.1943120Z -- Looking for nanosleep
2026-08-03T23:55:10.3866820Z -- Looking for nanosleep - found
2026-08-03T23:55:10.3870310Z -- Looking for sysconf
2026-08-03T23:55:10.6136170Z -- Looking for sysconf - found
2026-08-03T23:55:10.6157760Z -- Looking for sysctlbyname
2026-08-03T23:55:10.8428100Z -- Looking for sysctlbyname - found
2026-08-03T23:55:10.8429210Z -- Looking for getauxval
2026-08-03T23:55:10.9641970Z -- Looking for getauxval - not found
2026-08-03T23:55:10.9642700Z -- Looking for elf_aux_info
2026-08-03T23:55:11.0580000Z -- Looking for elf_aux_info - not found
2026-08-03T23:55:11.0581090Z -- Looking for poll
2026-08-03T23:55:11.2031540Z -- Looking for poll - found
2026-08-03T23:55:11.2032610Z -- Looking for memfd_create
2026-08-03T23:55:11.3214960Z -- Looking for memfd_create - not found
2026-08-03T23:55:11.3219420Z -- Looking for posix_fallocate
2026-08-03T23:55:11.4279600Z -- Looking for posix_fallocate - not found
2026-08-03T23:55:11.4280920Z -- Looking for pow in m
2026-08-03T23:55:11.5819180Z -- Looking for pow in m - found
2026-08-03T23:55:11.5822100Z -- Looking for atan
2026-08-03T23:55:11.7757770Z -- Looking for atan - found
2026-08-03T23:55:11.7758300Z -- Looking for atan2
2026-08-03T23:55:11.9689310Z -- Looking for atan2 - found
2026-08-03T23:55:11.9694310Z -- Looking for atanf
2026-08-03T23:55:12.1282450Z -- Looking for atanf - found
2026-08-03T23:55:12.1283390Z -- Looking for atan2f
2026-08-03T23:55:12.2892100Z -- Looking for atan2f - found
2026-08-03T23:55:12.2892960Z -- Looking for ceil
2026-08-03T23:55:12.4859410Z -- Looking for ceil - found
2026-08-03T23:55:12.4860550Z -- Looking for ceilf
2026-08-03T23:55:12.6920070Z -- Looking for ceilf - found
2026-08-03T23:55:12.6920850Z -- Looking for copysign
2026-08-03T23:55:12.8935250Z -- Looking for copysign - found
2026-08-03T23:55:12.8936740Z -- Looking for copysignf
2026-08-03T23:55:13.0927870Z -- Looking for copysignf - found
2026-08-03T23:55:13.0929250Z -- Looking for cos
2026-08-03T23:55:13.2747710Z -- Looking for cos - found
2026-08-03T23:55:13.2751380Z -- Looking for cosf
2026-08-03T23:55:13.4717660Z -- Looking for cosf - found
2026-08-03T23:55:13.4720400Z -- Looking for exp
2026-08-03T23:55:13.6792630Z -- Looking for exp - found
2026-08-03T23:55:13.6794910Z -- Looking for expf
2026-08-03T23:55:13.8718020Z -- Looking for expf - found
2026-08-03T23:55:13.8719460Z -- Looking for fabs
2026-08-03T23:55:14.0756510Z -- Looking for fabs - found
2026-08-03T23:55:14.0758840Z -- Looking for fabsf
2026-08-03T23:55:14.2683220Z -- Looking for fabsf - found
2026-08-03T23:55:14.2684940Z -- Looking for floor
2026-08-03T23:55:14.4629920Z -- Looking for floor - found
2026-08-03T23:55:14.4632550Z -- Looking for floorf
2026-08-03T23:55:14.6587420Z -- Looking for floorf - found
2026-08-03T23:55:14.6588550Z -- Looking for fmod
2026-08-03T23:55:14.8490530Z -- Looking for fmod - found
2026-08-03T23:55:14.8491510Z -- Looking for fmodf
2026-08-03T23:55:15.0330070Z -- Looking for fmodf - found
2026-08-03T23:55:15.0331790Z -- Looking for log
2026-08-03T23:55:15.2368930Z -- Looking for log - found
2026-08-03T23:55:15.2370050Z -- Looking for logf
2026-08-03T23:55:15.5681640Z -- Looking for logf - found
2026-08-03T23:55:15.5682870Z -- Looking for log10
2026-08-03T23:55:15.7393620Z -- Looking for log10 - found
2026-08-03T23:55:15.7401790Z -- Looking for log10f
2026-08-03T23:55:15.9546100Z -- Looking for log10f - found
2026-08-03T23:55:15.9547760Z -- Looking for lround
2026-08-03T23:55:16.1341850Z -- Looking for lround - found
2026-08-03T23:55:16.1346460Z -- Looking for lroundf
2026-08-03T23:55:16.3380740Z -- Looking for lroundf - found
2026-08-03T23:55:16.3381470Z -- Looking for pow
2026-08-03T23:55:16.5104080Z -- Looking for pow - found
2026-08-03T23:55:16.5116510Z -- Looking for powf
2026-08-03T23:55:16.7052270Z -- Looking for powf - found
2026-08-03T23:55:16.7060900Z -- Looking for round
2026-08-03T23:55:16.9279480Z -- Looking for round - found
2026-08-03T23:55:16.9281020Z -- Looking for roundf
2026-08-03T23:55:17.1425950Z -- Looking for roundf - found
2026-08-03T23:55:17.1428060Z -- Looking for scalbn
2026-08-03T23:55:17.3161870Z -- Looking for scalbn - found
2026-08-03T23:55:17.3164470Z -- Looking for scalbnf
2026-08-03T23:55:17.5277950Z -- Looking for scalbnf - found
2026-08-03T23:55:17.5278710Z -- Looking for sin
2026-08-03T23:55:17.7341460Z -- Looking for sin - found
2026-08-03T23:55:17.7342430Z -- Looking for sinf
2026-08-03T23:55:17.9158430Z -- Looking for sinf - found
2026-08-03T23:55:17.9159260Z -- Looking for sqrt
2026-08-03T23:55:18.0725020Z -- Looking for sqrt - found
2026-08-03T23:55:18.0726030Z -- Looking for sqrtf
2026-08-03T23:55:18.2875400Z -- Looking for sqrtf - found
2026-08-03T23:55:18.2876020Z -- Looking for tan
2026-08-03T23:55:18.4872620Z -- Looking for tan - found
2026-08-03T23:55:18.4873000Z -- Looking for tanf
2026-08-03T23:55:18.6517780Z -- Looking for tanf - found
2026-08-03T23:55:18.6518790Z -- Looking for acos
2026-08-03T23:55:18.8164760Z -- Looking for acos - found
2026-08-03T23:55:18.8165200Z -- Looking for acosf
2026-08-03T23:55:19.0251850Z -- Looking for acosf - found
2026-08-03T23:55:19.0253220Z -- Looking for asin
2026-08-03T23:55:19.2309240Z -- Looking for asin - found
2026-08-03T23:55:19.2310330Z -- Looking for asinf
2026-08-03T23:55:19.4046660Z -- Looking for asinf - found
2026-08-03T23:55:19.4048970Z -- Looking for trunc
2026-08-03T23:55:19.6132770Z -- Looking for trunc - found
2026-08-03T23:55:19.6133370Z -- Looking for truncf
2026-08-03T23:55:19.8116190Z -- Looking for truncf - found
2026-08-03T23:55:19.8183350Z -- Performing Test HAVE_SA_SIGACTION
2026-08-03T23:55:20.0170940Z -- Performing Test HAVE_SA_SIGACTION - Success
2026-08-03T23:55:20.0173900Z -- Looking for dlopen
2026-08-03T23:55:20.1907390Z -- Looking for dlopen - found
2026-08-03T23:55:20.1911940Z -- Performing Test HAVE_O_CLOEXEC
2026-08-03T23:55:20.3743580Z -- Performing Test HAVE_O_CLOEXEC - Success
2026-08-03T23:55:20.3758340Z -- Performing Test HAVE_FRAMEWORK_GAMECONTROLLER
2026-08-03T23:55:21.6995180Z -- Performing Test HAVE_FRAMEWORK_GAMECONTROLLER - Success
2026-08-03T23:55:21.6995780Z -- Performing Test HAVE_FRAMEWORK_COREHAPTICS
2026-08-03T23:55:22.2585260Z -- Performing Test HAVE_FRAMEWORK_COREHAPTICS - Success
2026-08-03T23:55:22.2844510Z -- Performing Test HAVE_FRAMEWORK_METAL
2026-08-03T23:55:22.9017960Z -- Performing Test HAVE_FRAMEWORK_METAL - Success
2026-08-03T23:55:22.9150630Z -- Performing Test HAVE_PTHREADS
2026-08-03T23:55:23.1790160Z -- Performing Test HAVE_PTHREADS - Success
2026-08-03T23:55:23.1798960Z -- Performing Test HAVE_RECURSIVE_MUTEXES
2026-08-03T23:55:23.3692710Z -- Performing Test HAVE_RECURSIVE_MUTEXES - Success
2026-08-03T23:55:23.3693680Z -- Performing Test HAVE_PTHREADS_SEM
2026-08-03T23:55:23.5346810Z -- Performing Test HAVE_PTHREADS_SEM - Success
2026-08-03T23:55:23.5347120Z -- Performing Test HAVE_SEM_TIMEDWAIT
2026-08-03T23:55:23.6984310Z -- Performing Test HAVE_SEM_TIMEDWAIT - Failed
2026-08-03T23:55:23.7086430Z -- Looking for include file pthread.h
2026-08-03T23:55:23.8995360Z -- Looking for include file pthread.h - found
2026-08-03T23:55:23.8995910Z -- Looking for include file pthread_np.h
2026-08-03T23:55:24.0380900Z -- Looking for include file pthread_np.h - not found
2026-08-03T23:55:24.0382880Z -- Performing Test HAVE_PTHREAD_SETNAME_NP
2026-08-03T23:55:24.1919850Z -- Performing Test HAVE_PTHREAD_SETNAME_NP - Success
2026-08-03T23:55:24.2454200Z CMake Warning (deprecated) at /Users/runner/work/KytyPlus/KytyPlus/3rdparty/SDL2/CMakeLists.txt:3312 (cmake_minimum_required):
2026-08-03T23:55:24.2454930Z   Compatibility with CMake < 3.10 will be removed from a future version of
2026-08-03T23:55:24.2455580Z   CMake.
2026-08-03T23:55:24.2455680Z 
2026-08-03T23:55:24.2455900Z   Update the VERSION argument <min> value.  Or, use the <min>...<max> syntax
2026-08-03T23:55:24.2456360Z   to tell CMake that the project requires at least <min> but has been updated
2026-08-03T23:55:24.2456730Z   to work with policies introduced by <max> or earlier.
2026-08-03T23:55:24.2457120Z This warning is for project developers.  Use -Wno-author or -Wno-deprecated
2026-08-03T23:55:24.2457500Z to suppress it.
2026-08-03T23:55:24.2457760Z 
2026-08-03T23:55:24.2461230Z -- 
2026-08-03T23:55:24.2468070Z -- SDL2 was configured with the following options:
2026-08-03T23:55:24.2468340Z -- 
2026-08-03T23:55:24.2468550Z -- Platform: Darwin-24.6.0
2026-08-03T23:55:24.2468730Z -- 64-bit:   TRUE
2026-08-03T23:55:24.2468890Z -- Compiler: /usr/bin/clang
2026-08-03T23:55:24.2469070Z -- Revision: SDL-2.33.0-g4b69833
2026-08-03T23:55:24.2469240Z -- 
2026-08-03T23:55:24.2469360Z -- Subsystems:
2026-08-03T23:55:24.2469540Z --   Atomic:	ON
2026-08-03T23:55:24.2469680Z --   Audio:	ON
2026-08-03T23:55:24.2469910Z --   Video:	ON
2026-08-03T23:55:24.2470070Z --   Render:	ON
2026-08-03T23:55:24.2470230Z --   Events:	ON
2026-08-03T23:55:24.2470360Z --   Joystick:	ON
2026-08-03T23:55:24.2470500Z --   Haptic:	ON
2026-08-03T23:55:24.2470630Z --   Hidapi:	ON
2026-08-03T23:55:24.2470810Z --   Power:	ON
2026-08-03T23:55:24.2470940Z --   Threads:	ON
2026-08-03T23:55:24.2471520Z --   Timers:	ON
2026-08-03T23:55:24.2471690Z --   File:	ON
2026-08-03T23:55:24.2471820Z --   Loadso:	ON
2026-08-03T23:55:24.2471950Z --   CPUinfo:	ON
2026-08-03T23:55:24.2472090Z --   Filesystem:	ON
2026-08-03T23:55:24.2472230Z --   Sensor:	ON
2026-08-03T23:55:24.2472360Z --   Locale:	ON
2026-08-03T23:55:24.2472490Z --   Misc:	ON
2026-08-03T23:55:24.2472640Z -- 
2026-08-03T23:55:24.2472780Z -- Options:
2026-08-03T23:55:24.2472990Z --   SDL2_DISABLE_INSTALL        (Wanted: ON): OFF
2026-08-03T23:55:24.2473250Z --   SDL2_DISABLE_SDL2MAIN       (Wanted: OFF): OFF
2026-08-03T23:55:24.2473510Z --   SDL2_DISABLE_UNINSTALL      (Wanted: OFF): OFF
2026-08-03T23:55:24.2473750Z --   SDL_3DNOW                   (Wanted: OFF): OFF
2026-08-03T23:55:24.2474000Z --   SDL_ALSA                    (Wanted: OFF): OFF
2026-08-03T23:55:24.2474250Z --   SDL_ALSA_SHARED             (Wanted: OFF): OFF
2026-08-03T23:55:24.2474490Z --   SDL_ALTIVEC                 (Wanted: ON): OFF
2026-08-03T23:55:24.2474730Z --   SDL_ARMNEON                 (Wanted: OFF): OFF
2026-08-03T23:55:24.2475000Z --   SDL_ARMSIMD                 (Wanted: OFF): OFF
2026-08-03T23:55:24.2475290Z --   SDL_ARTS                    (Wanted: OFF): OFF
2026-08-03T23:55:24.2475550Z --   SDL_ARTS_SHARED             (Wanted: OFF): OFF
2026-08-03T23:55:24.2475790Z --   SDL_ASAN                    (Wanted: OFF): OFF
2026-08-03T23:55:24.2476030Z --   SDL_ASSEMBLY                (Wanted: ON): ON
2026-08-03T23:55:24.2476500Z --   SDL_ASSERTIONS              (Wanted: auto): auto
2026-08-03T23:55:24.2477010Z --   SDL_BACKGROUNDING_SIGNAL    (Wanted: OFF): OFF
2026-08-03T23:55:24.2477260Z --   SDL_CCACHE                  (Wanted: ON): OFF
2026-08-03T23:55:24.2477510Z --   SDL_CLOCK_GETTIME           (Wanted: OFF): OFF
2026-08-03T23:55:24.2477760Z --   SDL_COCOA                   (Wanted: ON): ON
2026-08-03T23:55:24.2478060Z --   SDL_DBUS                    (Wanted: OFF): OFF
2026-08-03T23:55:24.2478330Z --   SDL_DIRECTFB                (Wanted: OFF): OFF
2026-08-03T23:55:24.2478570Z --   SDL_DIRECTFB_SHARED         (Wanted: OFF): OFF
2026-08-03T23:55:24.2478820Z --   SDL_DIRECTX                 (Wanted: OFF): OFF
2026-08-03T23:55:24.2479060Z --   SDL_DISKAUDIO               (Wanted: ON): ON
2026-08-03T23:55:24.2480250Z --   SDL_DUMMYAUDIO              (Wanted: ON): ON
2026-08-03T23:55:24.2481120Z --   SDL_DUMMYVIDEO              (Wanted: ON): ON
2026-08-03T23:55:24.2481710Z --   SDL_ESD                     (Wanted: OFF): OFF
2026-08-03T23:55:24.2482490Z --   SDL_ESD_SHARED              (Wanted: OFF): OFF
2026-08-03T23:55:24.2483000Z --   SDL_FOREGROUNDING_SIGNAL    (Wanted: OFF): OFF
2026-08-03T23:55:24.2483310Z --   SDL_FUSIONSOUND             (Wanted: OFF): OFF
2026-08-03T23:55:24.2483560Z --   SDL_FUSIONSOUND_SHARED      (Wanted: OFF): OFF
2026-08-03T23:55:24.2483800Z --   SDL_GCC_ATOMICS             (Wanted: ON): ON
2026-08-03T23:55:24.2484040Z --   SDL_HIDAPI                  (Wanted: ON): ON
2026-08-03T23:55:24.2484280Z --   SDL_HIDAPI_JOYSTICK         (Wanted: ON): ON
2026-08-03T23:55:24.2484520Z --   SDL_HIDAPI_LIBUSB           (Wanted: OFF): OFF
2026-08-03T23:55:24.2484770Z --   SDL_IBUS                    (Wanted: OFF): OFF
2026-08-03T23:55:24.2485010Z --   SDL_INSTALL_TESTS           (Wanted: OFF): OFF
2026-08-03T23:55:24.2485270Z --   SDL_JACK                    (Wanted: OFF): OFF
2026-08-03T23:55:24.2485570Z --   SDL_JACK_SHARED             (Wanted: OFF): OFF
2026-08-03T23:55:24.2485960Z --   SDL_KMSDRM                  (Wanted: OFF): OFF
2026-08-03T23:55:24.2486210Z --   SDL_KMSDRM_SHARED           (Wanted: OFF): OFF
2026-08-03T23:55:24.2486450Z --   SDL_LASX                    (Wanted: OFF): OFF
2026-08-03T23:55:24.2486780Z --   SDL_LIBC                    (Wanted: ON): ON
2026-08-03T23:55:24.2487070Z --   SDL_LIBICONV                (Wanted: OFF): OFF
2026-08-03T23:55:24.2487320Z --   SDL_LIBSAMPLERATE           (Wanted: OFF): OFF
2026-08-03T23:55:24.2487570Z --   SDL_LIBSAMPLERATE_SHARED    (Wanted: OFF): OFF
2026-08-03T23:55:24.2487970Z --   SDL_LIBUDEV                 (Wanted: ON): OFF
2026-08-03T23:55:24.2488380Z --   SDL_LSX                     (Wanted: OFF): OFF
2026-08-03T23:55:24.2488630Z --   SDL_METAL                   (Wanted: ON): ON
2026-08-03T23:55:24.2488870Z --   SDL_MMX                     (Wanted: ON): ON
2026-08-03T23:55:24.2489180Z --   SDL_NAS                     (Wanted: OFF): OFF
2026-08-03T23:55:24.2489600Z --   SDL_NAS_SHARED              (Wanted: OFF): OFF
2026-08-03T23:55:24.2489960Z --   SDL_OFFSCREEN               (Wanted: ON): ON
2026-08-03T23:55:24.2490360Z --   SDL_OPENGL                  (Wanted: ON): ON
2026-08-03T23:55:24.2490860Z --   SDL_OPENGLES                (Wanted: ON): ON
2026-08-03T23:55:24.2491190Z --   SDL_OSS                     (Wanted: OFF): OFF
2026-08-03T23:55:24.2491540Z --   SDL_PIPEWIRE                (Wanted: OFF): OFF
2026-08-03T23:55:24.2492060Z --   SDL_PIPEWIRE_SHARED         (Wanted: OFF): OFF
2026-08-03T23:55:24.2492380Z --   SDL_PTHREADS                (Wanted: ON): ON
2026-08-03T23:55:24.2492780Z --   SDL_PTHREADS_SEM            (Wanted: ON): ON
2026-08-03T23:55:24.2493160Z --   SDL_PULSEAUDIO              (Wanted: OFF): OFF
2026-08-03T23:55:24.2494830Z --   SDL_PULSEAUDIO_SHARED       (Wanted: OFF): OFF
2026-08-03T23:55:24.2495680Z --   SDL_RENDER_D3D              (Wanted: OFF): OFF
2026-08-03T23:55:24.2496130Z --   SDL_RENDER_METAL            (Wanted: ON): ON
2026-08-03T23:55:24.2496500Z --   SDL_RPATH                   (Wanted: OFF): OFF
2026-08-03T23:55:24.2496860Z --   SDL_RPI                     (Wanted: OFF): OFF
2026-08-03T23:55:24.2497230Z --   SDL_SNDIO                   (Wanted: OFF): OFF
2026-08-03T23:55:24.2497610Z --   SDL_SNDIO_SHARED            (Wanted: OFF): OFF
2026-08-03T23:55:24.2498420Z --   SDL_SSE                     (Wanted: ON): ON
2026-08-03T23:55:24.2498840Z --   SDL_SSE2                    (Wanted: ON): ON
2026-08-03T23:55:24.2499270Z --   SDL_SSE3                    (Wanted: ON): ON
2026-08-03T23:55:24.2499690Z --   SDL_SSEMATH                 (Wanted: ON): ON
2026-08-03T23:55:24.2500070Z --   SDL_STATIC_PIC              (Wanted: OFF): OFF
2026-08-03T23:55:24.2500420Z --   SDL_SYSTEM_ICONV            (Wanted: OFF): OFF
2026-08-03T23:55:24.2500800Z --   SDL_TESTS                   (Wanted: OFF): OFF
2026-08-03T23:55:24.2501420Z --   SDL_VENDOR_INFO             (Wanted: ): OFF
2026-08-03T23:55:24.2502890Z --   SDL_VIRTUAL_JOYSTICK        (Wanted: ON): ON
2026-08-03T23:55:24.2503170Z --   SDL_VIVANTE                 (Wanted: OFF): OFF
2026-08-03T23:55:24.2503410Z --   SDL_VULKAN                  (Wanted: ON): ON
2026-08-03T23:55:24.2503910Z --   SDL_WASAPI                  (Wanted: OFF): OFF
2026-08-03T23:55:24.2504160Z --   SDL_WAYLAND                 (Wanted: OFF): OFF
2026-08-03T23:55:24.2504410Z --   SDL_WAYLAND_LIBDECOR        (Wanted: OFF): OFF
2026-08-03T23:55:24.2504660Z --   SDL_WAYLAND_LIBDECOR_SHARED (Wanted: OFF): OFF
2026-08-03T23:55:24.2504920Z --   SDL_WAYLAND_QT_TOUCH        (Wanted: OFF): OFF
2026-08-03T23:55:24.2505170Z --   SDL_WAYLAND_SHARED          (Wanted: OFF): OFF
2026-08-03T23:55:24.2505400Z --   SDL_X11                     (Wanted: OFF): OFF
2026-08-03T23:55:24.2505640Z --   SDL_X11_SHARED              (Wanted: OFF): OFF
2026-08-03T23:55:24.2505920Z --   SDL_X11_XCURSOR             (Wanted: OFF): OFF
2026-08-03T23:55:24.2507310Z --   SDL_X11_XDBE                (Wanted: OFF): OFF
2026-08-03T23:55:24.2507740Z --   SDL_X11_XFIXES              (Wanted: OFF): OFF
2026-08-03T23:55:24.2508120Z --   SDL_X11_XINPUT              (Wanted: OFF): OFF
2026-08-03T23:55:24.2508470Z --   SDL_X11_XRANDR              (Wanted: OFF): OFF
2026-08-03T23:55:24.2508970Z --   SDL_X11_XSCRNSAVER          (Wanted: OFF): OFF
2026-08-03T23:55:24.2509340Z --   SDL_X11_XSHAPE              (Wanted: OFF): OFF
2026-08-03T23:55:24.2509700Z --   SDL_XINPUT                  (Wanted: OFF): OFF
2026-08-03T23:55:24.2509930Z -- 
2026-08-03T23:55:24.2511080Z --  CFLAGS:          -fno-rtti -fno-exceptions -fcolor-diagnostics -finput-charset=UTF-8 -fexec-charset=UTF-8 -g -fno-strict-aliasing -fno-omit-frame-pointer -Wall -fmessage-length=0 -idirafter "/Users/runner/work/KytyPlus/KytyPlus/3rdparty/SDL2/src/video/khronos"
2026-08-03T23:55:24.2512900Z --  EXTRA_CFLAGS:   -Wall -Wundef -fno-strict-aliasing -Wdocumentation -Wdocumentation-unknown-command -fcomment-block-commands=threadsafety -fcomment-block-commands=deprecated -Wdeclaration-after-statement -fvisibility=hidden -Wshadow -Wno-unused-local-typedefs -mmmx -msse -msse2 -msse3 -D_THREAD_SAFE
2026-08-03T23:55:24.2514340Z --  EXTRA_LDFLAGS:  -Wl,-compatibility_version,3301.0.0;-Wl,-current_version,3301.0.0
2026-08-03T23:55:24.2514670Z --  EXTRA_LIBS:    m
2026-08-03T23:55:24.2514820Z -- 
2026-08-03T23:55:24.2514950Z --  Build Shared Library: OFF
2026-08-03T23:55:24.2515140Z --  Build Static Library: ON
2026-08-03T23:55:24.2515410Z --  Build Static Library with Position Independent Code: OFF
2026-08-03T23:55:24.2515700Z -- 
2026-08-03T23:55:24.2515880Z -- If something was not detected, although the libraries
2026-08-03T23:55:24.2516170Z -- were installed, then make sure you have set the
2026-08-03T23:55:24.2516500Z -- CFLAGS and LDFLAGS environment variables correctly.
2026-08-03T23:55:24.2517380Z -- 
2026-08-03T23:55:24.2518590Z -- Performing Test COMPILER_SUPPORTS_FOBJC_ARC
2026-08-03T23:55:24.4161300Z -- Performing Test COMPILER_SUPPORTS_FOBJC_ARC - Success
2026-08-03T23:55:24.8617050Z -- Found Python3: /Users/runner/hostedtoolcache/Python/3.12.10/arm64/bin/python3.12 (found version "3.12.10") found components: Interpreter
2026-08-03T23:55:24.8913600Z -- xxHash build type: Release
2026-08-03T23:55:24.8918640Z -- Architecture: arm64
2026-08-03T23:55:24.9074780Z -- {fmt} version: 12.2.0
2026-08-03T23:55:24.9075190Z -- Build type: Release
2026-08-03T23:55:24.9091130Z -- Performing Test HAS_NULLPTR_WARNING
2026-08-03T23:55:25.0869980Z -- Performing Test HAS_NULLPTR_WARNING - Success
2026-08-03T23:55:25.1070940Z -- Using the multi-header code from /Users/runner/work/KytyPlus/KytyPlus/3rdparty/nlohmann_json/include/
2026-08-03T23:55:25.1203450Z -- Build spdlog: 1.17.0
2026-08-03T23:55:25.1236930Z -- Performing Test CMAKE_HAVE_LIBC_PTHREAD
2026-08-03T23:55:25.3023780Z -- Performing Test CMAKE_HAVE_LIBC_PTHREAD - Success
2026-08-03T23:55:25.3030270Z -- Found Threads: TRUE
2026-08-03T23:55:25.3031350Z -- Build type: Release
2026-08-03T23:55:25.3038340Z -- Looking for fwrite_unlocked
2026-08-03T23:55:25.4168800Z -- Looking for fwrite_unlocked - not found
2026-08-03T23:55:25.4247590Z -- Downloading FFMPEG prebuilts...
2026-08-03T23:55:25.6899120Z -- [download 0% complete]
2026-08-03T23:55:25.6972680Z -- [download 1% complete]
2026-08-03T23:55:25.7072920Z -- [download 2% complete]
2026-08-03T23:55:25.7174510Z -- [download 3% complete]
2026-08-03T23:55:25.7275550Z -- [download 4% complete]
2026-08-03T23:55:25.7376140Z -- [download 6% complete]
2026-08-03T23:55:25.7477300Z -- [download 7% complete]
2026-08-03T23:55:25.7577780Z -- [download 8% complete]
2026-08-03T23:55:25.7620360Z -- [download 10% complete]
2026-08-03T23:55:25.7620600Z -- [download 11% complete]
2026-08-03T23:55:25.7620780Z -- [download 13% complete]
2026-08-03T23:55:25.7620950Z -- [download 14% complete]
2026-08-03T23:55:25.7621110Z -- [download 16% complete]
2026-08-03T23:55:25.7621280Z -- [download 17% complete]
2026-08-03T23:55:25.7621450Z -- [download 18% complete]
2026-08-03T23:55:25.7621610Z -- [download 19% complete]
2026-08-03T23:55:25.7621800Z -- [download 20% complete]
2026-08-03T23:55:25.7621960Z -- [download 21% complete]
2026-08-03T23:55:25.7622140Z -- [download 22% complete]
2026-08-03T23:55:25.7622310Z -- [download 23% complete]
2026-08-03T23:55:25.7622480Z -- [download 25% complete]
2026-08-03T23:55:25.7622650Z -- [download 26% complete]
2026-08-03T23:55:25.7622810Z -- [download 28% complete]
2026-08-03T23:55:25.7622980Z -- [download 29% complete]
2026-08-03T23:55:25.7623140Z -- [download 31% complete]
2026-08-03T23:55:25.7623310Z -- [download 32% complete]
2026-08-03T23:55:25.7623500Z -- [download 34% complete]
2026-08-03T23:55:25.7623820Z -- [download 35% complete]
2026-08-03T23:55:25.7624770Z -- [download 37% complete]
2026-08-03T23:55:25.7625020Z -- [download 38% complete]
2026-08-03T23:55:25.7625250Z -- [download 40% complete]
2026-08-03T23:55:25.7625430Z -- [download 41% complete]
2026-08-03T23:55:25.7625600Z -- [download 42% complete]
2026-08-03T23:55:25.7625770Z -- [download 44% complete]
2026-08-03T23:55:25.7625940Z -- [download 45% complete]
2026-08-03T23:55:25.7626110Z -- [download 47% complete]
2026-08-03T23:55:25.7626280Z -- [download 48% complete]
2026-08-03T23:55:25.7626440Z -- [download 50% complete]
2026-08-03T23:55:25.7626620Z -- [download 51% complete]
2026-08-03T23:55:25.7626780Z -- [download 53% complete]
2026-08-03T23:55:25.7626950Z -- [download 54% complete]
2026-08-03T23:55:25.7627120Z -- [download 56% complete]
2026-08-03T23:55:25.7627280Z -- [download 57% complete]
2026-08-03T23:55:25.7627440Z -- [download 59% complete]
2026-08-03T23:55:25.7627610Z -- [download 60% complete]
2026-08-03T23:55:25.7627770Z -- [download 62% complete]
2026-08-03T23:55:25.7627940Z -- [download 63% complete]
2026-08-03T23:55:25.7628120Z -- [download 65% complete]
2026-08-03T23:55:25.7628320Z -- [download 66% complete]
2026-08-03T23:55:25.7628520Z -- [download 68% complete]
2026-08-03T23:55:25.7628690Z -- [download 69% complete]
2026-08-03T23:55:25.7628850Z -- [download 71% complete]
2026-08-03T23:55:25.7629020Z -- [download 72% complete]
2026-08-03T23:55:25.7630150Z -- [download 74% complete]
2026-08-03T23:55:25.7638950Z -- [download 75% complete]
2026-08-03T23:55:25.7647440Z -- [download 77% complete]
2026-08-03T23:55:25.7656120Z -- [download 78% complete]
2026-08-03T23:55:25.7664500Z -- [download 79% complete]
2026-08-03T23:55:25.7672900Z -- [download 81% complete]
2026-08-03T23:55:25.7681290Z -- [download 82% complete]
2026-08-03T23:55:25.7689880Z -- [download 84% complete]
2026-08-03T23:55:25.7698450Z -- [download 85% complete]
2026-08-03T23:55:25.7708540Z -- [download 87% complete]
2026-08-03T23:55:25.7716720Z -- [download 88% complete]
2026-08-03T23:55:25.7726210Z -- [download 90% complete]
2026-08-03T23:55:25.7736620Z -- [download 91% complete]
2026-08-03T23:55:25.7745320Z -- [download 93% complete]
2026-08-03T23:55:25.7753620Z -- [download 94% complete]
2026-08-03T23:55:25.7762500Z -- [download 96% complete]
2026-08-03T23:55:25.7771050Z -- [download 97% complete]
2026-08-03T23:55:25.7779670Z -- [download 99% complete]
2026-08-03T23:55:25.7787200Z -- [download 100% complete]
2026-08-03T23:55:25.8800120Z Parsing public/common/TracyVersion.hpp file
2026-08-03T23:55:25.8805190Z VERSION 0.13.4
2026-08-03T23:55:25.9117100Z -- Could NOT find rocprofiler-sdk (missing: rocprofiler-sdk_DIR)
2026-08-03T23:55:25.9133970Z -- TRACY_ENABLE: ON
2026-08-03T23:55:25.9134410Z -- TRACY_ON_DEMAND: ON
2026-08-03T23:55:25.9134810Z -- TRACY_CALLSTACK: (not set)
2026-08-03T23:55:25.9135180Z -- TRACY_PLATFORM_HEADER: (not set)
2026-08-03T23:55:25.9145850Z -- TRACY_NO_CALLSTACK: OFF
2026-08-03T23:55:25.9146170Z -- TRACY_NO_CALLSTACK_INLINES: OFF
2026-08-03T23:55:25.9146470Z -- TRACY_ONLY_LOCALHOST: OFF
2026-08-03T23:55:25.9146760Z -- TRACY_NO_BROADCAST: OFF
2026-08-03T23:55:25.9147050Z -- TRACY_ONLY_IPV4: OFF
2026-08-03T23:55:25.9147340Z -- TRACY_NO_CODE_TRANSFER: OFF
2026-08-03T23:55:25.9147680Z -- TRACY_NO_CONTEXT_SWITCH: OFF
2026-08-03T23:55:25.9149140Z -- TRACY_NO_EXIT: OFF
2026-08-03T23:55:25.9149690Z -- TRACY_NO_SAMPLING: OFF
2026-08-03T23:55:25.9149990Z -- TRACY_NO_VERIFY: OFF
2026-08-03T23:55:25.9150260Z -- TRACY_NO_VSYNC_CAPTURE: OFF
2026-08-03T23:55:25.9150550Z -- TRACY_NO_FRAME_IMAGE: OFF
2026-08-03T23:55:25.9150850Z -- TRACY_NO_SYSTEM_TRACING: OFF
2026-08-03T23:55:25.9151210Z -- TRACY_PATCHABLE_NOPSLEDS: OFF
2026-08-03T23:55:25.9151560Z -- TRACY_DELAYED_INIT: ON
2026-08-03T23:55:25.9151840Z -- TRACY_MANUAL_LIFETIME: ON
2026-08-03T23:55:25.9152110Z -- TRACY_FIBERS: OFF
2026-08-03T23:55:25.9152380Z -- TRACY_NO_CRASH_HANDLER: OFF
2026-08-03T23:55:25.9152670Z -- TRACY_TIMER_FALLBACK: OFF
2026-08-03T23:55:25.9153580Z -- TRACY_DISALLOW_HW_TIMER: OFF
2026-08-03T23:55:25.9154920Z -- TRACY_LIBUNWIND_BACKTRACE: OFF
2026-08-03T23:55:25.9155710Z -- TRACY_SYMBOL_OFFLINE_RESOLVE: OFF
2026-08-03T23:55:25.9158120Z -- TRACY_LIBBACKTRACE_ELF_DYNLOAD_SUPPORT: OFF
2026-08-03T23:55:25.9160720Z -- TRACY_DEBUGINFOD: OFF
2026-08-03T23:55:25.9161420Z -- TRACY_IGNORE_MEMORY_FAULTS: OFF
2026-08-03T23:55:25.9162300Z -- TRACY_OPENGL_AUTO_CALIBRATION: OFF
2026-08-03T23:55:25.9163060Z -- TRACY_VERBOSE: OFF
2026-08-03T23:55:25.9164830Z -- TRACY_NO_INTERNAL_MESSAGE: OFF
2026-08-03T23:55:25.9165080Z -- TRACY_DEMANGLE: OFF
2026-08-03T23:55:26.0007650Z -- Performing Test HAVE_STDATOMIC
2026-08-03T23:55:26.4705590Z -- Performing Test HAVE_STDATOMIC - Success
2026-08-03T23:55:26.4731210Z -- Found WrapAtomic: TRUE
2026-08-03T23:55:27.0878770Z -- Found OpenGL: /Applications/Xcode_26.3.app/Contents/Developer/Platforms/MacOSX.platform/Developer/SDKs/MacOSX.sdk/System/Library/Frameworks/OpenGL.framework
2026-08-03T23:55:27.0894490Z -- Found WrapOpenGL: TRUE
2026-08-03T23:55:27.1520590Z -- Configuring done (40.8s)
2026-08-03T23:55:28.3341240Z -- Generating done (1.2s)
2026-08-03T23:55:28.3355970Z -- Build files have been written to: /Users/runner/work/KytyPlus/KytyPlus/_Build/macos
2026-08-03T23:55:28.3523420Z ##[group]Run cmake --build _Build/macos --target launcher --parallel
2026-08-03T23:55:28.3523950Z [36;1mcmake --build _Build/macos --target launcher --parallel[0m
2026-08-03T23:55:28.3570230Z shell: /bin/bash --noprofile --norc -e -o pipefail {0}
2026-08-03T23:55:28.3570490Z env:
2026-08-03T23:55:28.3570770Z   pythonLocation: /Users/runner/hostedtoolcache/Python/3.12.10/arm64
2026-08-03T23:55:28.3571420Z   PKG_CONFIG_PATH: /Users/runner/hostedtoolcache/Python/3.12.10/arm64/lib/pkgconfig:/Users/runner/work/KytyPlus/Qt/6.10.3/macos/lib/pkgconfig
2026-08-03T23:55:28.3572000Z   Python_ROOT_DIR: /Users/runner/hostedtoolcache/Python/3.12.10/arm64
2026-08-03T23:55:28.3572440Z   Python2_ROOT_DIR: /Users/runner/hostedtoolcache/Python/3.12.10/arm64
2026-08-03T23:55:28.3572800Z   Python3_ROOT_DIR: /Users/runner/hostedtoolcache/Python/3.12.10/arm64
2026-08-03T23:55:28.3573130Z   QT_ROOT_DIR: /Users/runner/work/KytyPlus/Qt/6.10.3/macos
2026-08-03T23:55:28.3573580Z   QT_PLUGIN_PATH: /Users/runner/work/KytyPlus/Qt/6.10.3/macos/plugins
2026-08-03T23:55:28.3574030Z   QML2_IMPORT_PATH: /Users/runner/work/KytyPlus/Qt/6.10.3/macos/qml
2026-08-03T23:55:28.3574300Z ##[endgroup]
2026-08-03T23:55:28.4152490Z [0/2] Re-checking globbed directories...
2026-08-03T23:55:28.5567400Z [1/716] Generate language specific header for DebugInfo.
2026-08-03T23:55:28.5609720Z [2/716] Generate language specific header for OpenCLDebugInfo100.
2026-08-03T23:55:28.5640470Z [3/716] Generate language specific header for NonSemanticShaderDebugInfo100.
2026-08-03T23:55:28.6375660Z [4/716] Generate grammar tables
2026-08-03T23:55:28.6880900Z [5/716] Building C object 3rdparty/cpuinfo/CMakeFiles/cpuinfo.dir/src/init.c.o
2026-08-03T23:55:28.7124090Z [6/716] Update build-version.inc in the SPIRV-Tools build directory (if necessary).
2026-08-03T23:55:28.7763000Z [7/716] Generate tables based on the SPIR-V XML registry.
2026-08-03T23:55:28.8222750Z [8/716] Building C object 3rdparty/cpuinfo/CMakeFiles/cpuinfo.dir/src/cache.c.o
2026-08-03T23:55:28.8927570Z [9/716] Building C object 3rdparty/cpuinfo/CMakeFiles/cpuinfo.dir/src/api.c.o
2026-08-03T23:55:28.9436550Z [10/716] Building C object 3rdparty/cpuinfo/CMakeFiles/cpuinfo.dir/src/x86/init.c.o
2026-08-03T23:55:28.9545690Z [11/716] Building C object 3rdparty/cpuinfo/CMakeFiles/cpuinfo.dir/src/x86/info.c.o
2026-08-03T23:55:28.9768160Z [12/716] Building C object 3rdparty/cpuinfo/CMakeFiles/cpuinfo.dir/deps/clog/src/clog.c.o
2026-08-03T23:55:28.9891040Z [13/716] Building C object 3rdparty/cpuinfo/CMakeFiles/cpuinfo.dir/src/x86/vendor.c.o
2026-08-03T23:55:29.0103250Z [14/716] Building C object 3rdparty/cpuinfo/CMakeFiles/cpuinfo.dir/src/x86/uarch.c.o
2026-08-03T23:55:29.0517830Z [15/716] Building C object 3rdparty/cpuinfo/CMakeFiles/cpuinfo.dir/src/x86/topology.c.o
2026-08-03T23:55:29.0740820Z [16/716] Building C object 3rdparty/cpuinfo/CMakeFiles/cpuinfo.dir/src/x86/isa.c.o
2026-08-03T23:55:29.1239680Z [17/716] Building C object 3rdparty/cpuinfo/CMakeFiles/cpuinfo.dir/src/x86/cache/init.c.o
2026-08-03T23:55:29.1540390Z [18/716] Building C object 3rdparty/cpuinfo/CMakeFiles/cpuinfo.dir/src/x86/cache/descriptor.c.o
2026-08-03T23:55:29.1755510Z [19/716] Building C object 3rdparty/cpuinfo/CMakeFiles/cpuinfo.dir/src/x86/name.c.o
2026-08-03T23:55:29.2131040Z [20/716] Building C object 3rdparty/cpuinfo/CMakeFiles/cpuinfo.dir/src/x86/cache/deterministic.c.o
2026-08-03T23:55:29.2646640Z [21/716] Generating include/SDL2/SDL.h
2026-08-03T23:55:29.3000830Z [22/716] Generating include/SDL2/SDL_assert.h
2026-08-03T23:55:29.3209580Z [23/716] Generating include/SDL2/SDL_atomic.h
2026-08-03T23:55:29.3317070Z [24/716] Building C object 3rdparty/cpuinfo/CMakeFiles/cpuinfo.dir/src/mach/topology.c.o
2026-08-03T23:55:29.3419360Z [25/716] Generating include/SDL2/SDL_audio.h
2026-08-03T23:55:29.3522680Z [26/716] Building C object 3rdparty/cpuinfo/CMakeFiles/cpuinfo.dir/src/x86/mach/init.c.o
2026-08-03T23:55:29.3627790Z [27/716] Generating include/SDL2/SDL_bits.h
2026-08-03T23:55:29.3730070Z [28/716] Generating include/SDL2/SDL_blendmode.h
2026-08-03T23:55:29.3831530Z [29/716] Generating include/SDL2/SDL_clipboard.h
2026-08-03T23:55:29.3936530Z [30/716] Generating include/SDL2/SDL_copying.h
2026-08-03T23:55:29.4059550Z [31/716] Generating include/SDL2/SDL_cpuinfo.h
2026-08-03T23:55:29.4176000Z [32/716] Generating include/SDL2/SDL_egl.h
2026-08-03T23:55:29.4277700Z [33/716] Generating include/SDL2/SDL_endian.h
2026-08-03T23:55:29.4382990Z [34/716] Generating include/SDL2/SDL_error.h
2026-08-03T23:55:29.4494090Z [35/716] Generating include/SDL2/SDL_events.h
2026-08-03T23:55:29.4556000Z [36/716] Generating include/SDL2/SDL_filesystem.h
2026-08-03T23:55:29.4578550Z [37/716] Generating include/SDL2/SDL_gamecontroller.h
2026-08-03T23:55:29.4602900Z [38/716] Generating include/SDL2/SDL_gesture.h
2026-08-03T23:55:29.4605180Z [39/716] Generating include/SDL2/SDL_guid.h
2026-08-03T23:55:29.4606460Z [40/716] Generating include/SDL2/SDL_haptic.h
2026-08-03T23:55:29.4631390Z [41/716] Generating include/SDL2/SDL_hidapi.h
2026-08-03T23:55:29.4635380Z [42/716] Generating include/SDL2/SDL_hints.h
2026-08-03T23:55:29.4653460Z [43/716] Generating include/SDL2/SDL_joystick.h
2026-08-03T23:55:29.4699030Z [44/716] Generating include/SDL2/SDL_keyboard.h
2026-08-03T23:55:29.4794190Z [45/716] Generating include/SDL2/SDL_keycode.h
2026-08-03T23:55:29.4901740Z [46/716] Generating include/SDL2/SDL_loadso.h
2026-08-03T23:55:29.4929700Z [47/716] Generating include/SDL2/SDL_locale.h
2026-08-03T23:55:29.5031340Z [48/716] Generating include/SDL2/SDL_log.h
2026-08-03T23:55:29.5156930Z [49/716] Generating include/SDL2/SDL_main.h
2026-08-03T23:55:29.5258230Z [50/716] Generating include/SDL2/SDL_messagebox.h
2026-08-03T23:55:29.5360870Z [51/716] Generating include/SDL2/SDL_metal.h
2026-08-03T23:55:29.5463680Z [52/716] Generating include/SDL2/SDL_misc.h
2026-08-03T23:55:29.5500540Z [53/716] Generating include/SDL2/SDL_mouse.h
2026-08-03T23:55:29.5559350Z [54/716] Generating include/SDL2/SDL_mutex.h
2026-08-03T23:55:29.5576090Z [55/716] Generating include/SDL2/SDL_name.h
2026-08-03T23:55:29.5639830Z [56/716] Generating include/SDL2/SDL_opengl.h
2026-08-03T23:55:29.5645890Z [57/716] Generating include/SDL2/SDL_opengl_glext.h
2026-08-03T23:55:29.5661380Z [58/716] Generating include/SDL2/SDL_opengles.h
2026-08-03T23:55:29.5729990Z [59/716] Generating include/SDL2/SDL_opengles2.h
2026-08-03T23:55:29.5793050Z [60/716] Generating include/SDL2/SDL_opengles2_gl2.h
2026-08-03T23:55:29.5864330Z [61/716] Generating include/SDL2/SDL_opengles2_gl2ext.h
2026-08-03T23:55:29.5971810Z [62/716] Generating include/SDL2/SDL_opengles2_gl2platform.h
2026-08-03T23:55:29.6070220Z [63/716] Generating include/SDL2/SDL_opengles2_khrplatform.h
2026-08-03T23:55:29.6087120Z [64/716] Generating include/SDL2/SDL_pixels.h
2026-08-03T23:55:29.6205270Z [65/716] Generating include/SDL2/SDL_platform.h
2026-08-03T23:55:29.6316180Z [66/716] Generating include/SDL2/SDL_power.h
2026-08-03T23:55:29.6328960Z [67/716] Generating include/SDL2/SDL_quit.h
2026-08-03T23:55:29.6440030Z [68/716] Generating include/SDL2/SDL_rect.h
2026-08-03T23:55:29.6455020Z [69/716] Generating include/SDL2/SDL_render.h
2026-08-03T23:55:29.6572010Z [70/716] Generating include/SDL2/SDL_rwops.h
2026-08-03T23:55:29.6678230Z [71/716] Generating include/SDL2/SDL_scancode.h
2026-08-03T23:55:29.6791680Z [72/716] Generating include/SDL2/SDL_sensor.h
2026-08-03T23:55:29.6824870Z [73/716] Generating include/SDL2/SDL_stdinc.h
2026-08-03T23:55:29.6848130Z [74/716] Generating include/SDL2/SDL_shape.h
2026-08-03T23:55:29.6954110Z [75/716] Generating include/SDL2/SDL_surface.h
2026-08-03T23:55:29.7056920Z [76/716] Generating include/SDL2/SDL_syswm.h
2026-08-03T23:55:29.7159420Z [77/716] Generating include/SDL2/SDL_system.h
2026-08-03T23:55:29.7275570Z [78/716] Generating include/SDL2/SDL_test.h
2026-08-03T23:55:29.7383000Z [79/716] Generating include/SDL2/SDL_test_assert.h
2026-08-03T23:55:29.7417100Z [80/716] Generating include/SDL2/SDL_test_common.h
2026-08-03T23:55:29.7418190Z [81/716] Generating include/SDL2/SDL_test_compare.h
2026-08-03T23:55:29.7509800Z [82/716] Generating include/SDL2/SDL_test_crc32.h
2026-08-03T23:55:29.7610890Z [83/716] Generating include/SDL2/SDL_test_font.h
2026-08-03T23:55:29.7684610Z [84/716] Generating include/SDL2/SDL_test_fuzzer.h
2026-08-03T23:55:29.7697420Z [85/716] Generating include/SDL2/SDL_test_images.h
2026-08-03T23:55:29.7701450Z [86/716] Generating include/SDL2/SDL_test_harness.h
2026-08-03T23:55:29.7722990Z [87/716] Generating include/SDL2/SDL_test_log.h
2026-08-03T23:55:29.7773650Z [88/716] Generating include/SDL2/SDL_test_memory.h
2026-08-03T23:55:29.7799880Z [89/716] Generating include/SDL2/SDL_test_md5.h
2026-08-03T23:55:29.7800260Z [90/716] Generating include/SDL2/SDL_test_random.h
2026-08-03T23:55:29.7954720Z [91/716] Generating include/SDL2/SDL_timer.h
2026-08-03T23:55:29.8067570Z [92/716] Generating include/SDL2/SDL_thread.h
2026-08-03T23:55:29.8131400Z [93/716] Generating include/SDL2/SDL_touch.h
2026-08-03T23:55:29.8244230Z [94/716] Generating include/SDL2/SDL_types.h
2026-08-03T23:55:29.8346420Z [95/716] Generating include/SDL2/SDL_version.h
2026-08-03T23:55:29.8463730Z [96/716] Generating include/SDL2/SDL_video.h
2026-08-03T23:55:29.8537280Z [97/716] Generating include/SDL2/SDL_vulkan.h
2026-08-03T23:55:29.8751780Z [98/716] Generating include/SDL2/begin_code.h
2026-08-03T23:55:29.8869800Z [99/716] Generating include/SDL2/close_code.h
2026-08-03T23:55:29.9838580Z [100/716] Building CXX object 3rdparty/fmt/CMakeFiles/fmt.dir/src/os.cc.o
2026-08-03T23:55:31.4962740Z [101/716] Building CXX object 3rdparty/SPIRV-Tools/source/CMakeFiles/SPIRV-Tools-static.dir/assembly_grammar.cpp.o
2026-08-03T23:55:31.8968710Z [102/716] Building CXX object 3rdparty/SPIRV-Tools/source/CMakeFiles/SPIRV-Tools-static.dir/util/string_utils.cpp.o
2026-08-03T23:55:31.9070650Z [103/716] Building CXX object 3rdparty/SPIRV-Tools/source/CMakeFiles/SPIRV-Tools-static.dir/util/bit_vector.cpp.o
2026-08-03T23:55:32.8161760Z [104/716] Building CXX object 3rdparty/SPIRV-Tools/source/CMakeFiles/SPIRV-Tools-static.dir/util/parse_number.cpp.o
2026-08-03T23:55:33.4311710Z [105/716] Building CXX object 3rdparty/SPIRV-Tools/source/CMakeFiles/SPIRV-Tools-static.dir/diagnostic.cpp.o
2026-08-03T23:55:33.8248840Z [106/716] Building CXX object 3rdparty/SPIRV-Tools/source/CMakeFiles/SPIRV-Tools-static.dir/ext_inst.cpp.o
2026-08-03T23:55:34.3492350Z [107/716] Building CXX object 3rdparty/fmt/CMakeFiles/fmt.dir/src/format.cc.o
2026-08-03T23:55:34.3593960Z [108/716] Building CXX object 3rdparty/SPIRV-Tools/source/CMakeFiles/SPIRV-Tools-static.dir/binary.cpp.o
2026-08-03T23:55:34.9050640Z [109/716] Building CXX object 3rdparty/SPIRV-Tools/source/CMakeFiles/SPIRV-Tools-static.dir/extensions.cpp.o
2026-08-03T23:55:35.3996540Z [110/716] Building CXX object 3rdparty/SPIRV-Tools/source/CMakeFiles/SPIRV-Tools-static.dir/libspirv.cpp.o
2026-08-03T23:55:35.4498860Z [111/716] Building CXX object 3rdparty/SPIRV-Tools/source/CMakeFiles/SPIRV-Tools-static.dir/disassemble.cpp.o
2026-08-03T23:55:35.5414810Z [112/716] Building CXX object 3rdparty/SPIRV-Tools/source/CMakeFiles/SPIRV-Tools-static.dir/opcode.cpp.o
2026-08-03T23:55:35.5837440Z [113/716] Building CXX object 3rdparty/SPIRV-Tools/source/CMakeFiles/SPIRV-Tools-static.dir/software_version.cpp.o
2026-08-03T23:55:35.6542940Z [114/716] Building CXX object 3rdparty/SPIRV-Tools/source/CMakeFiles/SPIRV-Tools-static.dir/spirv_endian.cpp.o
2026-08-03T23:55:36.4313120Z [115/716] Building CXX object 3rdparty/SPIRV-Tools/source/CMakeFiles/SPIRV-Tools-static.dir/spirv_fuzzer_options.cpp.o
2026-08-03T23:55:36.5033130Z [116/716] Building CXX object 3rdparty/SPIRV-Tools/source/CMakeFiles/SPIRV-Tools-static.dir/spirv_optimizer_options.cpp.o
2026-08-03T23:55:36.7452930Z [117/716] Building CXX object 3rdparty/SPIRV-Tools/source/CMakeFiles/SPIRV-Tools-static.dir/name_mapper.cpp.o
2026-08-03T23:55:36.8156270Z [118/716] Building CXX object 3rdparty/SPIRV-Tools/source/CMakeFiles/SPIRV-Tools-static.dir/print.cpp.o
2026-08-03T23:55:36.8970290Z [119/716] Building CXX object 3rdparty/SPIRV-Tools/source/CMakeFiles/SPIRV-Tools-static.dir/spirv_validator_options.cpp.o
2026-08-03T23:55:37.1390570Z [120/716] Building CXX object 3rdparty/SPIRV-Tools/source/CMakeFiles/SPIRV-Tools-static.dir/parsed_operand.cpp.o
2026-08-03T23:55:37.2717890Z [121/716] Building CXX object 3rdparty/SPIRV-Tools/source/CMakeFiles/SPIRV-Tools-static.dir/spirv_reducer_options.cpp.o
2026-08-03T23:55:37.4425630Z [122/716] Building CXX object 3rdparty/SPIRV-Tools/source/CMakeFiles/SPIRV-Tools-static.dir/operand.cpp.o
2026-08-03T23:55:37.9389310Z [123/716] Building CXX object 3rdparty/SPIRV-Tools/source/CMakeFiles/SPIRV-Tools-static.dir/spirv_target_env.cpp.o
2026-08-03T23:55:38.0408890Z [124/716] Building CXX object 3rdparty/SPIRV-Tools/source/CMakeFiles/SPIRV-Tools-static.dir/table.cpp.o
2026-08-03T23:55:38.6154530Z [125/716] Building CXX object 3rdparty/SPIRV-Tools/source/CMakeFiles/SPIRV-Tools-static.dir/to_string.cpp.o
2026-08-03T23:55:38.8086870Z [126/716] Building CXX object 3rdparty/SPIRV-Tools/source/CMakeFiles/SPIRV-Tools-static.dir/table2.cpp.o
2026-08-03T23:55:39.8036770Z [127/716] Building CXX object 3rdparty/SPIRV-Tools/source/CMakeFiles/SPIRV-Tools-static.dir/text.cpp.o
2026-08-03T23:55:40.2521870Z [128/716] Building CXX object 3rdparty/SPIRV-Tools/source/CMakeFiles/SPIRV-Tools-static.dir/text_handler.cpp.o
2026-08-03T23:55:41.1498710Z [129/716] Building CXX object 3rdparty/SPIRV-Tools/source/CMakeFiles/SPIRV-Tools-static.dir/val/validate_adjacency.cpp.o
2026-08-03T23:55:42.1098480Z [130/716] Building CXX object 3rdparty/SPIRV-Tools/source/CMakeFiles/SPIRV-Tools-static.dir/val/validate_annotation.cpp.o
2026-08-03T23:55:42.5507380Z [131/716] Building CXX object 3rdparty/SPIRV-Tools/source/CMakeFiles/SPIRV-Tools-static.dir/val/validate.cpp.o
2026-08-03T23:55:43.3463240Z [132/716] Building CXX object 3rdparty/SPIRV-Tools/source/CMakeFiles/SPIRV-Tools-static.dir/val/validate_atomics.cpp.o
2026-08-03T23:55:43.3575300Z [133/716] Building CXX object 3rdparty/SPIRV-Tools/source/CMakeFiles/SPIRV-Tools-static.dir/val/validate_arithmetics.cpp.o
2026-08-03T23:55:44.3745190Z [134/716] Building CXX object 3rdparty/SPIRV-Tools/source/CMakeFiles/SPIRV-Tools-static.dir/val/validate_barriers.cpp.o
2026-08-03T23:55:45.1971110Z [135/716] Building CXX object 3rdparty/SPIRV-Tools/source/CMakeFiles/SPIRV-Tools-static.dir/val/validate_bitwise.cpp.o
2026-08-03T23:55:46.3301670Z [136/716] Building CXX object 3rdparty/SPIRV-Tools/source/CMakeFiles/SPIRV-Tools-static.dir/val/validate_capability.cpp.o
2026-08-03T23:55:47.7644340Z [137/716] Building CXX object 3rdparty/SPIRV-Tools/source/CMakeFiles/SPIRV-Tools-static.dir/val/validate_composites.cpp.o
2026-08-03T23:55:48.5197590Z [138/716] Building CXX object 3rdparty/SPIRV-Tools/source/CMakeFiles/SPIRV-Tools-static.dir/val/validate_constants.cpp.o
2026-08-03T23:55:50.2529490Z [139/716] Building CXX object 3rdparty/SPIRV-Tools/source/CMakeFiles/SPIRV-Tools-static.dir/val/validate_conversion.cpp.o
2026-08-03T23:55:50.8896510Z [140/716] Building CXX object 3rdparty/SPIRV-Tools/source/CMakeFiles/SPIRV-Tools-static.dir/val/validate_cfg.cpp.o
2026-08-03T23:55:51.6211700Z [141/716] Building CXX object 3rdparty/SPIRV-Tools/source/CMakeFiles/SPIRV-Tools-static.dir/val/validate_debug.cpp.o
2026-08-03T23:55:53.7831010Z [142/716] Building CXX object 3rdparty/SPIRV-Tools/source/CMakeFiles/SPIRV-Tools-static.dir/val/validate_derivatives.cpp.o
2026-08-03T23:55:54.8035900Z [143/716] Building CXX object 3rdparty/SPIRV-Tools/source/CMakeFiles/SPIRV-Tools-static.dir/val/validate_execution_limitations.cpp.o
2026-08-03T23:55:57.3493800Z [144/716] Building CXX object 3rdparty/SPIRV-Tools/source/CMakeFiles/SPIRV-Tools-static.dir/val/validate_function.cpp.o
2026-08-03T23:55:57.7834340Z [145/716] Building CXX object 3rdparty/SPIRV-Tools/source/CMakeFiles/SPIRV-Tools-static.dir/val/validate_extensions.cpp.o
2026-08-03T23:55:57.9471850Z [146/716] Building CXX object 3rdparty/SPIRV-Tools/source/CMakeFiles/SPIRV-Tools-static.dir/val/validate_decorations.cpp.o
2026-08-03T23:55:58.6858520Z [147/716] Building CXX object 3rdparty/SPIRV-Tools/source/CMakeFiles/SPIRV-Tools-static.dir/val/validate_graph.cpp.o
2026-08-03T23:56:00.5115620Z [148/716] Building CXX object 3rdparty/SPIRV-Tools/source/CMakeFiles/SPIRV-Tools-static.dir/val/validate_id.cpp.o
2026-08-03T23:56:01.2484890Z [149/716] Building CXX object 3rdparty/SPIRV-Tools/source/CMakeFiles/SPIRV-Tools-static.dir/val/validate_builtins.cpp.o
2026-08-03T23:56:01.7425200Z [150/716] Building CXX object 3rdparty/SPIRV-Tools/source/CMakeFiles/SPIRV-Tools-static.dir/val/validate_image.cpp.o
2026-08-03T23:56:01.9958360Z [151/716] Building CXX object 3rdparty/SPIRV-Tools/source/CMakeFiles/SPIRV-Tools-static.dir/val/validate_interfaces.cpp.o
2026-08-03T23:56:02.1466510Z [152/716] Building CXX object 3rdparty/SPIRV-Tools/source/CMakeFiles/SPIRV-Tools-static.dir/val/validate_instruction.cpp.o
2026-08-03T23:56:03.0658850Z [153/716] Building CXX object 3rdparty/SPIRV-Tools/source/CMakeFiles/SPIRV-Tools-static.dir/val/validate_layout.cpp.o
2026-08-03T23:56:03.7210330Z [154/716] Building CXX object 3rdparty/SPIRV-Tools/source/CMakeFiles/SPIRV-Tools-static.dir/val/validate_literals.cpp.o
2026-08-03T23:56:04.2959730Z [155/716] Building CXX object 3rdparty/SPIRV-Tools/source/CMakeFiles/SPIRV-Tools-static.dir/val/validate_logicals.cpp.o
2026-08-03T23:56:04.8308210Z [156/716] Building CXX object 3rdparty/SPIRV-Tools/source/CMakeFiles/SPIRV-Tools-static.dir/val/validate_memory_semantics.cpp.o
2026-08-03T23:56:05.7394090Z [157/716] Building CXX object 3rdparty/SPIRV-Tools/source/CMakeFiles/SPIRV-Tools-static.dir/val/validate_mesh_shading.cpp.o
2026-08-03T23:56:06.2869040Z [158/716] Building CXX object 3rdparty/SPIRV-Tools/source/CMakeFiles/SPIRV-Tools-static.dir/val/validate_misc.cpp.o
2026-08-03T23:56:06.7012320Z [159/716] Building CXX object 3rdparty/SPIRV-Tools/source/CMakeFiles/SPIRV-Tools-static.dir/val/validate_memory.cpp.o
2026-08-03T23:56:07.7327450Z [160/716] Building CXX object 3rdparty/SPIRV-Tools/source/CMakeFiles/SPIRV-Tools-static.dir/val/validate_non_uniform.cpp.o
2026-08-03T23:56:08.5353100Z [161/716] Building CXX object 3rdparty/SPIRV-Tools/source/CMakeFiles/SPIRV-Tools-static.dir/val/validate_primitives.cpp.o
2026-08-03T23:56:08.7284400Z [162/716] Building CXX object 3rdparty/SPIRV-Tools/source/CMakeFiles/SPIRV-Tools-static.dir/val/validate_mode_setting.cpp.o
2026-08-03T23:56:09.2938890Z [163/716] Building CXX object 3rdparty/SPIRV-Tools/source/CMakeFiles/SPIRV-Tools-static.dir/val/validate_ray_query.cpp.o
2026-08-03T23:56:09.9004660Z [164/716] Building CXX object 3rdparty/SPIRV-Tools/source/CMakeFiles/SPIRV-Tools-static.dir/val/validate_ray_tracing.cpp.o
2026-08-03T23:56:10.6660390Z [165/716] Building CXX object 3rdparty/SPIRV-Tools/source/CMakeFiles/SPIRV-Tools-static.dir/val/validate_ray_tracing_reorder.cpp.o
2026-08-03T23:56:10.9990140Z [166/716] Building CXX object 3rdparty/SPIRV-Tools/source/CMakeFiles/SPIRV-Tools-static.dir/val/validate_small_type_uses.cpp.o
2026-08-03T23:56:11.4619550Z [167/716] Building CXX object 3rdparty/SPIRV-Tools/source/CMakeFiles/SPIRV-Tools-static.dir/val/validate_scopes.cpp.o
2026-08-03T23:56:11.5123180Z [168/716] Building CXX object 3rdparty/SPIRV-Tools/source/CMakeFiles/SPIRV-Tools-static.dir/val/validate_tensor_layout.cpp.o
2026-08-03T23:56:12.0461130Z [169/716] Building CXX object 3rdparty/SPIRV-Tools/source/CMakeFiles/SPIRV-Tools-static.dir/val/validate_tensor.cpp.o
2026-08-03T23:56:12.7107650Z [170/716] Building CXX object 3rdparty/SPIRV-Tools/source/CMakeFiles/SPIRV-Tools-static.dir/val/basic_block.cpp.o
2026-08-03T23:56:13.1570710Z [171/716] Building CXX object 3rdparty/SPIRV-Tools/source/CMakeFiles/SPIRV-Tools-static.dir/val/validate_invalid_type.cpp.o
2026-08-03T23:56:13.9018850Z [172/716] Building CXX object 3rdparty/SPIRV-Tools/source/CMakeFiles/SPIRV-Tools-static.dir/val/construct.cpp.o
2026-08-03T23:56:14.1730460Z [173/716] Building CXX object 3rdparty/SPIRV-Tools/source/CMakeFiles/SPIRV-Tools-static.dir/val/instruction.cpp.o
2026-08-03T23:56:14.3542140Z [174/716] Building CXX object 3rdparty/SPIRV-Tools/source/CMakeFiles/SPIRV-Tools-static.dir/val/validate_type.cpp.o
2026-08-03T23:56:16.5689900Z [175/716] Linking CXX static library 3rdparty/fmt/libfmt.a
2026-08-03T23:56:16.7967100Z [176/716] Building CXX object 3rdparty/SPIRV-Tools/source/CMakeFiles/SPIRV-Tools-static.dir/val/function.cpp.o
2026-08-03T23:56:17.2505330Z [177/716] Building CXX object 3rdparty/spdlog/CMakeFiles/spdlog.dir/src/stdout_sinks.cpp.o
2026-08-03T23:56:19.2538150Z [178/716] Building CXX object 3rdparty/spdlog/CMakeFiles/spdlog.dir/src/file_sinks.cpp.o
2026-08-03T23:56:19.6571580Z [179/716] Building CXX object 3rdparty/spdlog/CMakeFiles/spdlog.dir/src/color_sinks.cpp.o
2026-08-03T23:56:19.9686880Z [180/716] Building CXX object 3rdparty/spdlog/CMakeFiles/spdlog.dir/src/async.cpp.o
2026-08-03T23:56:20.1095920Z [181/716] Building C object 3rdparty/CMakeFiles/LibAtrac9.dir/LibAtrac9/C/src/band_extension.c.o
2026-08-03T23:56:20.2019610Z [182/716] Building C object 3rdparty/CMakeFiles/LibAtrac9.dir/LibAtrac9/C/src/bit_allocation.c.o
2026-08-03T23:56:20.2623880Z [183/716] Building C object 3rdparty/CMakeFiles/LibAtrac9.dir/LibAtrac9/C/src/bit_reader.c.o
2026-08-03T23:56:20.3627750Z [184/716] Building C object 3rdparty/CMakeFiles/LibAtrac9.dir/LibAtrac9/C/src/decinit.c.o
2026-08-03T23:56:20.4531550Z [185/716] Building C object 3rdparty/CMakeFiles/LibAtrac9.dir/LibAtrac9/C/src/decoder.c.o
2026-08-03T23:56:20.5134850Z [186/716] Building C object 3rdparty/CMakeFiles/LibAtrac9.dir/LibAtrac9/C/src/huffCodes.c.o
2026-08-03T23:56:20.5837380Z [187/716] Building C object 3rdparty/CMakeFiles/LibAtrac9.dir/LibAtrac9/C/src/imdct.c.o
2026-08-03T23:56:20.6440910Z [188/716] Building C object 3rdparty/CMakeFiles/LibAtrac9.dir/LibAtrac9/C/src/libatrac9.c.o
2026-08-03T23:56:20.7144310Z [189/716] Building C object 3rdparty/CMakeFiles/LibAtrac9.dir/LibAtrac9/C/src/quantization.c.o
2026-08-03T23:56:20.7847650Z [190/716] Building C object 3rdparty/CMakeFiles/LibAtrac9.dir/LibAtrac9/C/src/scale_factors.c.o
2026-08-03T23:56:20.8452160Z [191/716] Building C object 3rdparty/CMakeFiles/LibAtrac9.dir/LibAtrac9/C/src/tables.c.o
2026-08-03T23:56:20.9656520Z [192/716] Building C object 3rdparty/CMakeFiles/LibAtrac9.dir/LibAtrac9/C/src/unpack.c.o
2026-08-03T23:56:21.0159150Z [193/716] Building C object 3rdparty/CMakeFiles/LibAtrac9.dir/LibAtrac9/C/src/utility.c.o
2026-08-03T23:56:21.1084810Z [194/716] Linking C static library 3rdparty/cpuinfo/libcpuinfo.a
2026-08-03T23:56:21.4901620Z [195/716] Building C object 3rdparty/SDL2/CMakeFiles/SDL2-static.dir/src/SDL.c.o
2026-08-03T23:56:21.7538460Z [196/716] Building C object 3rdparty/SDL2/CMakeFiles/SDL2-static.dir/src/SDL_assert.c.o
2026-08-03T23:56:21.9044710Z [197/716] Building CXX object 3rdparty/spdlog/CMakeFiles/spdlog.dir/src/cfg.cpp.o
2026-08-03T23:56:21.9870560Z [198/716] Building C object 3rdparty/SDL2/CMakeFiles/SDL2-static.dir/src/SDL_error.c.o
2026-08-03T23:56:21.9973200Z [199/716] Building C object 3rdparty/SDL2/CMakeFiles/SDL2-static.dir/src/SDL_dataqueue.c.o
2026-08-03T23:56:22.0882850Z [200/716] Building C object 3rdparty/SDL2/CMakeFiles/SDL2-static.dir/src/SDL_guid.c.o
2026-08-03T23:56:22.1083820Z [201/716] Building C object 3rdparty/SDL2/CMakeFiles/SDL2-static.dir/src/SDL_hints.c.o
2026-08-03T23:56:22.2091290Z [202/716] Building C object 3rdparty/SDL2/CMakeFiles/SDL2-static.dir/src/SDL_log.c.o
2026-08-03T23:56:22.2694960Z [203/716] Building C object 3rdparty/SDL2/CMakeFiles/SDL2-static.dir/src/SDL_utils.c.o
2026-08-03T23:56:22.2897650Z [204/716] Building C object 3rdparty/SDL2/CMakeFiles/SDL2-static.dir/src/SDL_list.c.o
2026-08-03T23:56:22.3400780Z [205/716] Building C object 3rdparty/SDL2/CMakeFiles/SDL2-static.dir/src/atomic/SDL_atomic.c.o
2026-08-03T23:56:22.3617330Z [206/716] Building C object 3rdparty/SDL2/CMakeFiles/SDL2-static.dir/src/atomic/SDL_spinlock.c.o
2026-08-03T23:56:22.5425980Z [207/716] Building CXX object 3rdparty/SPIRV-Tools/source/CMakeFiles/SPIRV-Tools-static.dir/val/validation_state.cpp.o
2026-08-03T23:56:22.6132310Z [208/716] Building C object 3rdparty/SDL2/CMakeFiles/SDL2-static.dir/src/audio/SDL_audiodev.c.o
2026-08-03T23:56:22.8444570Z [209/716] Building C object 3rdparty/SDL2/CMakeFiles/SDL2-static.dir/src/audio/SDL_audio.c.o
2026-08-03T23:56:22.9447070Z [210/716] Building CXX object 3rdparty/spdlog/CMakeFiles/spdlog.dir/src/spdlog.cpp.o
2026-08-03T23:56:22.9748100Z [211/716] Building C object 3rdparty/SDL2/CMakeFiles/SDL2-static.dir/src/audio/SDL_audiotypecvt.c.o
2026-08-03T23:56:23.1558630Z [212/716] Building C object 3rdparty/SDL2/CMakeFiles/SDL2-static.dir/src/audio/SDL_mixer.c.o
2026-08-03T23:56:23.2463290Z [213/716] Building C object 3rdparty/SDL2/CMakeFiles/SDL2-static.dir/src/cpuinfo/SDL_cpuinfo.c.o
2026-08-03T23:56:23.2764570Z [214/716] Building C object 3rdparty/SDL2/CMakeFiles/SDL2-static.dir/src/audio/SDL_wave.c.o
2026-08-03T23:56:23.3486470Z [215/716] Building C object 3rdparty/SDL2/CMakeFiles/SDL2-static.dir/src/events/SDL_clipboardevents.c.o
2026-08-03T23:56:23.3687270Z [216/716] Building C object 3rdparty/SDL2/CMakeFiles/SDL2-static.dir/src/events/SDL_displayevents.c.o
2026-08-03T23:56:23.4593040Z [217/716] Building C object 3rdparty/SDL2/CMakeFiles/SDL2-static.dir/src/events/SDL_dropevents.c.o
2026-08-03T23:56:23.5517250Z [218/716] Building C object 3rdparty/SDL2/CMakeFiles/SDL2-static.dir/src/audio/SDL_audiocvt.c.o
2026-08-03T23:56:23.6626480Z [219/716] Building C object 3rdparty/SDL2/CMakeFiles/SDL2-static.dir/src/events/SDL_gesture.c.o
2026-08-03T23:56:23.7124340Z [220/716] Building C object 3rdparty/SDL2/CMakeFiles/SDL2-static.dir/src/events/SDL_keyboard.c.o
2026-08-03T23:56:23.7225830Z [221/716] Building C object 3rdparty/SDL2/CMakeFiles/SDL2-static.dir/src/events/SDL_keysym_to_scancode.c.o
2026-08-03T23:56:23.8031720Z [222/716] Building C object 3rdparty/SDL2/CMakeFiles/SDL2-static.dir/src/events/SDL_quit.c.o
2026-08-03T23:56:23.8754100Z [223/716] Building C object 3rdparty/SDL2/CMakeFiles/SDL2-static.dir/src/events/SDL_scancode_tables.c.o
2026-08-03T23:56:24.0464810Z [224/716] Building C object 3rdparty/SDL2/CMakeFiles/SDL2-static.dir/src/events/SDL_mouse.c.o
2026-08-03T23:56:24.0568090Z [225/716] Building C object 3rdparty/SDL2/CMakeFiles/SDL2-static.dir/src/events/SDL_touch.c.o
2026-08-03T23:56:24.0969510Z [226/716] Building C object 3rdparty/SDL2/CMakeFiles/SDL2-static.dir/src/events/SDL_events.c.o
2026-08-03T23:56:24.1171630Z [227/716] Building C object 3rdparty/SDL2/CMakeFiles/SDL2-static.dir/src/events/imKStoUCS.c.o
2026-08-03T23:56:24.1574140Z [228/716] Building C object 3rdparty/SDL2/CMakeFiles/SDL2-static.dir/src/events/SDL_windowevents.c.o
2026-08-03T23:56:24.1926860Z [229/716] Building C object 3rdparty/SDL2/CMakeFiles/SDL2-static.dir/src/file/SDL_rwops.c.o
2026-08-03T23:56:24.2746460Z [230/716] Building C object 3rdparty/SDL2/CMakeFiles/SDL2-static.dir/src/haptic/SDL_haptic.c.o
2026-08-03T23:56:24.5707360Z [231/716] Building C object 3rdparty/SDL2/CMakeFiles/SDL2-static.dir/src/hidapi/SDL_hidapi.c.o
2026-08-03T23:56:24.6363700Z [232/716] Building C object 3rdparty/SDL2/CMakeFiles/SDL2-static.dir/src/joystick/SDL_steam_virtual_gamepad.c.o
2026-08-03T23:56:24.7133370Z [233/716] Building C object 3rdparty/SDL2/CMakeFiles/SDL2-static.dir/src/joystick/controller_type.c.o
2026-08-03T23:56:24.7939150Z [234/716] Building C object 3rdparty/SDL2/CMakeFiles/SDL2-static.dir/src/joystick/SDL_gamecontroller.c.o
2026-08-03T23:56:24.8040730Z [235/716] Building C object 3rdparty/SDL2/CMakeFiles/SDL2-static.dir/src/libm/e_atan2.c.o
2026-08-03T23:56:24.8698420Z [236/716] Building C object 3rdparty/SDL2/CMakeFiles/SDL2-static.dir/src/libm/e_exp.c.o
2026-08-03T23:56:24.8850000Z [237/716] Building C object 3rdparty/SDL2/CMakeFiles/SDL2-static.dir/src/libm/e_fmod.c.o
2026-08-03T23:56:24.9556250Z [238/716] Building C object 3rdparty/SDL2/CMakeFiles/SDL2-static.dir/src/libm/e_log.c.o
2026-08-03T23:56:24.9657730Z [239/716] Building C object 3rdparty/SDL2/CMakeFiles/SDL2-static.dir/src/libm/e_log10.c.o
2026-08-03T23:56:25.0480670Z [240/716] Building C object 3rdparty/SDL2/CMakeFiles/SDL2-static.dir/src/libm/e_pow.c.o
2026-08-03T23:56:25.0582350Z [241/716] Building C object 3rdparty/SDL2/CMakeFiles/SDL2-static.dir/src/libm/e_rem_pio2.c.o
2026-08-03T23:56:25.1322090Z [242/716] Building C object 3rdparty/SDL2/CMakeFiles/SDL2-static.dir/src/libm/k_cos.c.o
2026-08-03T23:56:25.1425340Z [243/716] Building C object 3rdparty/SDL2/CMakeFiles/SDL2-static.dir/src/libm/e_sqrt.c.o
2026-08-03T23:56:25.2231300Z [244/716] Building C object 3rdparty/SDL2/CMakeFiles/SDL2-static.dir/src/libm/k_sin.c.o
2026-08-03T23:56:25.2796350Z [245/716] Building C object 3rdparty/SDL2/CMakeFiles/SDL2-static.dir/src/libm/k_rem_pio2.c.o
2026-08-03T23:56:25.3035040Z [246/716] Building C object 3rdparty/SDL2/CMakeFiles/SDL2-static.dir/src/libm/k_tan.c.o
2026-08-03T23:56:25.3519560Z [247/716] Building C object 3rdparty/SDL2/CMakeFiles/SDL2-static.dir/src/libm/s_atan.c.o
2026-08-03T23:56:25.3619810Z [248/716] Building C object 3rdparty/SDL2/CMakeFiles/SDL2-static.dir/src/libm/s_copysign.c.o
2026-08-03T23:56:25.4070770Z [249/716] Building C object 3rdparty/SDL2/CMakeFiles/SDL2-static.dir/src/libm/s_cos.c.o
2026-08-03T23:56:25.4223220Z [250/716] Building C object 3rdparty/SDL2/CMakeFiles/SDL2-static.dir/src/libm/s_fabs.c.o
2026-08-03T23:56:25.4476900Z [251/716] Building C object 3rdparty/SDL2/CMakeFiles/SDL2-static.dir/src/joystick/SDL_joystick.c.o
2026-08-03T23:56:25.4833330Z [252/716] Building C object 3rdparty/SDL2/CMakeFiles/SDL2-static.dir/src/libm/s_floor.c.o
2026-08-03T23:56:25.5004120Z [253/716] Building C object 3rdparty/SDL2/CMakeFiles/SDL2-static.dir/src/libm/s_scalbn.c.o
2026-08-03T23:56:25.5404820Z [254/716] Building C object 3rdparty/SDL2/CMakeFiles/SDL2-static.dir/src/libm/s_sin.c.o
2026-08-03T23:56:25.5710850Z [255/716] Building C object 3rdparty/SDL2/CMakeFiles/SDL2-static.dir/src/libm/s_tan.c.o
2026-08-03T23:56:25.5810860Z [256/716] Building C object 3rdparty/SDL2/CMakeFiles/SDL2-static.dir/src/locale/SDL_locale.c.o
2026-08-03T23:56:25.6146780Z [257/716] Building C object 3rdparty/SDL2/CMakeFiles/SDL2-static.dir/src/misc/SDL_url.c.o
2026-08-03T23:56:25.6441430Z [258/716] Building C object 3rdparty/SDL2/CMakeFiles/SDL2-static.dir/src/power/SDL_power.c.o
2026-08-03T23:56:25.6554710Z [259/716] Building C object 3rdparty/SDL2/CMakeFiles/SDL2-static.dir/src/render/SDL_d3dmath.c.o
2026-08-03T23:56:25.7737070Z [260/716] Building C object 3rdparty/SDL2/CMakeFiles/SDL2-static.dir/src/render/direct3d/SDL_render_d3d.c.o
2026-08-03T23:56:25.8450310Z [261/716] Building C object 3rdparty/SDL2/CMakeFiles/SDL2-static.dir/src/render/direct3d/SDL_shaders_d3d.c.o
2026-08-03T23:56:25.9455910Z [262/716] Building C object 3rdparty/SDL2/CMakeFiles/SDL2-static.dir/src/render/direct3d11/SDL_render_d3d11.c.o
2026-08-03T23:56:26.0259980Z [263/716] Building C object 3rdparty/SDL2/CMakeFiles/SDL2-static.dir/src/render/SDL_yuv_sw.c.o
2026-08-03T23:56:26.0360260Z [264/716] Building C object 3rdparty/SDL2/CMakeFiles/SDL2-static.dir/src/render/direct3d11/SDL_shaders_d3d11.c.o
2026-08-03T23:56:26.0962970Z [265/716] Building C object 3rdparty/SDL2/CMakeFiles/SDL2-static.dir/src/render/direct3d12/SDL_render_d3d12.c.o
2026-08-03T23:56:26.1066080Z [266/716] Building C object 3rdparty/SDL2/CMakeFiles/SDL2-static.dir/src/render/direct3d12/SDL_shaders_d3d12.c.o
2026-08-03T23:56:26.2174650Z [267/716] Building C object 3rdparty/SDL2/CMakeFiles/SDL2-static.dir/src/render/opengl/SDL_shaders_gl.c.o
2026-08-03T23:56:26.2787720Z [268/716] Building C object 3rdparty/SDL2/CMakeFiles/SDL2-static.dir/src/render/opengles/SDL_render_gles.c.o
2026-08-03T23:56:26.3992260Z [269/716] Building C object 3rdparty/SDL2/CMakeFiles/SDL2-static.dir/src/dynapi/SDL_dynapi.c.o
2026-08-03T23:56:26.4896770Z [270/716] Building C object 3rdparty/SDL2/CMakeFiles/SDL2-static.dir/src/render/opengles2/SDL_shaders_gles2.c.o
2026-08-03T23:56:26.5700910Z [271/716] Building C object 3rdparty/SDL2/CMakeFiles/SDL2-static.dir/src/render/ps2/SDL_render_ps2.c.o
2026-08-03T23:56:26.6418190Z [272/716] Building C object 3rdparty/SDL2/CMakeFiles/SDL2-static.dir/src/render/psp/SDL_render_psp.c.o
2026-08-03T23:56:26.7121620Z [273/716] Building C object 3rdparty/SDL2/CMakeFiles/SDL2-static.dir/src/render/opengl/SDL_render_gl.c.o
2026-08-03T23:56:27.0141410Z [274/716] Building C object 3rdparty/SDL2/CMakeFiles/SDL2-static.dir/src/render/opengles2/SDL_render_gles2.c.o
2026-08-03T23:56:27.0442220Z [275/716] Building C object 3rdparty/SDL2/CMakeFiles/SDL2-static.dir/src/render/SDL_render.c.o
2026-08-03T23:56:27.3564000Z [276/716] Building C object 3rdparty/SDL2/CMakeFiles/SDL2-static.dir/src/render/software/SDL_drawline.c.o
2026-08-03T23:56:27.3965360Z [277/716] Building C object 3rdparty/SDL2/CMakeFiles/SDL2-static.dir/src/render/software/SDL_blendpoint.c.o
2026-08-03T23:56:27.5271940Z [278/716] Building C object 3rdparty/SDL2/CMakeFiles/SDL2-static.dir/src/render/software/SDL_drawpoint.c.o
2026-08-03T23:56:27.5975210Z [279/716] Building C object 3rdparty/SDL2/CMakeFiles/SDL2-static.dir/src/render/software/SDL_blendfillrect.c.o
2026-08-03T23:56:27.8186540Z [280/716] Building C object 3rdparty/SDL2/CMakeFiles/SDL2-static.dir/src/render/software/SDL_render_sw.c.o
2026-08-03T23:56:27.8807720Z [281/716] Building C object 3rdparty/SDL2/CMakeFiles/SDL2-static.dir/src/render/vitagxm/SDL_render_vita_gxm.c.o
2026-08-03T23:56:27.9309690Z [282/716] Building C object 3rdparty/SDL2/CMakeFiles/SDL2-static.dir/src/render/software/SDL_rotate.c.o
2026-08-03T23:56:27.9411320Z [283/716] Building C object 3rdparty/SDL2/CMakeFiles/SDL2-static.dir/src/render/vitagxm/SDL_render_vita_gxm_memory.c.o
2026-08-03T23:56:28.0015470Z [284/716] Building C object 3rdparty/SDL2/CMakeFiles/SDL2-static.dir/src/render/vitagxm/SDL_render_vita_gxm_tools.c.o
2026-08-03T23:56:28.0820920Z [285/716] Building C object 3rdparty/SDL2/CMakeFiles/SDL2-static.dir/src/stdlib/SDL_crc16.c.o
2026-08-03T23:56:28.1524070Z [286/716] Building C object 3rdparty/SDL2/CMakeFiles/SDL2-static.dir/src/stdlib/SDL_crc32.c.o
2026-08-03T23:56:28.2329120Z [287/716] Building C object 3rdparty/SDL2/CMakeFiles/SDL2-static.dir/src/stdlib/SDL_getenv.c.o
2026-08-03T23:56:28.2836190Z [288/716] Building C object 3rdparty/SDL2/CMakeFiles/SDL2-static.dir/src/sensor/SDL_sensor.c.o
2026-08-03T23:56:28.3641550Z [289/716] Building C object 3rdparty/SDL2/CMakeFiles/SDL2-static.dir/src/stdlib/SDL_iconv.c.o
2026-08-03T23:56:28.3743210Z [290/716] Building C object 3rdparty/SDL2/CMakeFiles/SDL2-static.dir/src/stdlib/SDL_malloc.c.o
2026-08-03T23:56:28.4145780Z [291/716] Building C object 3rdparty/SDL2/CMakeFiles/SDL2-static.dir/src/stdlib/SDL_mslibc.c.o
2026-08-03T23:56:28.4246030Z [292/716] Building C object 3rdparty/SDL2/CMakeFiles/SDL2-static.dir/src/stdlib/SDL_qsort.c.o
2026-08-03T23:56:28.4556830Z [293/716] Building C object 3rdparty/SDL2/CMakeFiles/SDL2-static.dir/src/render/software/SDL_triangle.c.o
2026-08-03T23:56:28.4960500Z [294/716] Building C object 3rdparty/SDL2/CMakeFiles/SDL2-static.dir/src/stdlib/SDL_stdlib.c.o
2026-08-03T23:56:28.5264480Z [295/716] Building C object 3rdparty/SDL2/CMakeFiles/SDL2-static.dir/src/stdlib/SDL_strtokr.c.o
2026-08-03T23:56:28.5978230Z [296/716] Building C object 3rdparty/SDL2/CMakeFiles/SDL2-static.dir/src/stdlib/SDL_string.c.o
2026-08-03T23:56:28.6381210Z [297/716] Building C object 3rdparty/SDL2/CMakeFiles/SDL2-static.dir/src/thread/SDL_thread.c.o
2026-08-03T23:56:28.8087500Z [298/716] Building C object 3rdparty/SDL2/CMakeFiles/SDL2-static.dir/src/render/software/SDL_blendline.c.o
2026-08-03T23:56:28.8388030Z [299/716] Building C object 3rdparty/SDL2/CMakeFiles/SDL2-static.dir/src/timer/SDL_timer.c.o
2026-08-03T23:56:28.9514620Z [300/716] Building C object 3rdparty/SDL2/CMakeFiles/SDL2-static.dir/src/video/SDL_blit.c.o
2026-08-03T23:56:29.3942760Z [301/716] Building C object 3rdparty/SDL2/CMakeFiles/SDL2-static.dir/src/video/SDL_blit_1.c.o
2026-08-03T23:56:29.8058670Z [302/716] Building C object 3rdparty/SDL2/CMakeFiles/SDL2-static.dir/src/video/SDL_blit_0.c.o
2026-08-03T23:56:30.0702870Z [303/716] Building C object 3rdparty/SDL2/CMakeFiles/SDL2-static.dir/src/video/SDL_RLEaccel.c.o
2026-08-03T23:56:30.2581660Z [304/716] Building C object 3rdparty/SDL2/CMakeFiles/SDL2-static.dir/src/video/SDL_blit_A.c.o
2026-08-03T23:56:30.2682380Z [305/716] Building C object 3rdparty/SDL2/CMakeFiles/SDL2-static.dir/src/video/SDL_blit_copy.c.o
2026-08-03T23:56:30.6100010Z [306/716] Building C object 3rdparty/SDL2/CMakeFiles/SDL2-static.dir/src/video/SDL_bmp.c.o
2026-08-03T23:56:30.6201600Z [307/716] Building C object 3rdparty/SDL2/CMakeFiles/SDL2-static.dir/src/video/SDL_blit_N.c.o
2026-08-03T23:56:30.6454870Z [308/716] Building C object 3rdparty/SDL2/CMakeFiles/SDL2-static.dir/src/video/SDL_blit_slow.c.o
2026-08-03T23:56:30.7134230Z [309/716] Building C object 3rdparty/SDL2/CMakeFiles/SDL2-static.dir/src/video/SDL_clipboard.c.o
2026-08-03T23:56:30.8986600Z [310/716] Building C object 3rdparty/SDL2/CMakeFiles/SDL2-static.dir/src/video/SDL_egl.c.o
2026-08-03T23:56:31.0652970Z [311/716] Building C object 3rdparty/SDL2/CMakeFiles/SDL2-static.dir/src/video/SDL_rect.c.o
2026-08-03T23:56:31.0854920Z [312/716] Building C object 3rdparty/SDL2/CMakeFiles/SDL2-static.dir/src/video/SDL_fillrect.c.o
2026-08-03T23:56:31.2123920Z [313/716] Building C object 3rdparty/SDL2/CMakeFiles/SDL2-static.dir/src/video/SDL_pixels.c.o
2026-08-03T23:56:31.4662590Z [314/716] Building C object 3rdparty/SDL2/CMakeFiles/SDL2-static.dir/src/video/SDL_shape.c.o
2026-08-03T23:56:31.4872530Z [315/716] Building C object 3rdparty/SDL2/CMakeFiles/SDL2-static.dir/src/video/SDL_stretch.c.o
2026-08-03T23:56:31.5999590Z [316/716] Building C object 3rdparty/SDL2/CMakeFiles/SDL2-static.dir/src/video/SDL_vulkan_utils.c.o
2026-08-03T23:56:31.8527080Z [317/716] Building C object 3rdparty/SDL2/CMakeFiles/SDL2-static.dir/src/video/SDL_surface.c.o
2026-08-03T23:56:32.0525710Z [318/716] Building C object 3rdparty/SDL2/CMakeFiles/SDL2-static.dir/src/video/yuv2rgb/yuv_rgb_lsx.c.o
2026-08-03T23:56:32.6152450Z [319/716] Building C object 3rdparty/SDL2/CMakeFiles/SDL2-static.dir/src/video/SDL_video.c.o
2026-08-03T23:56:32.6254140Z [320/716] Building CXX object 3rdparty/tracy/CMakeFiles/TracyClient.dir/public/TracyClient.cpp.o
2026-08-03T23:56:32.6355760Z In file included from /Users/runner/work/KytyPlus/KytyPlus/3rdparty/tracy/public/TracyClient.cpp:14:
2026-08-03T23:56:32.6458560Z /Users/runner/work/KytyPlus/KytyPlus/3rdparty/tracy/public/common/TracySystem.cpp:312:3: warning: 'sprintf' is deprecated: This function is provided for compatibility reasons only.  Due to security concerns inherent in the design of sprintf(3), it is highly recommended that you use snprintf(3) instead. [-Wdeprecated-declarations]
2026-08-03T23:56:32.6560590Z   312 |   sprintf( buf, "%" PRIu32, id );
2026-08-03T23:56:32.6681960Z       |   ^
2026-08-03T23:56:32.6783720Z /Applications/Xcode_26.3.app/Contents/Developer/Platforms/MacOSX.platform/Developer/SDKs/MacOSX.sdk/usr/include/_stdio.h:278:1: note: 'sprintf' has been explicitly marked deprecated here
2026-08-03T23:56:32.6884160Z   278 | __deprecated_msg("This function is provided for compatibility reasons only.  Due to security concerns inherent in the design of sprintf(3), it is highly recommended that you use snprintf(3) instead.")
2026-08-03T23:56:32.6984060Z       | ^
2026-08-03T23:56:32.7085060Z /Applications/Xcode_26.3.app/Contents/Developer/Platforms/MacOSX.platform/Developer/SDKs/MacOSX.sdk/usr/include/sys/cdefs.h:227:48: note: expanded from macro '__deprecated_msg'
2026-08-03T23:56:32.7185400Z   227 |         #define __deprecated_msg(_msg) __attribute__((__deprecated__(_msg)))
2026-08-03T23:56:32.7285860Z       |                                                       ^
2026-08-03T23:56:32.7386820Z In file included from /Users/runner/work/KytyPlus/KytyPlus/3rdparty/tracy/public/TracyClient.cpp:23:
2026-08-03T23:56:32.7487900Z /Users/runner/work/KytyPlus/KytyPlus/3rdparty/tracy/public/client/TracyProfiler.cpp:571:12: warning: 'sprintf' is deprecated: This function is provided for compatibility reasons only.  Due to security concerns inherent in the design of sprintf(3), it is highly recommended that you use snprintf(3) instead. [-Wdeprecated-declarations]
2026-08-03T23:56:32.7588130Z   571 |     ptr += sprintf( ptr, "OS: Darwin (OSX)\n" );
2026-08-03T23:56:32.7688840Z       |            ^
2026-08-03T23:56:32.7790880Z /Applications/Xcode_26.3.app/Contents/Developer/Platforms/MacOSX.platform/Developer/SDKs/MacOSX.sdk/usr/include/_stdio.h:278:1: note: 'sprintf' has been explicitly marked deprecated here
2026-08-03T23:56:32.7891100Z   278 | __deprecated_msg("This function is provided for compatibility reasons only.  Due to security concerns inherent in the design of sprintf(3), it is highly recommended that you use snprintf(3) instead.")
2026-08-03T23:56:32.7993950Z       | ^
2026-08-03T23:56:32.8094270Z /Applications/Xcode_26.3.app/Contents/Developer/Platforms/MacOSX.platform/Developer/SDKs/MacOSX.sdk/usr/include/sys/cdefs.h:227:48: note: expanded from macro '__deprecated_msg'
2026-08-03T23:56:32.8196190Z   227 |         #define __deprecated_msg(_msg) __attribute__((__deprecated__(_msg)))
2026-08-03T23:56:32.8296360Z       |                                                       ^
2026-08-03T23:56:32.8397840Z In file included from /Users/runner/work/KytyPlus/KytyPlus/3rdparty/tracy/public/TracyClient.cpp:23:
2026-08-03T23:56:32.8499440Z /Users/runner/work/KytyPlus/KytyPlus/3rdparty/tracy/public/client/TracyProfiler.cpp:596:12: warning: 'sprintf' is deprecated: This function is provided for compatibility reasons only.  Due to security concerns inherent in the design of sprintf(3), it is highly recommended that you use snprintf(3) instead. [-Wdeprecated-declarations]
2026-08-03T23:56:32.8600300Z   596 |     ptr += sprintf( ptr, "Compiler: clang %i.%i.%i\n", __clang_major__, __clang_minor__, __clang_patchlevel__ );
2026-08-03T23:56:32.8701990Z       |            ^
2026-08-03T23:56:32.8803960Z /Applications/Xcode_26.3.app/Contents/Developer/Platforms/MacOSX.platform/Developer/SDKs/MacOSX.sdk/usr/include/_stdio.h:278:1: note: 'sprintf' has been explicitly marked deprecated here
2026-08-03T23:56:32.8905720Z   278 | __deprecated_msg("This function is provided for compatibility reasons only.  Due to security concerns inherent in the design of sprintf(3), it is highly recommended that you use snprintf(3) instead.")
2026-08-03T23:56:32.9007110Z       | ^
2026-08-03T23:56:32.9108200Z /Applications/Xcode_26.3.app/Contents/Developer/Platforms/MacOSX.platform/Developer/SDKs/MacOSX.sdk/usr/include/sys/cdefs.h:227:48: note: expanded from macro '__deprecated_msg'
2026-08-03T23:56:32.9210560Z   227 |         #define __deprecated_msg(_msg) __attribute__((__deprecated__(_msg)))
2026-08-03T23:56:32.9312140Z       |                                                       ^
2026-08-03T23:56:32.9412590Z In file included from /Users/runner/work/KytyPlus/KytyPlus/3rdparty/tracy/public/TracyClient.cpp:23:
2026-08-03T23:56:32.9515310Z /Users/runner/work/KytyPlus/KytyPlus/3rdparty/tracy/public/client/TracyProfiler.cpp:614:12: warning: 'sprintf' is deprecated: This function is provided for compatibility reasons only.  Due to security concerns inherent in the design of sprintf(3), it is highly recommended that you use snprintf(3) instead. [-Wdeprecated-declarations]
2026-08-03T23:56:32.9616920Z   614 |     ptr += sprintf( ptr, "User: %s@%s", user, hostname );
2026-08-03T23:56:32.9717190Z       |            ^
2026-08-03T23:56:32.9863580Z /Applications/Xcode_26.3.app/Contents/Developer/Platforms/MacOSX.platform/Developer/SDKs/MacOSX.sdk/usr/include/_stdio.h:278:1: note: 'sprintf' has been explicitly marked deprecated here
2026-08-03T23:56:32.9967220Z   278 | __deprecated_msg("This function is provided for compatibility reasons only.  Due to security concerns inherent in the design of sprintf(3), it is highly recommended that you use snprintf(3) instead.")
2026-08-03T23:56:32.9967930Z       | ^
2026-08-03T23:56:33.0070370Z /Applications/Xcode_26.3.app/Contents/Developer/Platforms/MacOSX.platform/Developer/SDKs/MacOSX.sdk/usr/include/sys/cdefs.h:227:48: note: expanded from macro '__deprecated_msg'
2026-08-03T23:56:33.0173720Z   227 |         #define __deprecated_msg(_msg) __attribute__((__deprecated__(_msg)))
2026-08-03T23:56:33.0276010Z       |                                                       ^
2026-08-03T23:56:33.0378040Z In file included from /Users/runner/work/KytyPlus/KytyPlus/3rdparty/tracy/public/TracyClient.cpp:23:
2026-08-03T23:56:33.0480980Z /Users/runner/work/KytyPlus/KytyPlus/3rdparty/tracy/public/client/TracyProfiler.cpp:617:27: warning: 'sprintf' is deprecated: This function is provided for compatibility reasons only.  Due to security concerns inherent in the design of sprintf(3), it is highly recommended that you use snprintf(3) instead. [-Wdeprecated-declarations]
2026-08-03T23:56:33.0583150Z   617 |     if( fullName ) ptr += sprintf( ptr, " (%s)", fullName );
2026-08-03T23:56:33.0684340Z       |                           ^
2026-08-03T23:56:33.0785850Z /Applications/Xcode_26.3.app/Contents/Developer/Platforms/MacOSX.platform/Developer/SDKs/MacOSX.sdk/usr/include/_stdio.h:278:1: note: 'sprintf' has been explicitly marked deprecated here
2026-08-03T23:56:33.0888530Z   278 | __deprecated_msg("This function is provided for compatibility reasons only.  Due to security concerns inherent in the design of sprintf(3), it is highly recommended that you use snprintf(3) instead.")
2026-08-03T23:56:33.0990080Z       | ^
2026-08-03T23:56:33.1091700Z /Applications/Xcode_26.3.app/Contents/Developer/Platforms/MacOSX.platform/Developer/SDKs/MacOSX.sdk/usr/include/sys/cdefs.h:227:48: note: expanded from macro '__deprecated_msg'
2026-08-03T23:56:33.1194280Z   227 |         #define __deprecated_msg(_msg) __attribute__((__deprecated__(_msg)))
2026-08-03T23:56:33.1273580Z       |                                                       ^
2026-08-03T23:56:33.1374790Z In file included from /Users/runner/work/KytyPlus/KytyPlus/3rdparty/tracy/public/TracyClient.cpp:23:
2026-08-03T23:56:33.1475650Z /Users/runner/work/KytyPlus/KytyPlus/3rdparty/tracy/public/client/TracyProfiler.cpp:618:12: warning: 'sprintf' is deprecated: This function is provided for compatibility reasons only.  Due to security concerns inherent in the design of sprintf(3), it is highly recommended that you use snprintf(3) instead. [-Wdeprecated-declarations]
2026-08-03T23:56:33.1578180Z   618 |     ptr += sprintf( ptr, "\n" );
2026-08-03T23:56:33.1678660Z       |            ^
2026-08-03T23:56:33.1780570Z /Applications/Xcode_26.3.app/Contents/Developer/Platforms/MacOSX.platform/Developer/SDKs/MacOSX.sdk/usr/include/_stdio.h:278:1: note: 'sprintf' has been explicitly marked deprecated here
2026-08-03T23:56:33.1882360Z   278 | __deprecated_msg("This function is provided for compatibility reasons only.  Due to security concerns inherent in the design of sprintf(3), it is highly recommended that you use snprintf(3) instead.")
2026-08-03T23:56:33.1982990Z       | ^
2026-08-03T23:56:33.2084370Z /Applications/Xcode_26.3.app/Contents/Developer/Platforms/MacOSX.platform/Developer/SDKs/MacOSX.sdk/usr/include/sys/cdefs.h:227:48: note: expanded from macro '__deprecated_msg'
2026-08-03T23:56:33.2184670Z   227 |         #define __deprecated_msg(_msg) __attribute__((__deprecated__(_msg)))
2026-08-03T23:56:33.2285820Z       |                                                       ^
2026-08-03T23:56:33.2386540Z In file included from /Users/runner/work/KytyPlus/KytyPlus/3rdparty/tracy/public/TracyClient.cpp:23:
2026-08-03T23:56:33.2488360Z /Users/runner/work/KytyPlus/KytyPlus/3rdparty/tracy/public/client/TracyProfiler.cpp:623:12: warning: 'sprintf' is deprecated: This function is provided for compatibility reasons only.  Due to security concerns inherent in the design of sprintf(3), it is highly recommended that you use snprintf(3) instead. [-Wdeprecated-declarations]
2026-08-03T23:56:33.2588480Z   623 |     ptr += sprintf( ptr, "Arch: x64\n" );
2026-08-03T23:56:33.2689530Z       |            ^
2026-08-03T23:56:33.2794260Z /Applications/Xcode_26.3.app/Contents/Developer/Platforms/MacOSX.platform/Developer/SDKs/MacOSX.sdk/usr/include/_stdio.h:278:1: note: 'sprintf' has been explicitly marked deprecated here
2026-08-03T23:56:33.2896190Z   278 | __deprecated_msg("This function is provided for compatibility reasons only.  Due to security concerns inherent in the design of sprintf(3), it is highly recommended that you use snprintf(3) instead.")
2026-08-03T23:56:33.2997620Z       | ^
2026-08-03T23:56:33.3101310Z /Applications/Xcode_26.3.app/Contents/Developer/Platforms/MacOSX.platform/Developer/SDKs/MacOSX.sdk/usr/include/sys/cdefs.h:227:48: note: expanded from macro '__deprecated_msg'
2026-08-03T23:56:33.3200040Z   227 |         #define __deprecated_msg(_msg) __attribute__((__deprecated__(_msg)))
2026-08-03T23:56:33.3301350Z       |                                                       ^
2026-08-03T23:56:33.3402700Z In file included from /Users/runner/work/KytyPlus/KytyPlus/3rdparty/tracy/public/TracyClient.cpp:23:
2026-08-03T23:56:33.3506790Z /Users/runner/work/KytyPlus/KytyPlus/3rdparty/tracy/public/client/TracyProfiler.cpp:642:12: warning: 'sprintf' is deprecated: This function is provided for compatibility reasons only.  Due to security concerns inherent in the design of sprintf(3), it is highly recommended that you use snprintf(3) instead. [-Wdeprecated-declarations]
2026-08-03T23:56:33.3605570Z   642 |     ptr += sprintf( ptr, "CPU: %s\n", cpuModel );
2026-08-03T23:56:33.3706790Z       |            ^
2026-08-03T23:56:33.3809380Z /Applications/Xcode_26.3.app/Contents/Developer/Platforms/MacOSX.platform/Developer/SDKs/MacOSX.sdk/usr/include/_stdio.h:278:1: note: 'sprintf' has been explicitly marked deprecated here
2026-08-03T23:56:33.3908870Z   278 | __deprecated_msg("This function is provided for compatibility reasons only.  Due to security concerns inherent in the design of sprintf(3), it is highly recommended that you use snprintf(3) instead.")
2026-08-03T23:56:33.4011000Z       | ^
2026-08-03T23:56:33.4113100Z /Applications/Xcode_26.3.app/Contents/Developer/Platforms/MacOSX.platform/Developer/SDKs/MacOSX.sdk/usr/include/sys/cdefs.h:227:48: note: expanded from macro '__deprecated_msg'
2026-08-03T23:56:33.4213990Z   227 |         #define __deprecated_msg(_msg) __attribute__((__deprecated__(_msg)))
2026-08-03T23:56:33.4315570Z       |                                                       ^
2026-08-03T23:56:33.4418160Z In file included from /Users/runner/work/KytyPlus/KytyPlus/3rdparty/tracy/public/TracyClient.cpp:23:
2026-08-03T23:56:33.4520390Z /Users/runner/work/KytyPlus/KytyPlus/3rdparty/tracy/public/client/TracyProfiler.cpp:712:12: warning: 'sprintf' is deprecated: This function is provided for compatibility reasons only.  Due to security concerns inherent in the design of sprintf(3), it is highly recommended that you use snprintf(3) instead. [-Wdeprecated-declarations]
2026-08-03T23:56:33.4627350Z   712 |     ptr += sprintf( ptr, "CPU cores: %i\n", std::thread::hardware_concurrency() );
2026-08-03T23:56:33.4729390Z       |            ^
2026-08-03T23:56:33.4831510Z /Applications/Xcode_26.3.app/Contents/Developer/Platforms/MacOSX.platform/Developer/SDKs/MacOSX.sdk/usr/include/_stdio.h:278:1: note: 'sprintf' has been explicitly marked deprecated here
2026-08-03T23:56:33.4931250Z   278 | __deprecated_msg("This function is provided for compatibility reasons only.  Due to security concerns inherent in the design of sprintf(3), it is highly recommended that you use snprintf(3) instead.")
2026-08-03T23:56:33.5032980Z       | ^
2026-08-03T23:56:33.5135090Z /Applications/Xcode_26.3.app/Contents/Developer/Platforms/MacOSX.platform/Developer/SDKs/MacOSX.sdk/usr/include/sys/cdefs.h:227:48: note: expanded from macro '__deprecated_msg'
2026-08-03T23:56:33.5235830Z   227 |         #define __deprecated_msg(_msg) __attribute__((__deprecated__(_msg)))
2026-08-03T23:56:33.5336020Z       |                                                       ^
2026-08-03T23:56:33.5437500Z In file included from /Users/runner/work/KytyPlus/KytyPlus/3rdparty/tracy/public/TracyClient.cpp:23:
2026-08-03T23:56:33.5541130Z /Users/runner/work/KytyPlus/KytyPlus/3rdparty/tracy/public/client/TracyProfiler.cpp:731:12: warning: 'sprintf' is deprecated: This function is provided for compatibility reasons only.  Due to security concerns inherent in the design of sprintf(3), it is highly recommended that you use snprintf(3) instead. [-Wdeprecated-declarations]
2026-08-03T23:56:33.5639740Z   731 |     ptr += sprintf( ptr, "RAM: %zu MB\n", memSize / 1024 / 1024 );
2026-08-03T23:56:33.5741330Z       |            ^
2026-08-03T23:56:33.5843500Z /Applications/Xcode_26.3.app/Contents/Developer/Platforms/MacOSX.platform/Developer/SDKs/MacOSX.sdk/usr/include/_stdio.h:278:1: note: 'sprintf' has been explicitly marked deprecated here
2026-08-03T23:56:33.5945570Z   278 | __deprecated_msg("This function is provided for compatibility reasons only.  Due to security concerns inherent in the design of sprintf(3), it is highly recommended that you use snprintf(3) instead.")
2026-08-03T23:56:33.6048250Z       | ^
2026-08-03T23:56:33.6150220Z /Applications/Xcode_26.3.app/Contents/Developer/Platforms/MacOSX.platform/Developer/SDKs/MacOSX.sdk/usr/include/sys/cdefs.h:227:48: note: expanded from macro '__deprecated_msg'
2026-08-03T23:56:33.6253870Z   227 |         #define __deprecated_msg(_msg) __attribute__((__deprecated__(_msg)))
2026-08-03T23:56:33.6356560Z       |                                                       ^
2026-08-03T23:56:33.6458280Z In file included from /Users/runner/work/KytyPlus/KytyPlus/3rdparty/tracy/public/TracyClient.cpp:24:
2026-08-03T23:56:33.6560380Z /Users/runner/work/KytyPlus/KytyPlus/3rdparty/tracy/public/client/TracyCallstack.cpp:1600:33: warning: 'sprintf' is deprecated: This function is provided for compatibility reasons only.  Due to security concerns inherent in the design of sprintf(3), it is highly recommended that you use snprintf(3) instead. [-Wdeprecated-declarations]
2026-08-03T23:56:33.6662310Z  1600 |             const auto offlen = sprintf( buf, " + %td", symoff );
2026-08-03T23:56:33.6763960Z       |                                 ^
2026-08-03T23:56:33.6865440Z /Applications/Xcode_26.3.app/Contents/Developer/Platforms/MacOSX.platform/Developer/SDKs/MacOSX.sdk/usr/include/_stdio.h:278:1: note: 'sprintf' has been explicitly marked deprecated here
2026-08-03T23:56:33.6967490Z   278 | __deprecated_msg("This function is provided for compatibility reasons only.  Due to security concerns inherent in the design of sprintf(3), it is highly recommended that you use snprintf(3) instead.")
2026-08-03T23:56:33.7067860Z       | ^
2026-08-03T23:56:33.7169400Z /Applications/Xcode_26.3.app/Contents/Developer/Platforms/MacOSX.platform/Developer/SDKs/MacOSX.sdk/usr/include/sys/cdefs.h:227:48: note: expanded from macro '__deprecated_msg'
2026-08-03T23:56:33.7303880Z   227 |         #define __deprecated_msg(_msg) __attribute__((__deprecated__(_msg)))
2026-08-03T23:56:33.7406220Z       |                                                       ^
2026-08-03T23:56:33.7508090Z In file included from /Users/runner/work/KytyPlus/KytyPlus/3rdparty/tracy/public/TracyClient.cpp:28:
2026-08-03T23:56:33.7610240Z /Users/runner/work/KytyPlus/KytyPlus/3rdparty/tracy/public/common/TracySocket.cpp:180:5: warning: 'sprintf' is deprecated: This function is provided for compatibility reasons only.  Due to security concerns inherent in the design of sprintf(3), it is highly recommended that you use snprintf(3) instead. [-Wdeprecated-declarations]
2026-08-03T23:56:33.7712310Z   180 |     sprintf( portbuf, "%" PRIu16, port );
2026-08-03T23:56:33.7812750Z       |     ^
2026-08-03T23:56:33.7913540Z /Applications/Xcode_26.3.app/Contents/Developer/Platforms/MacOSX.platform/Developer/SDKs/MacOSX.sdk/usr/include/_stdio.h:278:1: note: 'sprintf' has been explicitly marked deprecated here
2026-08-03T23:56:33.8014640Z   278 | __deprecated_msg("This function is provided for compatibility reasons only.  Due to security concerns inherent in the design of sprintf(3), it is highly recommended that you use snprintf(3) instead.")
2026-08-03T23:56:33.8116700Z       | ^
2026-08-03T23:56:33.8218120Z /Applications/Xcode_26.3.app/Contents/Developer/Platforms/MacOSX.platform/Developer/SDKs/MacOSX.sdk/usr/include/sys/cdefs.h:227:48: note: expanded from macro '__deprecated_msg'
2026-08-03T23:56:33.8318450Z   227 |         #define __deprecated_msg(_msg) __attribute__((__deprecated__(_msg)))
2026-08-03T23:56:33.8419540Z       |                                                       ^
2026-08-03T23:56:33.8521670Z In file included from /Users/runner/work/KytyPlus/KytyPlus/3rdparty/tracy/public/TracyClient.cpp:28:
2026-08-03T23:56:33.8622780Z /Users/runner/work/KytyPlus/KytyPlus/3rdparty/tracy/public/common/TracySocket.cpp:252:5: warning: 'sprintf' is deprecated: This function is provided for compatibility reasons only.  Due to security concerns inherent in the design of sprintf(3), it is highly recommended that you use snprintf(3) instead. [-Wdeprecated-declarations]
2026-08-03T23:56:33.8724350Z   252 |     sprintf( portbuf, "%" PRIu16, port );
2026-08-03T23:56:33.8825550Z       |     ^
2026-08-03T23:56:33.8926910Z /Applications/Xcode_26.3.app/Contents/Developer/Platforms/MacOSX.platform/Developer/SDKs/MacOSX.sdk/usr/include/_stdio.h:278:1: note: 'sprintf' has been explicitly marked deprecated here
2026-08-03T23:56:33.9027710Z   278 | __deprecated_msg("This function is provided for compatibility reasons only.  Due to security concerns inherent in the design of sprintf(3), it is highly recommended that you use snprintf(3) instead.")
2026-08-03T23:56:33.9128700Z       | ^
2026-08-03T23:56:33.9229880Z /Applications/Xcode_26.3.app/Contents/Developer/Platforms/MacOSX.platform/Developer/SDKs/MacOSX.sdk/usr/include/sys/cdefs.h:227:48: note: expanded from macro '__deprecated_msg'
2026-08-03T23:56:33.9330430Z   227 |         #define __deprecated_msg(_msg) __attribute__((__deprecated__(_msg)))
2026-08-03T23:56:33.9432760Z       |                                                       ^
2026-08-03T23:56:33.9533700Z In file included from /Users/runner/work/KytyPlus/KytyPlus/3rdparty/tracy/public/TracyClient.cpp:28:
2026-08-03T23:56:33.9634630Z /Users/runner/work/KytyPlus/KytyPlus/3rdparty/tracy/public/common/TracySocket.cpp:481:5: warning: 'sprintf' is deprecated: This function is provided for compatibility reasons only.  Due to security concerns inherent in the design of sprintf(3), it is highly recommended that you use snprintf(3) instead. [-Wdeprecated-declarations]
2026-08-03T23:56:33.9736280Z   481 |     sprintf( portbuf, "%" PRIu16, port );
2026-08-03T23:56:33.9859280Z       |     ^
2026-08-03T23:56:33.9962670Z /Applications/Xcode_26.3.app/Contents/Developer/Platforms/MacOSX.platform/Developer/SDKs/MacOSX.sdk/usr/include/_stdio.h:278:1: note: 'sprintf' has been explicitly marked deprecated here
2026-08-03T23:56:34.0066290Z   278 | __deprecated_msg("This function is provided for compatibility reasons only.  Due to security concerns inherent in the design of sprintf(3), it is highly recommended that you use snprintf(3) instead.")
2026-08-03T23:56:34.0168200Z       | ^
2026-08-03T23:56:34.0269350Z /Applications/Xcode_26.3.app/Contents/Developer/Platforms/MacOSX.platform/Developer/SDKs/MacOSX.sdk/usr/include/sys/cdefs.h:227:48: note: expanded from macro '__deprecated_msg'
2026-08-03T23:56:34.0369310Z   227 |         #define __deprecated_msg(_msg) __attribute__((__deprecated__(_msg)))
2026-08-03T23:56:34.0469800Z       |                                                       ^
2026-08-03T23:56:34.0571600Z In file included from /Users/runner/work/KytyPlus/KytyPlus/3rdparty/tracy/public/TracyClient.cpp:28:
2026-08-03T23:56:34.0673910Z /Users/runner/work/KytyPlus/KytyPlus/3rdparty/tracy/public/common/TracySocket.cpp:593:5: warning: 'sprintf' is deprecated: This function is provided for compatibility reasons only.  Due to security concerns inherent in the design of sprintf(3), it is highly recommended that you use snprintf(3) instead. [-Wdeprecated-declarations]
2026-08-03T23:56:34.0776700Z   593 |     sprintf( portbuf, "%" PRIu16, port );
2026-08-03T23:56:34.0878890Z       |     ^
2026-08-03T23:56:34.0981200Z /Applications/Xcode_26.3.app/Contents/Developer/Platforms/MacOSX.platform/Developer/SDKs/MacOSX.sdk/usr/include/_stdio.h:278:1: note: 'sprintf' has been explicitly marked deprecated here
2026-08-03T23:56:34.1087320Z   278 | __deprecated_msg("This function is provided for compatibility reasons only.  Due to security concerns inherent in the design of sprintf(3), it is highly recommended that you use snprintf(3) instead.")
2026-08-03T23:56:34.1188140Z       | ^
2026-08-03T23:56:34.1290110Z /Applications/Xcode_26.3.app/Contents/Developer/Platforms/MacOSX.platform/Developer/SDKs/MacOSX.sdk/usr/include/sys/cdefs.h:227:48: note: expanded from macro '__deprecated_msg'
2026-08-03T23:56:34.1390530Z   227 |         #define __deprecated_msg(_msg) __attribute__((__deprecated__(_msg)))
2026-08-03T23:56:34.1490760Z       |                                                       ^
2026-08-03T23:56:34.1591600Z In file included from /Users/runner/work/KytyPlus/KytyPlus/3rdparty/tracy/public/TracyClient.cpp:23:
2026-08-03T23:56:34.1694510Z /Users/runner/work/KytyPlus/KytyPlus/3rdparty/tracy/public/client/TracyProfiler.cpp:294:13: warning: unused function 'EnsureReadable' [-Wunused-function]
2026-08-03T23:56:34.1794520Z   294 | static bool EnsureReadable( uintptr_t address )
2026-08-03T23:56:34.1894970Z       |             ^~~~~~~~~~~~~~
2026-08-03T23:56:34.1996000Z 16 warnings generated.
2026-08-03T23:56:34.2097730Z [321/716] Building C object 3rdparty/SDL2/CMakeFiles/SDL2-static.dir/src/audio/dummy/SDL_dummyaudio.c.o
2026-08-03T23:56:34.2200800Z [322/716] Building C object 3rdparty/SDL2/CMakeFiles/SDL2-static.dir/src/audio/disk/SDL_diskaudio.c.o
2026-08-03T23:56:34.2322340Z [323/716] Building C object 3rdparty/SDL2/CMakeFiles/SDL2-static.dir/src/video/SDL_yuv.c.o
2026-08-03T23:56:34.2478850Z [324/716] Building C object 3rdparty/SDL2/CMakeFiles/SDL2-static.dir/src/loadso/dlopen/SDL_sysloadso.c.o
2026-08-03T23:56:34.2479540Z [325/716] Building C object 3rdparty/SDL2/CMakeFiles/SDL2-static.dir/src/video/dummy/SDL_nullevents.c.o
2026-08-03T23:56:34.2610420Z [326/716] Building C object 3rdparty/SDL2/CMakeFiles/SDL2-static.dir/src/joystick/virtual/SDL_virtualjoystick.c.o
2026-08-03T23:56:34.2740990Z [327/716] Building C object 3rdparty/SDL2/CMakeFiles/SDL2-static.dir/src/video/dummy/SDL_nullframebuffer.c.o
2026-08-03T23:56:34.2859800Z [328/716] Building C object 3rdparty/SDL2/CMakeFiles/SDL2-static.dir/src/video/offscreen/SDL_offscreenevents.c.o
2026-08-03T23:56:34.2967370Z [329/716] Building C object 3rdparty/SDL2/CMakeFiles/SDL2-static.dir/src/video/offscreen/SDL_offscreenframebuffer.c.o
2026-08-03T23:56:34.3111590Z [330/716] Building C object 3rdparty/SDL2/CMakeFiles/SDL2-static.dir/src/video/SDL_blit_auto.c.o
2026-08-03T23:56:34.3244850Z [331/716] Building C object 3rdparty/SDL2/CMakeFiles/SDL2-static.dir/src/video/dummy/SDL_nullvideo.c.o
2026-08-03T23:56:34.3355180Z [332/716] Building C object 3rdparty/SDL2/CMakeFiles/SDL2-static.dir/src/video/offscreen/SDL_offscreenopengles.c.o
2026-08-03T23:56:34.3467430Z [333/716] Building C object 3rdparty/SDL2/CMakeFiles/SDL2-static.dir/src/video/offscreen/SDL_offscreenwindow.c.o
2026-08-03T23:56:34.3569770Z [334/716] Building C object 3rdparty/SDL2/CMakeFiles/SDL2-static.dir/src/video/offscreen/SDL_offscreenvideo.c.o
2026-08-03T23:56:34.3672210Z [335/716] Building C object 3rdparty/SDL2/CMakeFiles/SDL2-static.dir/src/video/yuv2rgb/yuv_rgb_sse.c.o
2026-08-03T23:56:34.3774530Z [336/716] Building C object 3rdparty/SDL2/CMakeFiles/SDL2-static.dir/src/video/yuv2rgb/yuv_rgb_std.c.o
2026-08-03T23:56:34.3877600Z [337/716] Building C object 3rdparty/SDL2/CMakeFiles/SDL2-static.dir/src/joystick/hidapi/SDL_hidapi_8bitdo.c.o
2026-08-03T23:56:34.3979810Z [338/716] Building C object 3rdparty/SDL2/CMakeFiles/SDL2-static.dir/src/joystick/hidapi/SDL_hidapi_combined.c.o
2026-08-03T23:56:34.4082360Z [339/716] Building C object 3rdparty/SDL2/CMakeFiles/SDL2-static.dir/src/joystick/hidapi/SDL_hidapi_luna.c.o
2026-08-03T23:56:34.4185740Z [340/716] Building C object 3rdparty/SDL2/CMakeFiles/SDL2-static.dir/src/joystick/hidapi/SDL_hidapi_gamecube.c.o
2026-08-03T23:56:34.4288160Z [341/716] Building C object 3rdparty/SDL2/CMakeFiles/SDL2-static.dir/src/joystick/hidapi/SDL_hidapi_ps3.c.o
2026-08-03T23:56:34.4398720Z [342/716] Building C object 3rdparty/SDL2/CMakeFiles/SDL2-static.dir/src/joystick/hidapi/SDL_hidapi_ps4.c.o
2026-08-03T23:56:34.4504210Z [343/716] Building C object 3rdparty/SDL2/CMakeFiles/SDL2-static.dir/src/file/cocoa/SDL_rwopsbundlesupport.m.o
2026-08-03T23:56:34.4606140Z [344/716] Building C object 3rdparty/SDL2/CMakeFiles/SDL2-static.dir/src/joystick/hidapi/SDL_hidapi_rumble.c.o
2026-08-03T23:56:34.4708530Z [345/716] Building C object 3rdparty/SDL2/CMakeFiles/SDL2-static.dir/src/joystick/hidapi/SDL_hidapi_shield.c.o
2026-08-03T23:56:34.4810320Z [346/716] Building C object 3rdparty/SDL2/CMakeFiles/SDL2-static.dir/src/joystick/hidapi/SDL_hidapi_ps5.c.o
2026-08-03T23:56:34.4911880Z [347/716] Building C object 3rdparty/SDL2/CMakeFiles/SDL2-static.dir/src/joystick/hidapi/SDL_hidapi_stadia.c.o
2026-08-03T23:56:34.5102290Z [348/716] Building C object 3rdparty/SDL2/CMakeFiles/SDL2-static.dir/src/joystick/hidapi/SDL_hidapi_steamdeck.c.o
2026-08-03T23:56:34.5202740Z [349/716] Building C object 3rdparty/SDL2/CMakeFiles/SDL2-static.dir/src/audio/coreaudio/SDL_coreaudio.m.o
2026-08-03T23:56:34.5604960Z [350/716] Building C object 3rdparty/SDL2/CMakeFiles/SDL2-static.dir/src/joystick/hidapi/SDL_hidapi_steam.c.o
2026-08-03T23:56:34.5806460Z [351/716] Building C object 3rdparty/SDL2/CMakeFiles/SDL2-static.dir/src/joystick/hidapi/SDL_hidapi_xbox360.c.o
2026-08-03T23:56:34.7143830Z [352/716] Building C object 3rdparty/SDL2/CMakeFiles/SDL2-static.dir/src/joystick/hidapi/SDL_hidapi_xbox360w.c.o
2026-08-03T23:56:34.9035710Z [353/716] Building C object 3rdparty/SDL2/CMakeFiles/SDL2-static.dir/src/joystick/hidapi/SDL_hidapi_xboxone.c.o
2026-08-03T23:56:34.9846710Z [354/716] Building C object 3rdparty/SDL2/CMakeFiles/SDL2-static.dir/src/misc/macosx/SDL_sysurl.m.o
2026-08-03T23:56:34.9957450Z [355/716] Building C object 3rdparty/SDL2/CMakeFiles/SDL2-static.dir/src/joystick/hidapi/SDL_hidapi_wii.c.o
2026-08-03T23:56:35.2983810Z [356/716] Building C object 3rdparty/SDL2/CMakeFiles/SDL2-static.dir/src/joystick/hidapi/SDL_hidapijoystick.c.o
2026-08-03T23:56:35.3786600Z [357/716] Building C object 3rdparty/SDL2/CMakeFiles/SDL2-static.dir/src/joystick/hidapi/SDL_hidapi_switch.c.o
2026-08-03T23:56:35.3889190Z [358/716] Building C object 3rdparty/SDL2/CMakeFiles/SDL2-static.dir/src/haptic/darwin/SDL_syshaptic.c.o
2026-08-03T23:56:35.4116860Z [359/716] Building C object 3rdparty/SDL2/CMakeFiles/SDL2-static.dir/src/power/macosx/SDL_syspower.c.o
2026-08-03T23:56:35.4741280Z [360/716] Building C object 3rdparty/SDL2/CMakeFiles/SDL2-static.dir/src/timer/unix/SDL_systimer.c.o
2026-08-03T23:56:35.4842610Z [361/716] Building C object 3rdparty/SDL2/CMakeFiles/SDL2-static.dir/src/joystick/darwin/SDL_iokitjoystick.c.o
2026-08-03T23:56:35.9813050Z [362/716] Building C object 3rdparty/SDL2/CMakeFiles/SDL2-static.dir/src/locale/macosx/SDL_syslocale.m.o
2026-08-03T23:56:36.0215690Z [363/716] Building C object 3rdparty/SDL2/CMakeFiles/SDL2-static.dir/src/filesystem/cocoa/SDL_sysfilesystem.m.o
2026-08-03T23:56:36.7058380Z [364/716] Building C object 3rdparty/SDL2/CMakeFiles/SDL2-static.dir/src/joystick/iphoneos/SDL_mfijoystick.m.o
2026-08-03T23:56:36.7159020Z /Users/runner/work/KytyPlus/KytyPlus/3rdparty/SDL2/src/joystick/iphoneos/SDL_mfijoystick.m:504:27: warning: 'gamepad' is deprecated: first deprecated in macOS 10.12 [-Wdeprecated-declarations]
2026-08-03T23:56:36.7261840Z   504 |     } else if (controller.gamepad) {
2026-08-03T23:56:36.7363100Z       |                           ^~~~~~~
2026-08-03T23:56:36.7464650Z       |                           extendedGamepad
2026-08-03T23:56:36.7565650Z /Applications/Xcode_26.3.app/Contents/Developer/Platforms/MacOSX.platform/Developer/SDKs/MacOSX.sdk/System/Library/Frameworks/GameController.framework/Headers/GCController.h:229:62: note: 'gamepad' has been explicitly marked deprecated here
2026-08-03T23:56:36.7666600Z   229 | @property (nonatomic, strong, readonly, nullable) GCGamepad *gamepad API_DEPRECATED_WITH_REPLACEMENT("extendedGamepad", macos(10.9, 10.12), ios(7.0, 10.0), tvos(7.0, 10.0));
2026-08-03T23:56:36.7766860Z       |                                                              ^
2026-08-03T23:56:36.7868860Z /Users/runner/work/KytyPlus/KytyPlus/3rdparty/SDL2/src/joystick/iphoneos/SDL_mfijoystick.m:634:27: warning: 'gamepad' is deprecated: first deprecated in macOS 10.12 [-Wdeprecated-declarations]
2026-08-03T23:56:36.7969670Z   634 |     } else if (controller.gamepad) {
2026-08-03T23:56:36.8070870Z       |                           ^~~~~~~
2026-08-03T23:56:36.8171060Z       |                           extendedGamepad
2026-08-03T23:56:36.8272550Z /Applications/Xcode_26.3.app/Contents/Developer/Platforms/MacOSX.platform/Developer/SDKs/MacOSX.sdk/System/Library/Frameworks/GameController.framework/Headers/GCController.h:229:62: note: 'gamepad' has been explicitly marked deprecated here
2026-08-03T23:56:36.8374150Z   229 | @property (nonatomic, strong, readonly, nullable) GCGamepad *gamepad API_DEPRECATED_WITH_REPLACEMENT("extendedGamepad", macos(10.9, 10.12), ios(7.0, 10.0), tvos(7.0, 10.0));
2026-08-03T23:56:36.8473530Z       |                                                              ^
2026-08-03T23:56:36.8576960Z /Users/runner/work/KytyPlus/KytyPlus/3rdparty/SDL2/src/joystick/iphoneos/SDL_mfijoystick.m:800:24: warning: 'controllerPausedHandler' is deprecated: first deprecated in macOS 10.15 - Use the Menu button found on the controller's input profile, if it exists. [-Wdeprecated-declarations]
2026-08-03T23:56:36.8677240Z   800 |             controller.controllerPausedHandler = nil;
2026-08-03T23:56:36.8778620Z       |                        ^
2026-08-03T23:56:36.8881230Z /Applications/Xcode_26.3.app/Contents/Developer/Platforms/MacOSX.platform/Developer/SDKs/MacOSX.sdk/System/Library/Frameworks/GameController.framework/Headers/GCController.h:158:46: note: 'controllerPausedHandler' has been explicitly marked deprecated here
2026-08-03T23:56:36.8983070Z   158 | @property (nonatomic, copy, nullable) void (^controllerPausedHandler)(GCController *controller) API_DEPRECATED("Use the Menu button found on the controller's input profile, if it exists.", macos(10.9, 10.15), ios(7.0, 13.0), tvos(9.0, 13.0));
2026-08-03T23:56:36.9082690Z       |                                              ^
2026-08-03T23:56:36.9287540Z /Users/runner/work/KytyPlus/KytyPlus/3rdparty/SDL2/src/joystick/iphoneos/SDL_mfijoystick.m:1019:28: warning: 'controllerPausedHandler' is deprecated: first deprecated in macOS 10.15 - Use the Menu button found on the controller's input profile, if it exists. [-Wdeprecated-declarations]
2026-08-03T23:56:36.9290530Z  1019 |                 controller.controllerPausedHandler = ^(GCController *c) {
2026-08-03T23:56:36.9396880Z       |                            ^
2026-08-03T23:56:36.9498680Z /Applications/Xcode_26.3.app/Contents/Developer/Platforms/MacOSX.platform/Developer/SDKs/MacOSX.sdk/System/Library/Frameworks/GameController.framework/Headers/GCController.h:158:46: note: 'controllerPausedHandler' has been explicitly marked deprecated here
2026-08-03T23:56:36.9602610Z   158 | @property (nonatomic, copy, nullable) void (^controllerPausedHandler)(GCController *controller) API_DEPRECATED("Use the Menu button found on the controller's input profile, if it exists.", macos(10.9, 10.15), ios(7.0, 13.0), tvos(9.0, 13.0));
2026-08-03T23:56:36.9705850Z       |                                              ^
2026-08-03T23:56:36.9807580Z /Users/runner/work/KytyPlus/KytyPlus/3rdparty/SDL2/src/joystick/iphoneos/SDL_mfijoystick.m:1261:31: warning: 'gamepad' is deprecated: first deprecated in macOS 10.12 [-Wdeprecated-declarations]
2026-08-03T23:56:36.9909280Z  1261 |         } else if (controller.gamepad) {
2026-08-03T23:56:37.0011480Z       |                               ^~~~~~~
2026-08-03T23:56:37.0117130Z       |                               extendedGamepad
2026-08-03T23:56:37.0220940Z /Applications/Xcode_26.3.app/Contents/Developer/Platforms/MacOSX.platform/Developer/SDKs/MacOSX.sdk/System/Library/Frameworks/GameController.framework/Headers/GCController.h:229:62: note: 'gamepad' has been explicitly marked deprecated here
2026-08-03T23:56:37.0326030Z   229 | @property (nonatomic, strong, readonly, nullable) GCGamepad *gamepad API_DEPRECATED_WITH_REPLACEMENT("extendedGamepad", macos(10.9, 10.12), ios(7.0, 10.0), tvos(7.0, 10.0));
2026-08-03T23:56:37.0428690Z       |                                                              ^
2026-08-03T23:56:37.0531250Z /Users/runner/work/KytyPlus/KytyPlus/3rdparty/SDL2/src/joystick/iphoneos/SDL_mfijoystick.m:1263:13: warning: 'GCGamepad' is deprecated: first deprecated in macOS 10.12 [-Wdeprecated-declarations]
2026-08-03T23:56:37.0633220Z  1263 |             GCGamepad *gamepad = controller.gamepad;
2026-08-03T23:56:37.0734920Z       |             ^~~~~~~~~
2026-08-03T23:56:37.0836920Z       |             GCExtendedGamepad
2026-08-03T23:56:37.0939190Z /Applications/Xcode_26.3.app/Contents/Developer/Platforms/MacOSX.platform/Developer/SDKs/MacOSX.sdk/System/Library/Frameworks/GameController.framework/Headers/GCGamepad.h:27:12: note: 'GCGamepad' has been explicitly marked deprecated here
2026-08-03T23:56:37.1041200Z    27 | @interface GCGamepad : GCPhysicalInputProfile
2026-08-03T23:56:37.1142360Z       |            ^
2026-08-03T23:56:37.1248570Z /Users/runner/work/KytyPlus/KytyPlus/3rdparty/SDL2/src/joystick/iphoneos/SDL_mfijoystick.m:1263:45: warning: 'gamepad' is deprecated: first deprecated in macOS 10.12 [-Wdeprecated-declarations]
2026-08-03T23:56:37.1351370Z  1263 |             GCGamepad *gamepad = controller.gamepad;
2026-08-03T23:56:37.1452850Z       |                                             ^~~~~~~
2026-08-03T23:56:37.1554150Z       |                                             extendedGamepad
2026-08-03T23:56:37.1657550Z /Applications/Xcode_26.3.app/Contents/Developer/Platforms/MacOSX.platform/Developer/SDKs/MacOSX.sdk/System/Library/Frameworks/GameController.framework/Headers/GCController.h:229:62: note: 'gamepad' has been explicitly marked deprecated here
2026-08-03T23:56:37.1761230Z   229 | @property (nonatomic, strong, readonly, nullable) GCGamepad *gamepad API_DEPRECATED_WITH_REPLACEMENT("extendedGamepad", macos(10.9, 10.12), ios(7.0, 10.0), tvos(7.0, 10.0));
2026-08-03T23:56:37.1863570Z       |                                                              ^
2026-08-03T23:56:37.1968240Z /Users/runner/work/KytyPlus/KytyPlus/3rdparty/SDL2/src/joystick/iphoneos/SDL_mfijoystick.m:1803:24: warning: 'controllerPausedHandler' is deprecated: first deprecated in macOS 10.15 - Use the Menu button found on the controller's input profile, if it exists. [-Wdeprecated-declarations]
2026-08-03T23:56:37.2071670Z  1803 |             controller.controllerPausedHandler = nil;
2026-08-03T23:56:37.2173580Z       |                        ^
2026-08-03T23:56:37.2275690Z /Applications/Xcode_26.3.app/Contents/Developer/Platforms/MacOSX.platform/Developer/SDKs/MacOSX.sdk/System/Library/Frameworks/GameController.framework/Headers/GCController.h:158:46: note: 'controllerPausedHandler' has been explicitly marked deprecated here
2026-08-03T23:56:37.2379750Z   158 | @property (nonatomic, copy, nullable) void (^controllerPausedHandler)(GCController *controller) API_DEPRECATED("Use the Menu button found on the controller's input profile, if it exists.", macos(10.9, 10.15), ios(7.0, 13.0), tvos(9.0, 13.0));
2026-08-03T23:56:37.2482880Z       |                                              ^
2026-08-03T23:56:37.2585020Z /Users/runner/work/KytyPlus/KytyPlus/3rdparty/SDL2/src/joystick/iphoneos/SDL_mfijoystick.m:2035:20: warning: 'gamepad' is deprecated: first deprecated in macOS 10.12 [-Wdeprecated-declarations]
2026-08-03T23:56:37.2692150Z  2035 |     if (controller.gamepad) {
2026-08-03T23:56:37.2793550Z       |                    ^~~~~~~
2026-08-03T23:56:37.2895040Z       |                    extendedGamepad
2026-08-03T23:56:37.2996820Z /Applications/Xcode_26.3.app/Contents/Developer/Platforms/MacOSX.platform/Developer/SDKs/MacOSX.sdk/System/Library/Frameworks/GameController.framework/Headers/GCController.h:229:62: note: 'gamepad' has been explicitly marked deprecated here
2026-08-03T23:56:37.3100520Z   229 | @property (nonatomic, strong, readonly, nullable) GCGamepad *gamepad API_DEPRECATED_WITH_REPLACEMENT("extendedGamepad", macos(10.9, 10.12), ios(7.0, 10.0), tvos(7.0, 10.0));
2026-08-03T23:56:37.3203900Z       |                                                              ^
2026-08-03T23:56:37.3306190Z /Users/runner/work/KytyPlus/KytyPlus/3rdparty/SDL2/src/joystick/iphoneos/SDL_mfijoystick.m:2036:27: warning: 'gamepad' is deprecated: first deprecated in macOS 10.12 [-Wdeprecated-declarations]
2026-08-03T23:56:37.3407950Z  2036 |         return controller.gamepad.dpad;
2026-08-03T23:56:37.3509830Z       |                           ^~~~~~~
2026-08-03T23:56:37.3612030Z       |                           extendedGamepad
2026-08-03T23:56:37.3713830Z /Applications/Xcode_26.3.app/Contents/Developer/Platforms/MacOSX.platform/Developer/SDKs/MacOSX.sdk/System/Library/Frameworks/GameController.framework/Headers/GCController.h:229:62: note: 'gamepad' has been explicitly marked deprecated here
2026-08-03T23:56:37.3818600Z   229 | @property (nonatomic, strong, readonly, nullable) GCGamepad *gamepad API_DEPRECATED_WITH_REPLACEMENT("extendedGamepad", macos(10.9, 10.12), ios(7.0, 10.0), tvos(7.0, 10.0));
2026-08-03T23:56:37.3921070Z       |                                                              ^
2026-08-03T23:56:37.4022580Z 10 warnings generated.
2026-08-03T23:56:37.4123980Z [365/716] Building C object 3rdparty/SDL2/CMakeFiles/SDL2-static.dir/src/video/cocoa/SDL_cocoaclipboard.m.o
2026-08-03T23:56:37.4225800Z [366/716] Building C object 3rdparty/SDL2/CMakeFiles/SDL2-static.dir/src/video/cocoa/SDL_cocoaevents.m.o
2026-08-03T23:56:37.4328730Z /Users/runner/work/KytyPlus/KytyPlus/3rdparty/SDL2/src/video/cocoa/SDL_cocoaevents.m:307:36: warning: 'NSApplicationActivateIgnoringOtherApps' is deprecated: first deprecated in macOS 14.0 - ignoringOtherApps is deprecated in macOS 14 and will have no effect. [-Wdeprecated-declarations]
2026-08-03T23:56:37.4431460Z   307 |             [i activateWithOptions:NSApplicationActivateIgnoringOtherApps];
2026-08-03T23:56:37.4533020Z       |                                    ^
2026-08-03T23:56:37.4635030Z /Applications/Xcode_26.3.app/Contents/Developer/Platforms/MacOSX.platform/Developer/SDKs/MacOSX.sdk/System/Library/Frameworks/AppKit.framework/Headers/NSRunningApplication.h:27:5: note: 'NSApplicationActivateIgnoringOtherApps' has been explicitly marked deprecated here
2026-08-03T23:56:37.4737530Z    27 |     NSApplicationActivateIgnoringOtherApps API_DEPRECATED("ignoringOtherApps is deprecated in macOS 14 and will have no effect.", macos(10.6, 14.0)) = 1 << 1
2026-08-03T23:56:37.4838980Z       |     ^
2026-08-03T23:56:37.4940040Z 1 warning generated.
2026-08-03T23:56:37.5041390Z [367/716] Building C object 3rdparty/SDL2/CMakeFiles/SDL2-static.dir/src/video/cocoa/SDL_cocoamessagebox.m.o
2026-08-03T23:56:37.5142800Z [368/716] Building C object 3rdparty/SDL2/CMakeFiles/SDL2-static.dir/src/video/cocoa/SDL_cocoakeyboard.m.o
2026-08-03T23:56:38.1091500Z [369/716] Building C object 3rdparty/SDL2/CMakeFiles/SDL2-static.dir/src/video/cocoa/SDL_cocoametalview.m.o
2026-08-03T23:56:38.3881070Z [370/716] Building C object 3rdparty/SDL2/CMakeFiles/SDL2-static.dir/src/video/cocoa/SDL_cocoamodes.m.o
2026-08-03T23:56:38.3982370Z /Users/runner/work/KytyPlus/KytyPlus/3rdparty/SDL2/src/video/cocoa/SDL_cocoamodes.m:93:23: warning: 'CVDisplayLinkGetNominalOutputVideoRefreshPeriod' is deprecated: first deprecated in macOS 15.0 - use NSView.displayLink(target:selector:), NSWindow.displayLink(target:selector:), or NSScreen.displayLink(target:selector:)  [-Wdeprecated-declarations]
2026-08-03T23:56:38.4083240Z    93 |         CVTime time = CVDisplayLinkGetNominalOutputVideoRefreshPeriod(link);
2026-08-03T23:56:38.4183270Z       |                       ^
2026-08-03T23:56:38.4285410Z /Applications/Xcode_26.3.app/Contents/Developer/Platforms/MacOSX.platform/Developer/SDKs/MacOSX.sdk/System/Library/Frameworks/CoreVideo.framework/Headers/CVDisplayLink.h:182:18: note: 'CVDisplayLinkGetNominalOutputVideoRefreshPeriod' has been explicitly marked deprecated here
2026-08-03T23:56:38.4387610Z   182 | CV_EXPORT CVTime CVDisplayLinkGetNominalOutputVideoRefreshPeriod( CVDisplayLinkRef CV_NONNULL displayLink );
2026-08-03T23:56:38.4489790Z       |                  ^
2026-08-03T23:56:38.4591140Z /Users/runner/work/KytyPlus/KytyPlus/3rdparty/SDL2/src/video/cocoa/SDL_cocoamodes.m:122:23: warning: 'CGDisplayModeCopyPixelEncoding' is deprecated: first deprecated in macOS 10.11 - No longer supported [-Wdeprecated-declarations]
2026-08-03T23:56:38.4691720Z   122 |     CFStringRef fmt = CGDisplayModeCopyPixelEncoding(vidmode);
2026-08-03T23:56:38.4810420Z       |                       ^
2026-08-03T23:56:38.4912000Z /Applications/Xcode_26.3.app/Contents/Developer/Platforms/MacOSX.platform/Developer/SDKs/MacOSX.sdk/System/Library/Frameworks/CoreGraphics.framework/Headers/CGDirectDisplay.h:177:34: note: 'CGDisplayModeCopyPixelEncoding' has been explicitly marked deprecated here
2026-08-03T23:56:38.5011920Z   177 | CG_EXTERN CFStringRef __nullable CGDisplayModeCopyPixelEncoding(
2026-08-03T23:56:38.5112810Z       |                                  ^
2026-08-03T23:56:38.5214250Z /Users/runner/work/KytyPlus/KytyPlus/3rdparty/SDL2/src/video/cocoa/SDL_cocoamodes.m:284:32: warning: 'CGDisplayIOServicePort' is deprecated: first deprecated in macOS 10.9 - No longer supported [-Wdeprecated-declarations]
2026-08-03T23:56:38.5315760Z   284 |     io_service_t servicePort = CGDisplayIOServicePort(displayID);
2026-08-03T23:56:38.5415390Z       |                                ^
2026-08-03T23:56:38.5517290Z /Applications/Xcode_26.3.app/Contents/Developer/Platforms/MacOSX.platform/Developer/SDKs/MacOSX.sdk/System/Library/Frameworks/CoreGraphics.framework/Headers/CGDisplayConfiguration.h:372:24: note: 'CGDisplayIOServicePort' has been explicitly marked deprecated here
2026-08-03T23:56:38.5617540Z   372 | CG_EXTERN io_service_t CGDisplayIOServicePort(CGDirectDisplayID display)
2026-08-03T23:56:38.5718170Z       |                        ^
2026-08-03T23:56:38.5820490Z /Users/runner/work/KytyPlus/KytyPlus/3rdparty/SDL2/src/video/cocoa/SDL_cocoamodes.m:354:13: warning: 'CVDisplayLinkCreateWithCGDisplay' is deprecated: first deprecated in macOS 15.0 - use NSView.displayLink(target:selector:), NSWindow.displayLink(target:selector:), or NSScreen.displayLink(target:selector:)  [-Wdeprecated-declarations]
2026-08-03T23:56:38.5920340Z   354 |             CVDisplayLinkCreateWithCGDisplay(displays[i], &link);
2026-08-03T23:56:38.6021620Z       |             ^
2026-08-03T23:56:38.6123030Z /Applications/Xcode_26.3.app/Contents/Developer/Platforms/MacOSX.platform/Developer/SDKs/MacOSX.sdk/System/Library/Frameworks/CoreVideo.framework/Headers/CVDisplayLink.h:89:20: note: 'CVDisplayLinkCreateWithCGDisplay' has been explicitly marked deprecated here
2026-08-03T23:56:38.6223480Z    89 | CV_EXPORT CVReturn CVDisplayLinkCreateWithCGDisplay(
2026-08-03T23:56:38.6324920Z       |                    ^
2026-08-03T23:56:38.6426390Z /Users/runner/work/KytyPlus/KytyPlus/3rdparty/SDL2/src/video/cocoa/SDL_cocoamodes.m:360:17: warning: 'CVDisplayLinkRelease' is deprecated: first deprecated in macOS 15.0 - use NSView.displayLink(target:selector:), NSWindow.displayLink(target:selector:), or NSScreen.displayLink(target:selector:)  [-Wdeprecated-declarations]
2026-08-03T23:56:38.6526280Z   360 |                 CVDisplayLinkRelease(link);
2026-08-03T23:56:38.6626760Z       |                 ^
2026-08-03T23:56:38.6729860Z /Applications/Xcode_26.3.app/Contents/Developer/Platforms/MacOSX.platform/Developer/SDKs/MacOSX.sdk/System/Library/Frameworks/CoreVideo.framework/Headers/CVDisplayLink.h:249:16: note: 'CVDisplayLinkRelease' has been explicitly marked deprecated here
2026-08-03T23:56:38.6830300Z   249 | CV_EXPORT void CVDisplayLinkRelease( CV_RELEASES_ARGUMENT CVDisplayLinkRef CV_NULLABLE displayLink );
2026-08-03T23:56:38.6933120Z       |                ^
2026-08-03T23:56:38.7034900Z /Users/runner/work/KytyPlus/KytyPlus/3rdparty/SDL2/src/video/cocoa/SDL_cocoamodes.m:367:13: warning: 'CVDisplayLinkRelease' is deprecated: first deprecated in macOS 15.0 - use NSView.displayLink(target:selector:), NSWindow.displayLink(target:selector:), or NSScreen.displayLink(target:selector:)  [-Wdeprecated-declarations]
2026-08-03T23:56:38.7135280Z   367 |             CVDisplayLinkRelease(link);
2026-08-03T23:56:38.7235610Z       |             ^
2026-08-03T23:56:38.7368220Z /Applications/Xcode_26.3.app/Contents/Developer/Platforms/MacOSX.platform/Developer/SDKs/MacOSX.sdk/System/Library/Frameworks/CoreVideo.framework/Headers/CVDisplayLink.h:249:16: note: 'CVDisplayLinkRelease' has been explicitly marked deprecated here
2026-08-03T23:56:38.7467910Z   249 | CV_EXPORT void CVDisplayLinkRelease( CV_RELEASES_ARGUMENT CVDisplayLinkRef CV_NULLABLE displayLink );
2026-08-03T23:56:38.7568480Z       |                ^
2026-08-03T23:56:38.7670580Z /Users/runner/work/KytyPlus/KytyPlus/3rdparty/SDL2/src/video/cocoa/SDL_cocoamodes.m:512:5: warning: 'CVDisplayLinkCreateWithCGDisplay' is deprecated: first deprecated in macOS 15.0 - use NSView.displayLink(target:selector:), NSWindow.displayLink(target:selector:), or NSScreen.displayLink(target:selector:)  [-Wdeprecated-declarations]
2026-08-03T23:56:38.7771120Z   512 |     CVDisplayLinkCreateWithCGDisplay(data->display, &link);
2026-08-03T23:56:38.7873000Z       |     ^
2026-08-03T23:56:38.7976170Z /Applications/Xcode_26.3.app/Contents/Developer/Platforms/MacOSX.platform/Developer/SDKs/MacOSX.sdk/System/Library/Frameworks/CoreVideo.framework/Headers/CVDisplayLink.h:89:20: note: 'CVDisplayLinkCreateWithCGDisplay' has been explicitly marked deprecated here
2026-08-03T23:56:38.8075320Z    89 | CV_EXPORT CVReturn CVDisplayLinkCreateWithCGDisplay(
2026-08-03T23:56:38.8176930Z       |                    ^
2026-08-03T23:56:38.8279740Z /Users/runner/work/KytyPlus/KytyPlus/3rdparty/SDL2/src/video/cocoa/SDL_cocoamodes.m:580:5: warning: 'CVDisplayLinkRelease' is deprecated: first deprecated in macOS 15.0 - use NSView.displayLink(target:selector:), NSWindow.displayLink(target:selector:), or NSScreen.displayLink(target:selector:)  [-Wdeprecated-declarations]
2026-08-03T23:56:38.8379830Z   580 |     CVDisplayLinkRelease(link);
2026-08-03T23:56:38.8481830Z       |     ^
2026-08-03T23:56:38.8584890Z /Applications/Xcode_26.3.app/Contents/Developer/Platforms/MacOSX.platform/Developer/SDKs/MacOSX.sdk/System/Library/Frameworks/CoreVideo.framework/Headers/CVDisplayLink.h:249:16: note: 'CVDisplayLinkRelease' has been explicitly marked deprecated here
2026-08-03T23:56:38.8686660Z   249 | CV_EXPORT void CVDisplayLinkRelease( CV_RELEASES_ARGUMENT CVDisplayLinkRef CV_NULLABLE displayLink );
2026-08-03T23:56:38.8790450Z       |                ^
2026-08-03T23:56:38.8905440Z 8 warnings generated.
2026-08-03T23:56:38.8998130Z [371/716] Building C object 3rdparty/SDL2/CMakeFiles/SDL2-static.dir/src/video/cocoa/SDL_cocoamouse.m.o
2026-08-03T23:56:38.9101550Z [372/716] Building C object 3rdparty/SDL2/CMakeFiles/SDL2-static.dir/src/video/cocoa/SDL_cocoaopengl.m.o
2026-08-03T23:56:38.9203480Z [373/716] Building C object 3rdparty/SDL2/CMakeFiles/SDL2-static.dir/src/video/cocoa/SDL_cocoaopengles.m.o
2026-08-03T23:56:39.3763580Z [374/716] Building C object 3rdparty/SDL2/CMakeFiles/SDL2-static.dir/src/video/cocoa/SDL_cocoashape.m.o
2026-08-03T23:56:39.3866740Z /Users/runner/work/KytyPlus/KytyPlus/3rdparty/SDL2/src/video/cocoa/SDL_cocoashape.m:67:38: warning: 'graphicsContext' is deprecated: first deprecated in macOS 10.14 - Add instances of NSView to display content in a window. [-Wdeprecated-declarations]
2026-08-03T23:56:39.3965390Z    67 |     data.context = [windata.nswindow graphicsContext];
2026-08-03T23:56:39.4066460Z       |                                      ^
2026-08-03T23:56:39.4167370Z /Applications/Xcode_26.3.app/Contents/Developer/Platforms/MacOSX.platform/Developer/SDKs/MacOSX.sdk/System/Library/Frameworks/AppKit.framework/Headers/NSWindow.h:1019:59: note: property 'graphicsContext' is declared deprecated here
2026-08-03T23:56:39.4269540Z  1019 | @property (nullable, readonly, strong) NSGraphicsContext *graphicsContext API_DEPRECATED("Add instances of NSView to display content in a window.", macos(10.0,10.14));
2026-08-03T23:56:39.4370180Z       |                                                           ^
2026-08-03T23:56:39.4471670Z /Applications/Xcode_26.3.app/Contents/Developer/Platforms/MacOSX.platform/Developer/SDKs/MacOSX.sdk/System/Library/Frameworks/AppKit.framework/Headers/NSWindow.h:1019:59: note: 'graphicsContext' has been explicitly marked deprecated here
2026-08-03T23:56:39.4572600Z 1 warning generated.
2026-08-03T23:56:39.4672570Z [375/716] Building C object 3rdparty/SDL2/CMakeFiles/SDL2-static.dir/src/thread/pthread/SDL_systhread.c.o
2026-08-03T23:56:39.5477240Z [376/716] Building C object 3rdparty/SDL2/CMakeFiles/SDL2-static.dir/src/thread/pthread/SDL_sysmutex.c.o
2026-08-03T23:56:39.6301410Z [377/716] Building C object 3rdparty/SDL2/CMakeFiles/SDL2-static.dir/src/thread/pthread/SDL_syscond.c.o
2026-08-03T23:56:39.6804280Z [378/716] Building C object 3rdparty/SDL2/CMakeFiles/SDL2-static.dir/src/video/cocoa/SDL_cocoavulkan.m.o
2026-08-03T23:56:39.6910570Z [379/716] Building C object 3rdparty/SDL2/CMakeFiles/SDL2-static.dir/src/thread/pthread/SDL_systls.c.o
2026-08-03T23:56:39.7413330Z [380/716] Building C object 3rdparty/SDL2/CMakeFiles/SDL2-static.dir/src/sensor/dummy/SDL_dummysensor.c.o
2026-08-03T23:56:39.7614230Z [381/716] Building C object 3rdparty/SDL2/CMakeFiles/SDL2-static.dir/src/thread/pthread/SDL_syssem.c.o
2026-08-03T23:56:40.0550030Z [382/716] Building C object 3rdparty/SDL2/CMakeFiles/SDL2-static.dir/src/video/cocoa/SDL_cocoavideo.m.o
2026-08-03T23:56:40.2960910Z [383/716] Building C object 3rdparty/SDL2/CMakeFiles/SDL2-static.dir/src/render/metal/SDL_render_metal.m.o
2026-08-03T23:56:40.3875360Z [384/716] Linking CXX static library 3rdparty/SPIRV-Tools/source/libSPIRV-Tools.a
2026-08-03T23:56:40.9422910Z [385/716] Building C object 3rdparty/SDL2/CMakeFiles/SDL2-static.dir/src/video/cocoa/SDL_cocoawindow.m.o
2026-08-03T23:56:40.9525650Z /Users/runner/work/KytyPlus/KytyPlus/3rdparty/SDL2/src/video/cocoa/SDL_cocoawindow.m:164:47: warning: 'NSFilenamesPboardType' is deprecated: first deprecated in macOS 10.14 - Create multiple pasteboard items with NSPasteboardTypeFileURL or kUTTypeFileURL instead [-Wdeprecated-declarations]
2026-08-03T23:56:40.9628190Z   164 |     NSArray *types = [NSArray arrayWithObject:NSFilenamesPboardType];
2026-08-03T23:56:40.9729630Z       |                                               ^
2026-08-03T23:56:40.9830940Z /Applications/Xcode_26.3.app/Contents/Developer/Platforms/MacOSX.platform/Developer/SDKs/MacOSX.sdk/System/Library/Frameworks/AppKit.framework/Headers/NSPasteboard.h:505:32: note: 'NSFilenamesPboardType' has been explicitly marked deprecated here
2026-08-03T23:56:40.9931030Z   505 | APPKIT_EXTERN NSPasteboardType NSFilenamesPboardType API_DEPRECATED("Create multiple pasteboard items with NSPasteboardTypeFileURL or kUTTypeFileURL instead", macos(10.0,10.14));
2026-08-03T23:56:41.0031340Z       |                                ^
2026-08-03T23:56:41.0133340Z /Users/runner/work/KytyPlus/KytyPlus/3rdparty/SDL2/src/video/cocoa/SDL_cocoawindow.m:182:45: warning: 'NSFilenamesPboardType' is deprecated: first deprecated in macOS 10.14 - Create multiple pasteboard items with NSPasteboardTypeFileURL or kUTTypeFileURL instead [-Wdeprecated-declarations]
2026-08-03T23:56:41.0235260Z   182 |     SDL_assert([desiredType isEqualToString:NSFilenamesPboardType]);
2026-08-03T23:56:41.0335490Z       |                                             ^
2026-08-03T23:56:41.0436500Z /Applications/Xcode_26.3.app/Contents/Developer/Platforms/MacOSX.platform/Developer/SDKs/MacOSX.sdk/System/Library/Frameworks/AppKit.framework/Headers/NSPasteboard.h:505:32: note: 'NSFilenamesPboardType' has been explicitly marked deprecated here
2026-08-03T23:56:41.0536740Z   505 | APPKIT_EXTERN NSPasteboardType NSFilenamesPboardType API_DEPRECATED("Create multiple pasteboard items with NSPasteboardTypeFileURL or kUTTypeFileURL instead", macos(10.0,10.14));
2026-08-03T23:56:41.0637220Z       |                                ^
2026-08-03T23:56:41.0740180Z /Users/runner/work/KytyPlus/KytyPlus/3rdparty/SDL2/src/video/cocoa/SDL_cocoawindow.m:534:11: warning: 'setAcceptsTouchEvents:' is deprecated: first deprecated in macOS 10.12.2 - Use allowedTouchTypes instead [-Wdeprecated-declarations]
2026-08-03T23:56:41.0857450Z   534 |     [view setAcceptsTouchEvents:YES];
2026-08-03T23:56:41.0959280Z       |           ^
2026-08-03T23:56:41.1061680Z /Applications/Xcode_26.3.app/Contents/Developer/Platforms/MacOSX.platform/Developer/SDKs/MacOSX.sdk/System/Library/Frameworks/AppKit.framework/Headers/NSView.h:231:16: note: property 'acceptsTouchEvents' is declared deprecated here
2026-08-03T23:56:41.1165250Z   231 | @property BOOL acceptsTouchEvents API_DEPRECATED("Use allowedTouchTypes instead", macos(10.6,10.12.2));
2026-08-03T23:56:41.1267590Z       |                ^
2026-08-03T23:56:41.1370630Z /Applications/Xcode_26.3.app/Contents/Developer/Platforms/MacOSX.platform/Developer/SDKs/MacOSX.sdk/System/Library/Frameworks/AppKit.framework/Headers/NSView.h:231:16: note: 'setAcceptsTouchEvents:' has been explicitly marked deprecated here
2026-08-03T23:56:41.1469900Z /Users/runner/work/KytyPlus/KytyPlus/3rdparty/SDL2/src/video/cocoa/SDL_cocoawindow.m:1758:15: warning: 'setOneShot:' is deprecated: first deprecated in macOS 10.14 - This property does not do anything and should not be used [-Wdeprecated-declarations]
2026-08-03T23:56:41.1570180Z  1758 |     [nswindow setOneShot:NO];
2026-08-03T23:56:41.1671750Z       |               ^
2026-08-03T23:56:41.1772980Z /Applications/Xcode_26.3.app/Contents/Developer/Platforms/MacOSX.platform/Developer/SDKs/MacOSX.sdk/System/Library/Frameworks/AppKit.framework/Headers/NSWindow.h:1021:35: note: property 'oneShot' is declared deprecated here
2026-08-03T23:56:41.1873740Z  1021 | @property (getter=isOneShot) BOOL oneShot API_DEPRECATED("This property does not do anything and should not be used", macos(10.0,10.14));
2026-08-03T23:56:41.1975110Z       |                                   ^
2026-08-03T23:56:41.2076650Z /Applications/Xcode_26.3.app/Contents/Developer/Platforms/MacOSX.platform/Developer/SDKs/MacOSX.sdk/System/Library/Frameworks/AppKit.framework/Headers/NSWindow.h:1021:35: note: 'setOneShot:' has been explicitly marked deprecated here
2026-08-03T23:56:41.2177080Z /Users/runner/work/KytyPlus/KytyPlus/3rdparty/SDL2/src/video/cocoa/SDL_cocoawindow.m:2240:27: warning: variable length array folded to constant array as an extension [-Wgnu-folding-constant]
2026-08-03T23:56:41.2276690Z  2240 |     CGGammaValue redTable[tableSize];
2026-08-03T23:56:41.2377120Z       |                           ^~~~~~~~~
2026-08-03T23:56:41.2477910Z /Users/runner/work/KytyPlus/KytyPlus/3rdparty/SDL2/src/video/cocoa/SDL_cocoawindow.m:2241:29: warning: variable length array folded to constant array as an extension [-Wgnu-folding-constant]
2026-08-03T23:56:41.2578560Z  2241 |     CGGammaValue greenTable[tableSize];
2026-08-03T23:56:41.2678710Z       |                             ^~~~~~~~~
2026-08-03T23:56:41.2780340Z /Users/runner/work/KytyPlus/KytyPlus/3rdparty/SDL2/src/video/cocoa/SDL_cocoawindow.m:2242:28: warning: variable length array folded to constant array as an extension [-Wgnu-folding-constant]
2026-08-03T23:56:41.2880110Z  2242 |     CGGammaValue blueTable[tableSize];
2026-08-03T23:56:41.2981860Z       |                            ^~~~~~~~~
2026-08-03T23:56:41.3083090Z /Users/runner/work/KytyPlus/KytyPlus/3rdparty/SDL2/src/video/cocoa/SDL_cocoawindow.m:2339:27: warning: variable length array folded to constant array as an extension [-Wgnu-folding-constant]
2026-08-03T23:56:41.3183600Z  2339 |     CGGammaValue redTable[tableSize];
2026-08-03T23:56:41.3284860Z       |                           ^~~~~~~~~
2026-08-03T23:56:41.3385900Z /Users/runner/work/KytyPlus/KytyPlus/3rdparty/SDL2/src/video/cocoa/SDL_cocoawindow.m:2340:29: warning: variable length array folded to constant array as an extension [-Wgnu-folding-constant]
2026-08-03T23:56:41.3486970Z  2340 |     CGGammaValue greenTable[tableSize];
2026-08-03T23:56:41.3596990Z       |                             ^~~~~~~~~
2026-08-03T23:56:41.3691870Z /Users/runner/work/KytyPlus/KytyPlus/3rdparty/SDL2/src/video/cocoa/SDL_cocoawindow.m:2341:28: warning: variable length array folded to constant array as an extension [-Wgnu-folding-constant]
2026-08-03T23:56:41.3793140Z  2341 |     CGGammaValue blueTable[tableSize];
2026-08-03T23:56:41.3894270Z       |                            ^~~~~~~~~
2026-08-03T23:56:41.4005620Z /Users/runner/work/KytyPlus/KytyPlus/3rdparty/SDL2/src/video/cocoa/SDL_cocoawindow.m:2501:85: warning: 'kUTTypeFileURL' is deprecated: first deprecated in macOS 12.0 - Use UTTypeFileURL or UTType.fileURL (swift) instead. [-Wdeprecated-declarations]
2026-08-03T23:56:41.4107820Z  2501 |         [data.nswindow registerForDraggedTypes:[NSArray arrayWithObject:(NSString *)kUTTypeFileURL]];
2026-08-03T23:56:41.4208670Z       |                                                                                     ^
2026-08-03T23:56:41.4310320Z /Applications/Xcode_26.3.app/Contents/Developer/Platforms/MacOSX.platform/Developer/SDKs/MacOSX.sdk/System/Library/Frameworks/CoreServices.framework/Frameworks/LaunchServices.framework/Headers/UTCoreTypes.h:211:26: note: 'kUTTypeFileURL' has been explicitly marked deprecated here
2026-08-03T23:56:41.4412220Z   211 | extern const CFStringRef kUTTypeFileURL                              API_DEPRECATED("Use UTTypeFileURL or UTType.fileURL (swift) instead.", ios(3.0, 15.0), macos(10.4, 12.0), tvos(9.0, 15.0), watchos(1.0, 8.0));
2026-08-03T23:56:41.4513050Z       |                          ^
2026-08-03T23:56:41.4614200Z 11 warnings generated.
2026-08-03T23:56:45.0521160Z [386/716] Building CXX object 3rdparty/SPIRV-Tools/source/opt/CMakeFiles/SPIRV-Tools-opt.dir/analyze_live_input_pass.cpp.o
2026-08-03T23:56:45.5442670Z [387/716] Building CXX object 3rdparty/SPIRV-Tools/source/opt/CMakeFiles/SPIRV-Tools-opt.dir/fix_func_call_arguments.cpp.o
2026-08-03T23:56:47.0194860Z [388/716] Building CXX object 3rdparty/SPIRV-Tools/source/opt/CMakeFiles/SPIRV-Tools-opt.dir/basic_block.cpp.o
2026-08-03T23:56:48.6031000Z [389/716] Building CXX object 3rdparty/SPIRV-Tools/source/opt/CMakeFiles/SPIRV-Tools-opt.dir/amd_ext_to_khr.cpp.o
2026-08-03T23:56:49.3351170Z [390/716] Building CXX object 3rdparty/SPIRV-Tools/source/opt/CMakeFiles/SPIRV-Tools-opt.dir/aggressive_dead_code_elim_pass.cpp.o
2026-08-03T23:56:49.9111580Z [391/716] Building CXX object 3rdparty/SPIRV-Tools/source/opt/CMakeFiles/SPIRV-Tools-opt.dir/block_merge_pass.cpp.o
2026-08-03T23:56:51.8877140Z [392/716] Building CXX object 3rdparty/SPIRV-Tools/source/opt/CMakeFiles/SPIRV-Tools-opt.dir/block_merge_util.cpp.o
2026-08-03T23:56:52.9690940Z [393/716] Building CXX object 3rdparty/SPIRV-Tools/source/opt/CMakeFiles/SPIRV-Tools-opt.dir/build_module.cpp.o
2026-08-03T23:56:54.0880610Z [394/716] Building CXX object 3rdparty/SPIRV-Tools/source/opt/CMakeFiles/SPIRV-Tools-opt.dir/cfg_cleanup_pass.cpp.o
2026-08-03T23:56:54.5819500Z [395/716] Building CXX object 3rdparty/SPIRV-Tools/source/opt/CMakeFiles/SPIRV-Tools-opt.dir/ccp_pass.cpp.o
2026-08-03T23:56:57.2503580Z [396/716] Building CXX object 3rdparty/SPIRV-Tools/source/opt/CMakeFiles/SPIRV-Tools-opt.dir/code_sink.cpp.o
2026-08-03T23:56:57.5227120Z [397/716] Building CXX object 3rdparty/SPIRV-Tools/source/opt/CMakeFiles/SPIRV-Tools-opt.dir/cfg.cpp.o
2026-08-03T23:56:58.3609400Z [398/716] Building CXX object 3rdparty/SPIRV-Tools/source/opt/CMakeFiles/SPIRV-Tools-opt.dir/combine_access_chains.cpp.o
2026-08-03T23:56:58.6479660Z [399/716] Building CXX object 3rdparty/SPIRV-Tools/source/opt/CMakeFiles/SPIRV-Tools-opt.dir/compact_ids_pass.cpp.o
2026-08-03T23:56:59.0088810Z [400/716] Building CXX object 3rdparty/SPIRV-Tools/source/opt/CMakeFiles/SPIRV-Tools-opt.dir/composite.cpp.o
2026-08-03T23:57:02.1083430Z [401/716] Building CXX object 3rdparty/SPIRV-Tools/source/opt/CMakeFiles/SPIRV-Tools-opt.dir/control_dependence.cpp.o
2026-08-03T23:57:05.1227730Z [402/716] Building CXX object 3rdparty/SPIRV-Tools/source/opt/CMakeFiles/SPIRV-Tools-opt.dir/constants.cpp.o
2026-08-03T23:57:05.8631600Z [403/716] Building CXX object 3rdparty/SPIRV-Tools/source/opt/CMakeFiles/SPIRV-Tools-opt.dir/convert_to_sampled_image_pass.cpp.o
2026-08-03T23:57:07.2837400Z [404/716] Building CXX object 3rdparty/SPIRV-Tools/source/opt/CMakeFiles/SPIRV-Tools-opt.dir/convert_to_half_pass.cpp.o
2026-08-03T23:57:09.4791610Z [405/716] Building CXX object 3rdparty/SPIRV-Tools/source/opt/CMakeFiles/SPIRV-Tools-opt.dir/const_folding_rules.cpp.o
2026-08-03T23:57:09.6499150Z [406/716] Building CXX object 3rdparty/SPIRV-Tools/source/opt/CMakeFiles/SPIRV-Tools-opt.dir/copy_prop_arrays.cpp.o
2026-08-03T23:57:10.9007630Z [407/716] Building CXX object 3rdparty/SPIRV-Tools/source/opt/CMakeFiles/SPIRV-Tools-opt.dir/dataflow.cpp.o
2026-08-03T23:57:12.9200380Z [408/716] Building CXX object 3rdparty/SPIRV-Tools/source/opt/CMakeFiles/SPIRV-Tools-opt.dir/dead_insert_elim_pass.cpp.o
2026-08-03T23:57:13.9902990Z [409/716] Building CXX object 3rdparty/SPIRV-Tools/source/opt/CMakeFiles/SPIRV-Tools-opt.dir/dead_branch_elim_pass.cpp.o
2026-08-03T23:57:14.6038310Z [410/716] Building CXX object 3rdparty/SPIRV-Tools/source/opt/CMakeFiles/SPIRV-Tools-opt.dir/dead_variable_elimination.cpp.o
2026-08-03T23:57:16.2587650Z [411/716] Building CXX object 3rdparty/SPIRV-Tools/source/opt/CMakeFiles/SPIRV-Tools-opt.dir/def_use_manager.cpp.o
2026-08-03T23:57:16.2791170Z [412/716] Building CXX object 3rdparty/SPIRV-Tools/source/opt/CMakeFiles/SPIRV-Tools-opt.dir/decoration_manager.cpp.o
2026-08-03T23:57:18.0531460Z [413/716] Building CXX object 3rdparty/SPIRV-Tools/source/opt/CMakeFiles/SPIRV-Tools-opt.dir/debug_info_manager.cpp.o
2026-08-03T23:57:19.0705570Z [414/716] Building CXX object 3rdparty/SPIRV-Tools/source/opt/CMakeFiles/SPIRV-Tools-opt.dir/desc_sroa_util.cpp.o
2026-08-03T23:57:20.0753630Z [415/716] Building CXX object 3rdparty/SPIRV-Tools/source/opt/CMakeFiles/SPIRV-Tools-opt.dir/desc_sroa.cpp.o
2026-08-03T23:57:20.8366430Z [416/716] Building CXX object 3rdparty/SPIRV-Tools/source/opt/CMakeFiles/SPIRV-Tools-opt.dir/dominator_analysis.cpp.o
2026-08-03T23:57:22.5704600Z [417/716] Building CXX object 3rdparty/SPIRV-Tools/source/opt/CMakeFiles/SPIRV-Tools-opt.dir/eliminate_dead_constant_pass.cpp.o
2026-08-03T23:57:23.2021460Z [418/716] Building CXX object 3rdparty/SPIRV-Tools/source/opt/CMakeFiles/SPIRV-Tools-opt.dir/dominator_tree.cpp.o
2026-08-03T23:57:23.2370890Z [419/716] Building CXX object 3rdparty/SPIRV-Tools/source/opt/CMakeFiles/SPIRV-Tools-opt.dir/eliminate_dead_functions_pass.cpp.o
2026-08-03T23:57:24.4999360Z [420/716] Building CXX object 3rdparty/SPIRV-Tools/source/opt/CMakeFiles/SPIRV-Tools-opt.dir/eliminate_dead_functions_util.cpp.o
2026-08-03T23:57:25.7488840Z [421/716] Building CXX object 3rdparty/SPIRV-Tools/source/opt/CMakeFiles/SPIRV-Tools-opt.dir/feature_manager.cpp.o
2026-08-03T23:57:26.0723130Z [422/716] Building CXX object 3rdparty/SPIRV-Tools/source/opt/CMakeFiles/SPIRV-Tools-opt.dir/eliminate_dead_io_components_pass.cpp.o
2026-08-03T23:57:28.0123770Z [423/716] Building CXX object 3rdparty/SPIRV-Tools/source/opt/CMakeFiles/SPIRV-Tools-opt.dir/eliminate_dead_output_stores_pass.cpp.o
2026-08-03T23:57:28.5762570Z [424/716] Building CXX object 3rdparty/SPIRV-Tools/source/opt/CMakeFiles/SPIRV-Tools-opt.dir/eliminate_dead_members_pass.cpp.o
2026-08-03T23:57:29.5849090Z [425/716] Building CXX object 3rdparty/SPIRV-Tools/source/opt/CMakeFiles/SPIRV-Tools-opt.dir/fix_storage_class.cpp.o
2026-08-03T23:57:30.3788020Z [426/716] Building CXX object 3rdparty/SPIRV-Tools/source/opt/CMakeFiles/SPIRV-Tools-opt.dir/flatten_decoration_pass.cpp.o
2026-08-03T23:57:30.8424350Z [427/716] Building CXX object 3rdparty/SPIRV-Tools/source/opt/CMakeFiles/SPIRV-Tools-opt.dir/fold.cpp.o
2026-08-03T23:57:33.5872930Z [428/716] Building CXX object 3rdparty/SPIRV-Tools/source/opt/CMakeFiles/SPIRV-Tools-opt.dir/fold_spec_constant_op_and_composite_pass.cpp.o
2026-08-03T23:57:33.7554220Z [429/716] Building CXX object 3rdparty/SPIRV-Tools/source/opt/CMakeFiles/SPIRV-Tools-opt.dir/freeze_spec_constant_value_pass.cpp.o
2026-08-03T23:57:35.4496690Z [430/716] Building CXX object 3rdparty/SPIRV-Tools/source/opt/CMakeFiles/SPIRV-Tools-opt.dir/function.cpp.o
2026-08-03T23:57:36.9855390Z [431/716] Building CXX object 3rdparty/SPIRV-Tools/source/opt/CMakeFiles/SPIRV-Tools-opt.dir/graphics_robust_access_pass.cpp.o
2026-08-03T23:57:39.1469410Z [432/716] Building CXX object 3rdparty/SPIRV-Tools/source/opt/CMakeFiles/SPIRV-Tools-opt.dir/inline_exhaustive_pass.cpp.o
2026-08-03T23:57:40.2596720Z [433/716] Building CXX object 3rdparty/SPIRV-Tools/source/opt/CMakeFiles/SPIRV-Tools-opt.dir/if_conversion.cpp.o
2026-08-03T23:57:40.4271340Z [434/716] Building CXX object 3rdparty/SPIRV-Tools/source/opt/CMakeFiles/SPIRV-Tools-opt.dir/folding_rules.cpp.o
2026-08-03T23:57:41.0409370Z [435/716] Building CXX object 3rdparty/SPIRV-Tools/source/opt/CMakeFiles/SPIRV-Tools-opt.dir/inline_opaque_pass.cpp.o
2026-08-03T23:57:41.8084060Z [436/716] Building CXX object 3rdparty/SPIRV-Tools/source/opt/CMakeFiles/SPIRV-Tools-opt.dir/instruction_list.cpp.o
2026-08-03T23:57:44.8852490Z [437/716] Building CXX object 3rdparty/SPIRV-Tools/source/opt/CMakeFiles/SPIRV-Tools-opt.dir/inline_pass.cpp.o
2026-08-03T23:57:46.0057570Z [438/716] Building CXX object 3rdparty/SPIRV-Tools/source/opt/CMakeFiles/SPIRV-Tools-opt.dir/instruction.cpp.o
2026-08-03T23:57:47.0645420Z [439/716] Building CXX object 3rdparty/SPIRV-Tools/source/opt/CMakeFiles/SPIRV-Tools-opt.dir/interp_fixup_pass.cpp.o
2026-08-03T23:57:47.8306340Z [440/716] Building CXX object 3rdparty/SPIRV-Tools/source/opt/CMakeFiles/SPIRV-Tools-opt.dir/interface_var_sroa.cpp.o
2026-08-03T23:57:48.7123370Z [441/716] Building CXX object 3rdparty/SPIRV-Tools/source/opt/CMakeFiles/SPIRV-Tools-opt.dir/invocation_interlock_placement_pass.cpp.o
2026-08-03T23:57:50.1598210Z [442/716] Building CXX object 3rdparty/SPIRV-Tools/source/opt/CMakeFiles/SPIRV-Tools-opt.dir/opextinst_forward_ref_fixup_pass.cpp.o
2026-08-03T23:57:52.1214230Z [443/716] Building CXX object 3rdparty/SPIRV-Tools/source/opt/CMakeFiles/SPIRV-Tools-opt.dir/ir_loader.cpp.o
2026-08-03T23:57:52.4259060Z [444/716] Building CXX object 3rdparty/SPIRV-Tools/source/opt/CMakeFiles/SPIRV-Tools-opt.dir/licm_pass.cpp.o
2026-08-03T23:57:53.5917960Z [445/716] Building CXX object 3rdparty/SPIRV-Tools/source/opt/CMakeFiles/SPIRV-Tools-opt.dir/liveness.cpp.o
2026-08-03T23:57:55.1951080Z [446/716] Building CXX object 3rdparty/SPIRV-Tools/source/opt/CMakeFiles/SPIRV-Tools-opt.dir/ir_context.cpp.o
2026-08-03T23:57:56.4684980Z [447/716] Building CXX object 3rdparty/SPIRV-Tools/source/opt/CMakeFiles/SPIRV-Tools-opt.dir/local_access_chain_convert_pass.cpp.o
2026-08-03T23:57:56.9020710Z [448/716] Building CXX object 3rdparty/SPIRV-Tools/source/opt/CMakeFiles/SPIRV-Tools-opt.dir/local_redundancy_elimination.cpp.o
2026-08-03T23:57:58.5840310Z [449/716] Building CXX object 3rdparty/SPIRV-Tools/source/opt/CMakeFiles/SPIRV-Tools-opt.dir/local_single_block_elim_pass.cpp.o
2026-08-03T23:57:59.5403930Z [450/716] Building CXX object 3rdparty/SPIRV-Tools/source/opt/CMakeFiles/SPIRV-Tools-opt.dir/local_single_store_elim_pass.cpp.o
2026-08-03T23:58:01.8333210Z [451/716] Building CXX object 3rdparty/SPIRV-Tools/source/opt/CMakeFiles/SPIRV-Tools-opt.dir/loop_dependence.cpp.o
2026-08-03T23:58:01.9773370Z [452/716] Building CXX object 3rdparty/SPIRV-Tools/source/opt/CMakeFiles/SPIRV-Tools-opt.dir/loop_dependence_helpers.cpp.o
2026-08-03T23:58:05.0924970Z [453/716] Building CXX object 3rdparty/SPIRV-Tools/source/opt/CMakeFiles/SPIRV-Tools-opt.dir/loop_descriptor.cpp.o
2026-08-03T23:58:05.6370360Z [454/716] Building CXX object 3rdparty/SPIRV-Tools/source/opt/CMakeFiles/SPIRV-Tools-opt.dir/loop_fission.cpp.o
2026-08-03T23:58:06.4956970Z [455/716] Building CXX object 3rdparty/SPIRV-Tools/source/opt/CMakeFiles/SPIRV-Tools-opt.dir/loop_fusion_pass.cpp.o
2026-08-03T23:58:06.9586360Z [456/716] Building CXX object 3rdparty/SPIRV-Tools/source/opt/CMakeFiles/SPIRV-Tools-opt.dir/loop_fusion.cpp.o
2026-08-03T23:58:11.8304950Z [457/716] Building CXX object 3rdparty/SPIRV-Tools/source/opt/CMakeFiles/SPIRV-Tools-opt.dir/loop_peeling.cpp.o
2026-08-03T23:58:13.6651070Z [458/716] Building CXX object 3rdparty/SPIRV-Tools/source/opt/CMakeFiles/SPIRV-Tools-opt.dir/loop_unroller.cpp.o
2026-08-03T23:58:14.6154550Z [459/716] Building CXX object 3rdparty/SPIRV-Tools/source/opt/CMakeFiles/SPIRV-Tools-opt.dir/loop_utils.cpp.o
2026-08-03T23:58:14.9289410Z [460/716] Building CXX object 3rdparty/SPIRV-Tools/source/opt/CMakeFiles/SPIRV-Tools-opt.dir/mem_pass.cpp.o
2026-08-03T23:58:16.6433140Z [461/716] Building CXX object 3rdparty/SPIRV-Tools/source/opt/CMakeFiles/SPIRV-Tools-opt.dir/loop_unswitch_pass.cpp.o
2026-08-03T23:58:18.6735370Z [462/716] Building CXX object 3rdparty/SPIRV-Tools/source/opt/CMakeFiles/SPIRV-Tools-opt.dir/modify_maximal_reconvergence.cpp.o
2026-08-03T23:58:19.8613280Z [463/716] Building CXX object 3rdparty/SPIRV-Tools/source/opt/CMakeFiles/SPIRV-Tools-opt.dir/module.cpp.o
2026-08-03T23:58:20.6773210Z [464/716] Building CXX object 3rdparty/SPIRV-Tools/source/opt/CMakeFiles/SPIRV-Tools-opt.dir/merge_return_pass.cpp.o
2026-08-03T23:58:21.9706900Z [465/716] Building CXX object 3rdparty/SPIRV-Tools/source/opt/CMakeFiles/SPIRV-Tools-opt.dir/pass.cpp.o
2026-08-03T23:58:23.5323580Z [466/716] Building CXX object 3rdparty/SPIRV-Tools/source/opt/CMakeFiles/SPIRV-Tools-opt.dir/pass_manager.cpp.o
2026-08-03T23:58:23.8946770Z [467/716] Building CXX object 3rdparty/SPIRV-Tools/source/opt/CMakeFiles/SPIRV-Tools-opt.dir/optimizer.cpp.o
2026-08-03T23:58:26.0936720Z [468/716] Building CXX object 3rdparty/SPIRV-Tools/source/opt/CMakeFiles/SPIRV-Tools-opt.dir/private_to_local_pass.cpp.o
2026-08-03T23:58:27.4386170Z [469/716] Building CXX object 3rdparty/SPIRV-Tools/source/opt/CMakeFiles/SPIRV-Tools-opt.dir/propagator.cpp.o
2026-08-03T23:58:27.7698260Z [470/716] Building CXX object 3rdparty/SPIRV-Tools/source/opt/CMakeFiles/SPIRV-Tools-opt.dir/reduce_load_size.cpp.o
2026-08-03T23:58:28.9727840Z [471/716] Building CXX object 3rdparty/SPIRV-Tools/source/opt/CMakeFiles/SPIRV-Tools-opt.dir/redundancy_elimination.cpp.o
2026-08-03T23:58:32.3672120Z [472/716] Building CXX object 3rdparty/SPIRV-Tools/source/opt/CMakeFiles/SPIRV-Tools-opt.dir/register_pressure.cpp.o
2026-08-03T23:58:32.8555840Z [473/716] Building CXX object 3rdparty/SPIRV-Tools/source/opt/CMakeFiles/SPIRV-Tools-opt.dir/relax_float_ops_pass.cpp.o
2026-08-03T23:58:33.4528630Z [474/716] Building CXX object 3rdparty/SPIRV-Tools/source/opt/CMakeFiles/SPIRV-Tools-opt.dir/remove_dontinline_pass.cpp.o
2026-08-03T23:58:34.2865840Z [475/716] Building CXX object 3rdparty/SPIRV-Tools/source/opt/CMakeFiles/SPIRV-Tools-opt.dir/canonicalize_ids_pass.cpp.o
2026-08-03T23:58:35.0637490Z [476/716] Building CXX object 3rdparty/SPIRV-Tools/source/opt/CMakeFiles/SPIRV-Tools-opt.dir/remove_duplicates_pass.cpp.o
2026-08-03T23:58:37.3542930Z [477/716] Building CXX object 3rdparty/SPIRV-Tools/source/opt/CMakeFiles/SPIRV-Tools-opt.dir/remove_unused_interface_variables_pass.cpp.o
2026-08-03T23:58:38.1646620Z [478/716] Building CXX object 3rdparty/SPIRV-Tools/source/opt/CMakeFiles/SPIRV-Tools-opt.dir/replace_invalid_opc.cpp.o
2026-08-03T23:58:39.0872910Z [479/716] Building CXX object 3rdparty/SPIRV-Tools/source/opt/CMakeFiles/SPIRV-Tools-opt.dir/replace_desc_array_access_using_var_index.cpp.o
2026-08-03T23:58:40.2298480Z [480/716] Building CXX object 3rdparty/SPIRV-Tools/source/opt/CMakeFiles/SPIRV-Tools-opt.dir/scalar_analysis_simplification.cpp.o
2026-08-03T23:58:40.5046550Z [481/716] Building CXX object 3rdparty/SPIRV-Tools/source/opt/CMakeFiles/SPIRV-Tools-opt.dir/resolve_binding_conflicts_pass.cpp.o
2026-08-03T23:58:41.4126130Z [482/716] Building CXX object 3rdparty/SPIRV-Tools/source/opt/CMakeFiles/SPIRV-Tools-opt.dir/scalar_analysis.cpp.o
2026-08-03T23:58:44.7462480Z [483/716] Building CXX object 3rdparty/SPIRV-Tools/source/opt/CMakeFiles/SPIRV-Tools-opt.dir/set_spec_constant_default_value_pass.cpp.o
2026-08-03T23:58:46.0975280Z [484/716] Building CXX object 3rdparty/SPIRV-Tools/source/opt/CMakeFiles/SPIRV-Tools-opt.dir/simplification_pass.cpp.o
2026-08-03T23:58:46.1978130Z [485/716] Building CXX object 3rdparty/SPIRV-Tools/source/opt/CMakeFiles/SPIRV-Tools-opt.dir/scalar_replacement_pass.cpp.o
2026-08-03T23:58:47.7901320Z [486/716] Building CXX object 3rdparty/SPIRV-Tools/source/opt/CMakeFiles/SPIRV-Tools-opt.dir/spread_volatile_semantics.cpp.o
2026-08-03T23:58:48.2931560Z [487/716] Building CXX object 3rdparty/SPIRV-Tools/source/opt/CMakeFiles/SPIRV-Tools-opt.dir/split_combined_image_sampler_pass.cpp.o
2026-08-03T23:58:51.2913960Z [488/716] Building CXX object 3rdparty/SPIRV-Tools/source/opt/CMakeFiles/SPIRV-Tools-opt.dir/strip_debug_info_pass.cpp.o
2026-08-03T23:58:51.3311720Z [489/716] Building CXX object 3rdparty/SPIRV-Tools/source/opt/CMakeFiles/SPIRV-Tools-opt.dir/strength_reduction_pass.cpp.o
2026-08-03T23:58:52.1288520Z [490/716] Building CXX object 3rdparty/SPIRV-Tools/source/opt/CMakeFiles/SPIRV-Tools-opt.dir/ssa_rewrite_pass.cpp.o
2026-08-03T23:58:52.7834330Z [491/716] Building CXX object 3rdparty/SPIRV-Tools/source/opt/CMakeFiles/SPIRV-Tools-opt.dir/strip_nonsemantic_info_pass.cpp.o
2026-08-03T23:58:54.5693560Z [492/716] Building CXX object 3rdparty/SPIRV-Tools/source/opt/CMakeFiles/SPIRV-Tools-opt.dir/struct_cfg_analysis.cpp.o
2026-08-03T23:58:56.2894960Z [493/716] Building CXX object 3rdparty/SPIRV-Tools/source/opt/CMakeFiles/SPIRV-Tools-opt.dir/switch_descriptorset_pass.cpp.o
2026-08-03T23:58:56.8638530Z [494/716] Building CXX object 3rdparty/SPIRV-Tools/source/opt/CMakeFiles/SPIRV-Tools-opt.dir/struct_packing_pass.cpp.o
2026-08-03T23:58:59.1225400Z [495/716] Building CXX object 3rdparty/SPIRV-Tools/source/opt/CMakeFiles/SPIRV-Tools-opt.dir/trim_capabilities_pass.cpp.o
2026-08-03T23:58:59.5499380Z [496/716] Building CXX object 3rdparty/SPIRV-Tools/source/opt/CMakeFiles/SPIRV-Tools-opt.dir/types.cpp.o
2026-08-03T23:59:01.3690680Z [497/716] Building CXX object 3rdparty/SPIRV-Tools/source/opt/CMakeFiles/SPIRV-Tools-opt.dir/type_manager.cpp.o
2026-08-03T23:59:02.2254510Z [498/716] Building CXX object 3rdparty/SPIRV-Tools/source/opt/CMakeFiles/SPIRV-Tools-opt.dir/unify_const_pass.cpp.o
2026-08-03T23:59:06.3888870Z [499/716] Building CXX object 3rdparty/SPIRV-Tools/source/opt/CMakeFiles/SPIRV-Tools-opt.dir/value_number_table.cpp.o
2026-08-03T23:59:06.7681320Z [500/716] Building CXX object 3rdparty/SPIRV-Tools/source/opt/CMakeFiles/SPIRV-Tools-opt.dir/upgrade_memory_model.cpp.o
2026-08-03T23:59:06.9616960Z [501/716] Linking CXX static library 3rdparty/spdlog/libspdlog.a
2026-08-03T23:59:07.0992910Z [502/716] Linking CXX static library 3rdparty/tracy/libTracyClient.a
2026-08-03T23:59:07.3333590Z [503/716] Building CXX object 3rdparty/SPIRV-Tools/source/opt/CMakeFiles/SPIRV-Tools-opt.dir/vector_dce.cpp.o
2026-08-03T23:59:07.8236670Z [504/716] Building C object 3rdparty/xxHash/build/cmake/CMakeFiles/xxhash.dir/Users/runner/work/KytyPlus/KytyPlus/3rdparty/xxHash/xxhash.c.o
2026-08-03T23:59:08.2785320Z [505/716] Building CXX object 3rdparty/SPIRV-Tools/source/opt/CMakeFiles/SPIRV-Tools-opt.dir/workaround1209.cpp.o
2026-08-03T23:59:09.4390880Z [506/716] Building CXX object common/CMakeFiles/common.dir/assert.cpp.o
2026-08-03T23:59:09.4494850Z [507/716] Building CXX object common/CMakeFiles/common.dir/commonSubsystem.cpp.o
2026-08-03T23:59:09.9343760Z [508/716] Building CXX object 3rdparty/SPIRV-Tools/source/opt/CMakeFiles/SPIRV-Tools-opt.dir/wrap_opkill.cpp.o
2026-08-03T23:59:10.1356390Z [509/716] Building CXX object common/CMakeFiles/common.dir/hostException.cpp.o
2026-08-03T23:59:10.5349190Z [510/716] Building CXX object common/CMakeFiles/common.dir/debug.cpp.o
2026-08-03T23:59:10.8765010Z [511/716] Building CXX object common/CMakeFiles/common.dir/dateTime.cpp.o
2026-08-03T23:59:11.4695050Z [512/716] Building CXX object common/CMakeFiles/common.dir/emulatorConfig.cpp.o
2026-08-03T23:59:11.5982920Z [513/716] Building CXX object common/CMakeFiles/common.dir/platform/sysLinuxDbg.cpp.o
2026-08-03T23:59:11.6088030Z /Users/runner/work/KytyPlus/KytyPlus/src/common/platform/sysLinuxDbg.cpp:107:11: warning: 'sprintf' is deprecated: This function is provided for compatibility reasons only.  Due to security concerns inherent in the design of sprintf(3), it is highly recommended that you use snprintf(3) instead. [-Wdeprecated-declarations]
2026-08-03T23:59:11.6194660Z   107 |         result = sprintf(str, "/proc/%d/exe", static_cast<int>(pid));
2026-08-03T23:59:11.6296900Z       |                  ^
2026-08-03T23:59:11.6401630Z /Applications/Xcode_26.3.app/Contents/Developer/Platforms/MacOSX.platform/Developer/SDKs/MacOSX.sdk/usr/include/_stdio.h:278:1: note: 'sprintf' has been explicitly marked deprecated here
2026-08-03T23:59:11.6506640Z   278 | __deprecated_msg("This function is provided for compatibility reasons only.  Due to security concerns inherent in the design of sprintf(3), it is highly recommended that you use snprintf(3) instead.")
2026-08-03T23:59:11.6610090Z       | ^
2026-08-03T23:59:11.6713670Z /Applications/Xcode_26.3.app/Contents/Developer/Platforms/MacOSX.platform/Developer/SDKs/MacOSX.sdk/usr/include/sys/cdefs.h:227:48: note: expanded from macro '__deprecated_msg'
2026-08-03T23:59:11.6818160Z   227 |         #define __deprecated_msg(_msg) __attribute__((__deprecated__(_msg)))
2026-08-03T23:59:11.6920860Z       |                                                       ^
2026-08-03T23:59:11.7025720Z /Users/runner/work/KytyPlus/KytyPlus/src/common/platform/sysLinuxDbg.cpp:116:11: warning: 'sprintf' is deprecated: This function is provided for compatibility reasons only.  Due to security concerns inherent in the design of sprintf(3), it is highly recommended that you use snprintf(3) instead. [-Wdeprecated-declarations]
2026-08-03T23:59:11.7130060Z   116 |         result = sprintf(str, "/proc/%d/maps", static_cast<int>(pid));
2026-08-03T23:59:11.7229940Z       |                  ^
2026-08-03T23:59:11.7333500Z /Applications/Xcode_26.3.app/Contents/Developer/Platforms/MacOSX.platform/Developer/SDKs/MacOSX.sdk/usr/include/_stdio.h:278:1: note: 'sprintf' has been explicitly marked deprecated here
2026-08-03T23:59:11.7432790Z   278 | __deprecated_msg("This function is provided for compatibility reasons only.  Due to security concerns inherent in the design of sprintf(3), it is highly recommended that you use snprintf(3) instead.")
2026-08-03T23:59:11.7535290Z       | ^
2026-08-03T23:59:11.7638480Z /Applications/Xcode_26.3.app/Contents/Developer/Platforms/MacOSX.platform/Developer/SDKs/MacOSX.sdk/usr/include/sys/cdefs.h:227:48: note: expanded from macro '__deprecated_msg'
2026-08-03T23:59:11.7740360Z   227 |         #define __deprecated_msg(_msg) __attribute__((__deprecated__(_msg)))
2026-08-03T23:59:11.7842370Z       |                                                       ^
2026-08-03T23:59:11.7945010Z 2 warnings generated.
2026-08-03T23:59:12.6547680Z [514/716] Building CXX object common/CMakeFiles/common.dir/file.cpp.o
2026-08-03T23:59:13.1482490Z [515/716] Building CXX object common/CMakeFiles/common.dir/logging/log.cpp.o
2026-08-03T23:59:13.2186700Z [516/716] Building CXX object common/CMakeFiles/common.dir/platform/sysWindowsDbg.cpp.o
2026-08-03T23:59:13.2890720Z [517/716] Building CXX object common/CMakeFiles/common.dir/platform/sysWindowsFileIO.cpp.o
2026-08-03T23:59:13.3493350Z [518/716] Building CXX object common/CMakeFiles/common.dir/platform/sysWindowsVirtual.cpp.o
2026-08-03T23:59:14.1772280Z [519/716] Building CXX object common/CMakeFiles/common.dir/platform/sysLinuxFileIO.cpp.o
2026-08-03T23:59:14.6903300Z [520/716] Building CXX object common/CMakeFiles/common.dir/platform/sysLinuxVirtual.cpp.o
2026-08-03T23:59:15.4184030Z [521/716] Building CXX object common/CMakeFiles/common.dir/subsystems.cpp.o
2026-08-03T23:59:15.5313280Z [522/716] Building CXX object common/CMakeFiles/common.dir/profiler.cpp.o
2026-08-03T23:59:15.7124320Z [523/716] Building CXX object common/CMakeFiles/common.dir/openWorldMemory.cpp.o
2026-08-03T23:59:15.8057380Z [524/716] Building CXX object common/CMakeFiles/common.dir/virtualMemory.cpp.o
2026-08-03T23:59:15.8984230Z [525/716] Linking C static library 3rdparty/libLibAtrac9.a
2026-08-03T23:59:15.9186560Z [526/716] Building CXX object common/CMakeFiles/common.dir/systemInfo.cpp.o
2026-08-03T23:59:16.0064680Z [527/716] Building CXX object common/CMakeFiles/common.dir/mmuVirtualMemory.cpp.o
2026-08-03T23:59:16.1463040Z [528/716] Linking C static library 3rdparty/xxHash/build/cmake/libxxhash.a
2026-08-03T23:59:16.2476160Z [529/716] Generate kytyGitVersion.h
2026-08-03T23:59:16.4081120Z [530/716] Linking C static library 3rdparty/SDL2/libSDL2.a
2026-08-03T23:59:16.4197520Z /Applications/Xcode_26.3.app/Contents/Developer/Toolchains/XcodeDefault.xctoolchain/usr/bin/ranlib: file: 3rdparty/SDL2/libSDL2.a(SDL_audiodev.c.o) has no symbols
2026-08-03T23:59:16.4301320Z /Applications/Xcode_26.3.app/Contents/Developer/Toolchains/XcodeDefault.xctoolchain/usr/bin/ranlib: file: 3rdparty/SDL2/libSDL2.a(SDL_keysym_to_scancode.c.o) has no symbols
2026-08-03T23:59:16.4402420Z /Applications/Xcode_26.3.app/Contents/Developer/Toolchains/XcodeDefault.xctoolchain/usr/bin/ranlib: file: 3rdparty/SDL2/libSDL2.a(SDL_scancode_tables.c.o) has no symbols
2026-08-03T23:59:16.4506310Z /Applications/Xcode_26.3.app/Contents/Developer/Toolchains/XcodeDefault.xctoolchain/usr/bin/ranlib: file: 3rdparty/SDL2/libSDL2.a(imKStoUCS.c.o) has no symbols
2026-08-03T23:59:16.4609910Z /Applications/Xcode_26.3.app/Contents/Developer/Toolchains/XcodeDefault.xctoolchain/usr/bin/ranlib: file: 3rdparty/SDL2/libSDL2.a(SDL_d3dmath.c.o) has no symbols
2026-08-03T23:59:16.4613160Z /Applications/Xcode_26.3.app/Contents/Developer/Toolchains/XcodeDefault.xctoolchain/usr/bin/ranlib: file: 3rdparty/SDL2/libSDL2.a(SDL_render_d3d.c.o) has no symbols
2026-08-03T23:59:16.4717520Z /Applications/Xcode_26.3.app/Contents/Developer/Toolchains/XcodeDefault.xctoolchain/usr/bin/ranlib: file: 3rdparty/SDL2/libSDL2.a(SDL_shaders_d3d.c.o) has no symbols
2026-08-03T23:59:16.4820180Z /Applications/Xcode_26.3.app/Contents/Developer/Toolchains/XcodeDefault.xctoolchain/usr/bin/ranlib: file: 3rdparty/SDL2/libSDL2.a(SDL_render_d3d11.c.o) has no symbols
2026-08-03T23:59:16.4924270Z /Applications/Xcode_26.3.app/Contents/Developer/Toolchains/XcodeDefault.xctoolchain/usr/bin/ranlib: file: 3rdparty/SDL2/libSDL2.a(SDL_shaders_d3d11.c.o) has no symbols
2026-08-03T23:59:16.5026870Z /Applications/Xcode_26.3.app/Contents/Developer/Toolchains/XcodeDefault.xctoolchain/usr/bin/ranlib: file: 3rdparty/SDL2/libSDL2.a(SDL_render_d3d12.c.o) has no symbols
2026-08-03T23:59:16.5129130Z /Applications/Xcode_26.3.app/Contents/Developer/Toolchains/XcodeDefault.xctoolchain/usr/bin/ranlib: file: 3rdparty/SDL2/libSDL2.a(SDL_shaders_d3d12.c.o) has no symbols
2026-08-03T23:59:16.5231580Z /Applications/Xcode_26.3.app/Contents/Developer/Toolchains/XcodeDefault.xctoolchain/usr/bin/ranlib: file: 3rdparty/SDL2/libSDL2.a(SDL_render_gles.c.o) has no symbols
2026-08-03T23:59:16.5349320Z /Applications/Xcode_26.3.app/Contents/Developer/Toolchains/XcodeDefault.xctoolchain/usr/bin/ranlib: file: 3rdparty/SDL2/libSDL2.a(SDL_render_ps2.c.o) has no symbols
2026-08-03T23:59:16.5452030Z /Applications/Xcode_26.3.app/Contents/Developer/Toolchains/XcodeDefault.xctoolchain/usr/bin/ranlib: file: 3rdparty/SDL2/libSDL2.a(SDL_render_psp.c.o) has no symbols
2026-08-03T23:59:16.5556000Z /Applications/Xcode_26.3.app/Contents/Developer/Toolchains/XcodeDefault.xctoolchain/usr/bin/ranlib: file: 3rdparty/SDL2/libSDL2.a(SDL_render_vita_gxm.c.o) has no symbols
2026-08-03T23:59:16.5660250Z /Applications/Xcode_26.3.app/Contents/Developer/Toolchains/XcodeDefault.xctoolchain/usr/bin/ranlib: file: 3rdparty/SDL2/libSDL2.a(SDL_render_vita_gxm_memory.c.o) has no symbols
2026-08-03T23:59:16.5765710Z /Applications/Xcode_26.3.app/Contents/Developer/Toolchains/XcodeDefault.xctoolchain/usr/bin/ranlib: file: 3rdparty/SDL2/libSDL2.a(SDL_render_vita_gxm_tools.c.o) has no symbols
2026-08-03T23:59:16.5869600Z /Applications/Xcode_26.3.app/Contents/Developer/Toolchains/XcodeDefault.xctoolchain/usr/bin/ranlib: file: 3rdparty/SDL2/libSDL2.a(SDL_mslibc.c.o) has no symbols
2026-08-03T23:59:16.5975750Z /Applications/Xcode_26.3.app/Contents/Developer/Toolchains/XcodeDefault.xctoolchain/usr/bin/ranlib: file: 3rdparty/SDL2/libSDL2.a(yuv_rgb_lsx.c.o) has no symbols
2026-08-03T23:59:16.6080950Z /Applications/Xcode_26.3.app/Contents/Developer/Toolchains/XcodeDefault.xctoolchain/usr/bin/ranlib: file: 3rdparty/SDL2/libSDL2.a(SDL_audiodev.c.o) has no symbols
2026-08-03T23:59:16.6185960Z /Applications/Xcode_26.3.app/Contents/Developer/Toolchains/XcodeDefault.xctoolchain/usr/bin/ranlib: file: 3rdparty/SDL2/libSDL2.a(SDL_keysym_to_scancode.c.o) has no symbols
2026-08-03T23:59:16.6289580Z /Applications/Xcode_26.3.app/Contents/Developer/Toolchains/XcodeDefault.xctoolchain/usr/bin/ranlib: file: 3rdparty/SDL2/libSDL2.a(SDL_scancode_tables.c.o) has no symbols
2026-08-03T23:59:16.6391980Z /Applications/Xcode_26.3.app/Contents/Developer/Toolchains/XcodeDefault.xctoolchain/usr/bin/ranlib: file: 3rdparty/SDL2/libSDL2.a(imKStoUCS.c.o) has no symbols
2026-08-03T23:59:16.6501530Z /Applications/Xcode_26.3.app/Contents/Developer/Toolchains/XcodeDefault.xctoolchain/usr/bin/ranlib: file: 3rdparty/SDL2/libSDL2.a(SDL_d3dmath.c.o) has no symbols
2026-08-03T23:59:16.6604540Z /Applications/Xcode_26.3.app/Contents/Developer/Toolchains/XcodeDefault.xctoolchain/usr/bin/ranlib: file: 3rdparty/SDL2/libSDL2.a(SDL_render_d3d.c.o) has no symbols
2026-08-03T23:59:16.6707300Z /Applications/Xcode_26.3.app/Contents/Developer/Toolchains/XcodeDefault.xctoolchain/usr/bin/ranlib: file: 3rdparty/SDL2/libSDL2.a(SDL_shaders_d3d.c.o) has no symbols
2026-08-03T23:59:16.6848600Z /Applications/Xcode_26.3.app/Contents/Developer/Toolchains/XcodeDefault.xctoolchain/usr/bin/ranlib: file: 3rdparty/SDL2/libSDL2.a(SDL_render_d3d11.c.o) has no symbols
2026-08-03T23:59:16.6964040Z /Applications/Xcode_26.3.app/Contents/Developer/Toolchains/XcodeDefault.xctoolchain/usr/bin/ranlib: file: 3rdparty/SDL2/libSDL2.a(SDL_shaders_d3d11.c.o) has no symbols
2026-08-03T23:59:16.7073670Z /Applications/Xcode_26.3.app/Contents/Developer/Toolchains/XcodeDefault.xctoolchain/usr/bin/ranlib: file: 3rdparty/SDL2/libSDL2.a(SDL_render_d3d12.c.o) has no symbols
2026-08-03T23:59:16.7183630Z /Applications/Xcode_26.3.app/Contents/Developer/Toolchains/XcodeDefault.xctoolchain/usr/bin/ranlib: file: 3rdparty/SDL2/libSDL2.a(SDL_shaders_d3d12.c.o) has no symbols
2026-08-03T23:59:16.7295860Z /Applications/Xcode_26.3.app/Contents/Developer/Toolchains/XcodeDefault.xctoolchain/usr/bin/ranlib: file: 3rdparty/SDL2/libSDL2.a(SDL_render_gles.c.o) has no symbols
2026-08-03T23:59:16.7402710Z /Applications/Xcode_26.3.app/Contents/Developer/Toolchains/XcodeDefault.xctoolchain/usr/bin/ranlib: file: 3rdparty/SDL2/libSDL2.a(SDL_render_ps2.c.o) has no symbols
2026-08-03T23:59:16.7538600Z /Applications/Xcode_26.3.app/Contents/Developer/Toolchains/XcodeDefault.xctoolchain/usr/bin/ranlib: file: 3rdparty/SDL2/libSDL2.a(SDL_render_psp.c.o) has no symbols
2026-08-03T23:59:16.7541420Z /Applications/Xcode_26.3.app/Contents/Developer/Toolchains/XcodeDefault.xctoolchain/usr/bin/ranlib: file: 3rdparty/SDL2/libSDL2.a(SDL_render_vita_gxm.c.o) has no symbols
2026-08-03T23:59:16.7545590Z /Applications/Xcode_26.3.app/Contents/Developer/Toolchains/XcodeDefault.xctoolchain/usr/bin/ranlib: file: 3rdparty/SDL2/libSDL2.a(SDL_render_vita_gxm_memory.c.o) has no symbols
2026-08-03T23:59:16.7546820Z /Applications/Xcode_26.3.app/Contents/Developer/Toolchains/XcodeDefault.xctoolchain/usr/bin/ranlib: file: 3rdparty/SDL2/libSDL2.a(SDL_render_vita_gxm_tools.c.o) has no symbols
2026-08-03T23:59:16.7547860Z /Applications/Xcode_26.3.app/Contents/Developer/Toolchains/XcodeDefault.xctoolchain/usr/bin/ranlib: file: 3rdparty/SDL2/libSDL2.a(SDL_mslibc.c.o) has no symbols
2026-08-03T23:59:16.7548900Z /Applications/Xcode_26.3.app/Contents/Developer/Toolchains/XcodeDefault.xctoolchain/usr/bin/ranlib: file: 3rdparty/SDL2/libSDL2.a(yuv_rgb_lsx.c.o) has no symbols
2026-08-03T23:59:16.7993200Z [531/716] Building CXX object common/CMakeFiles/common.dir/timer.cpp.o
2026-08-03T23:59:18.3773730Z [532/716] Building CXX object common/CMakeFiles/common.dir/threads.cpp.o
2026-08-03T23:59:18.5209820Z [533/716] Linking CXX static library common/libcommon.a
2026-08-03T23:59:18.5221850Z /Applications/Xcode_26.3.app/Contents/Developer/Toolchains/XcodeDefault.xctoolchain/usr/bin/ranlib: file: common/libcommon.a(sysWindowsDbg.cpp.o) has no symbols
2026-08-03T23:59:18.5228700Z /Applications/Xcode_26.3.app/Contents/Developer/Toolchains/XcodeDefault.xctoolchain/usr/bin/ranlib: file: common/libcommon.a(sysWindowsFileIO.cpp.o) has no symbols
2026-08-03T23:59:18.5231650Z /Applications/Xcode_26.3.app/Contents/Developer/Toolchains/XcodeDefault.xctoolchain/usr/bin/ranlib: file: common/libcommon.a(sysWindowsVirtual.cpp.o) has no symbols
2026-08-03T23:59:18.5235560Z /Applications/Xcode_26.3.app/Contents/Developer/Toolchains/XcodeDefault.xctoolchain/usr/bin/ranlib: file: common/libcommon.a(sysWindowsDbg.cpp.o) has no symbols
2026-08-03T23:59:18.5237880Z /Applications/Xcode_26.3.app/Contents/Developer/Toolchains/XcodeDefault.xctoolchain/usr/bin/ranlib: file: common/libcommon.a(sysWindowsFileIO.cpp.o) has no symbols
2026-08-03T23:59:18.5239030Z /Applications/Xcode_26.3.app/Contents/Developer/Toolchains/XcodeDefault.xctoolchain/usr/bin/ranlib: file: common/libcommon.a(sysWindowsVirtual.cpp.o) has no symbols
2026-08-03T23:59:20.1842380Z [534/716] Linking CXX static library 3rdparty/SPIRV-Tools/source/opt/libSPIRV-Tools-opt.a
2026-08-03T23:59:20.5869060Z [535/716] Generating gpu_tiler_shaders/gpu_tiler_standard256_spv.h
2026-08-03T23:59:20.5969810Z /Users/runner/work/KytyPlus/KytyPlus/src/graphics/host_gpu/shaders/gpu_tiler_standard256.comp
2026-08-03T23:59:20.6071230Z [536/716] Generating gpu_tiler_shaders/gpu_tiler_standard64_spv.h
2026-08-03T23:59:20.6191570Z /Users/runner/work/KytyPlus/KytyPlus/src/graphics/host_gpu/shaders/gpu_tiler_standard64.comp
2026-08-03T23:59:20.6795210Z [537/716] Generating gpu_tiler_shaders/gpu_tiler_standard4_spv.h
2026-08-03T23:59:20.6907500Z /Users/runner/work/KytyPlus/KytyPlus/src/graphics/host_gpu/shaders/gpu_tiler_standard4.comp
2026-08-03T23:59:20.7007820Z [538/716] Generating gpu_tiler_shaders/gpu_tiler_standard64_3d_spv.h
2026-08-03T23:59:20.7149280Z /Users/runner/work/KytyPlus/KytyPlus/src/graphics/host_gpu/shaders/gpu_tiler_standard64_3d.comp
2026-08-03T23:59:20.8502730Z [539/716] Generating gpu_tiler_shaders/gpu_tiler_standard4_3d_spv.h
2026-08-03T23:59:20.8605010Z /Users/runner/work/KytyPlus/KytyPlus/src/graphics/host_gpu/shaders/gpu_tiler_standard4_3d.comp
2026-08-03T23:59:20.9531040Z [540/716] Generating gpu_tiler_shaders/gpu_tiler_prt_3d_spv.h
2026-08-03T23:59:20.9632720Z /Users/runner/work/KytyPlus/KytyPlus/src/graphics/host_gpu/shaders/gpu_tiler_prt_3d.comp
2026-08-03T23:59:20.9835750Z [541/716] Generating gpu_tiler_shaders/gpu_tiler_prt_spv.h
2026-08-03T23:59:20.9937540Z /Users/runner/work/KytyPlus/KytyPlus/src/graphics/host_gpu/shaders/gpu_tiler_prt.comp
2026-08-03T23:59:21.0942860Z [542/716] Generating gpu_tiler_shaders/gpu_tiler_depth_spv.h
2026-08-03T23:59:21.1045460Z /Users/runner/work/KytyPlus/KytyPlus/src/graphics/host_gpu/shaders/gpu_tiler_depth.comp
2026-08-03T23:59:21.1449350Z [543/716] Generating gpu_tiler_shaders/gpu_tiler_render_target_spv.h
2026-08-03T23:59:21.1551690Z /Users/runner/work/KytyPlus/KytyPlus/src/graphics/host_gpu/shaders/gpu_tiler_render_target.comp
2026-08-03T23:59:21.2876960Z [544/716] Generating gpu_tiler_shaders/gpu_tiler_promote_d16_spv.h
2026-08-03T23:59:21.2979280Z /Users/runner/work/KytyPlus/KytyPlus/src/graphics/host_gpu/shaders/gpu_tiler_promote_d16.comp
2026-08-03T23:59:21.3080380Z [545/716] Generating gpu_tiler_shaders/gpu_tiler_demote_d16_spv.h
2026-08-03T23:59:21.3180520Z /Users/runner/work/KytyPlus/KytyPlus/src/graphics/host_gpu/shaders/gpu_tiler_demote_d16.comp
2026-08-03T23:59:21.3282490Z [546/716] Generating gpu_blit_shaders/gpu_blit_fs_triangle_spv.h
2026-08-03T23:59:21.3325810Z /Users/runner/work/KytyPlus/KytyPlus/src/graphics/host_gpu/shaders/gpu_blit_fs_triangle.vert
2026-08-03T23:59:21.3326660Z [547/716] Generating gpu_tiler_shaders/gpu_tiler_swap_bgra16_spv.h
2026-08-03T23:59:21.3327350Z /Users/runner/work/KytyPlus/KytyPlus/src/graphics/host_gpu/shaders/gpu_tiler_swap_bgra16.comp
2026-08-03T23:59:21.3568300Z [548/716] Generating gpu_blit_shaders/gpu_blit_color_to_ms_depth_spv.h
2026-08-03T23:59:21.3569190Z /Users/runner/work/KytyPlus/KytyPlus/src/graphics/host_gpu/shaders/gpu_blit_color_to_ms_depth.frag
2026-08-03T23:59:22.9691880Z [549/716] Building CXX object CMakeFiles/kyty_emulator.dir/graphics/guest_gpu/command_processor/pm4Dispatch.cpp.o
2026-08-03T23:59:22.9795030Z [550/716] Building CXX object CMakeFiles/kyty_emulator.dir/graphics/guest_gpu/gpu_format.cpp.o
2026-08-03T23:59:24.5092460Z [551/716] Building CXX object CMakeFiles/kyty_emulator.dir/graphics/guest_gpu/command_processor/pm4SoftIgnoreProbe.cpp.o
2026-08-03T23:59:24.8141530Z [552/716] Building CXX object CMakeFiles/kyty_emulator.dir/graphics/guest_gpu/gpu_translator.cpp.o
2026-08-03T23:59:25.9251740Z [553/716] Building CXX object CMakeFiles/kyty_emulator.dir/main.cpp.o
2026-08-03T23:59:25.9966800Z [554/716] Building CXX object CMakeFiles/kyty_emulator.dir/graphics/host_gpu/hostMemory.cpp.o
2026-08-03T23:59:26.4209740Z [555/716] Building CXX object CMakeFiles/kyty_emulator.dir/graphics/guest_gpu/pm4.cpp.o
2026-08-03T23:59:29.0200660Z [556/716] Building CXX object CMakeFiles/kyty_emulator.dir/graphics/host_gpu/pageManager.cpp.o
2026-08-03T23:59:30.4449120Z [557/716] Building CXX object CMakeFiles/kyty_emulator.dir/graphics/guest_gpu/tile.cpp.o
2026-08-03T23:59:31.3323480Z [558/716] Building CXX object CMakeFiles/kyty_emulator.dir/graphics/host_gpu/memoryTracker.cpp.o
2026-08-03T23:59:34.2774170Z [559/716] Building CXX object CMakeFiles/kyty_emulator.dir/graphics/guest_gpu/command_processor/pm4Handlers.cpp.o
2026-08-03T23:59:35.4583780Z [560/716] Building CXX object CMakeFiles/kyty_emulator.dir/graphics/host_gpu/renderer/cache/resourceMutex.cpp.o
2026-08-03T23:59:35.5598260Z [561/716] Building CXX object CMakeFiles/kyty_emulator.dir/graphics/guest_gpu/graphicsRun.cpp.o
2026-08-03T23:59:35.5699030Z In file included from /Users/runner/work/KytyPlus/KytyPlus/src/graphics/guest_gpu/graphicsRun.cpp:9:
2026-08-03T23:59:35.5802130Z /Users/runner/work/KytyPlus/KytyPlus/src/graphics/guest_gpu/command_processor/commandProcessor.h:186:7: warning: private field 'm_memory_barrier_coalesced' is not used [-Wunused-private-field]
2026-08-03T23:59:35.5901720Z   186 |         bool m_memory_barrier_coalesced = false;
2026-08-03T23:59:35.6002030Z       |              ^
2026-08-03T23:59:35.6103340Z 1 warning generated.
2026-08-03T23:59:40.3091190Z [562/716] Building CXX object CMakeFiles/kyty_emulator.dir/graphics/host_gpu/renderer/cache/gpuResourceManager.cpp.o
2026-08-03T23:59:43.2463430Z [563/716] Building CXX object CMakeFiles/kyty_emulator.dir/graphics/host_gpu/renderer/cache/samplerCache.cpp.o
2026-08-03T23:59:43.7937690Z [564/716] Building CXX object CMakeFiles/kyty_emulator.dir/graphics/host_gpu/renderer/cache/bufferCache.cpp.o
2026-08-03T23:59:44.2973580Z [565/716] Building CXX object CMakeFiles/kyty_emulator.dir/graphics/host_gpu/renderer/cache/streamBuffer.cpp.o
2026-08-03T23:59:47.6486210Z [566/716] Building CXX object CMakeFiles/kyty_emulator.dir/graphics/host_gpu/renderer/cache/textureCache.cpp.o
2026-08-03T23:59:47.8794370Z [567/716] Building CXX object CMakeFiles/kyty_emulator.dir/graphics/host_gpu/renderer/colorRenderTarget.cpp.o
2026-08-03T23:59:51.1362400Z [568/716] Building CXX object CMakeFiles/kyty_emulator.dir/graphics/host_gpu/renderer/commandScheduler.cpp.o
2026-08-03T23:59:51.9816790Z [569/716] Building CXX object CMakeFiles/kyty_emulator.dir/graphics/host_gpu/renderer/context.cpp.o
2026-08-03T23:59:52.7970760Z [570/716] Building CXX object CMakeFiles/kyty_emulator.dir/graphics/host_gpu/renderer/debug.cpp.o
2026-08-03T23:59:53.3522900Z [571/716] Building CXX object CMakeFiles/kyty_emulator.dir/graphics/host_gpu/renderer/image/blitHelper.cpp.o
2026-08-03T23:59:56.0234540Z [572/716] Building CXX object CMakeFiles/kyty_emulator.dir/graphics/host_gpu/renderer/depthRenderTarget.cpp.o
2026-08-03T23:59:59.0719650Z [573/716] Building CXX object CMakeFiles/kyty_emulator.dir/graphics/host_gpu/renderer/image/tiler.cpp.o
2026-08-03T23:59:59.3261810Z [574/716] Building CXX object CMakeFiles/kyty_emulator.dir/graphics/host_gpu/renderer/image/imageView.cpp.o
2026-08-03T23:59:59.6482780Z [575/716] Building CXX object CMakeFiles/kyty_emulator.dir/graphics/host_gpu/renderer/image/image.cpp.o
2026-08-03T23:59:59.8916600Z [576/716] Building CXX object CMakeFiles/kyty_emulator.dir/graphics/host_gpu/renderer/image/textureCommon.cpp.o
2026-08-04T00:00:02.6660190Z [577/716] Building CXX object CMakeFiles/kyty_emulator.dir/graphics/host_gpu/renderer/masterSemaphore.cpp.o
2026-08-04T00:00:06.9576530Z [578/716] Building CXX object CMakeFiles/kyty_emulator.dir/graphics/host_gpu/renderer/pipeline/shaderResourceBarrier.cpp.o
2026-08-04T00:00:07.9264910Z [579/716] Building CXX object CMakeFiles/kyty_emulator.dir/graphics/host_gpu/renderer/pipeline/shaderSubgroup.cpp.o
2026-08-04T00:00:09.7307180Z [580/716] Building CXX object CMakeFiles/kyty_emulator.dir/graphics/host_gpu/renderer/pipeline/descriptorCache.cpp.o
2026-08-04T00:00:10.5440290Z [581/716] Building CXX object CMakeFiles/kyty_emulator.dir/graphics/host_gpu/renderer/pipeline/pipelineCache.cpp.o
2026-08-04T00:00:10.7664830Z [582/716] Building CXX object CMakeFiles/kyty_emulator.dir/graphics/host_gpu/renderer/pipeline/descriptors.cpp.o
2026-08-04T00:00:13.0098730Z [583/716] Building CXX object CMakeFiles/kyty_emulator.dir/graphics/host_gpu/renderer/pipelineCacheData.cpp.o
2026-08-04T00:00:17.5407480Z [584/716] Building CXX object CMakeFiles/kyty_emulator.dir/graphics/host_gpu/renderer/renderContext.cpp.o
2026-08-04T00:00:17.7931350Z [585/716] Building CXX object CMakeFiles/kyty_emulator.dir/graphics/host_gpu/renderer/pipeline/shaders.cpp.o
2026-08-04T00:00:19.7075870Z [586/716] Building CXX object CMakeFiles/kyty_emulator.dir/graphics/host_gpu/renderer/renderCompute.cpp.o
2026-08-04T00:00:21.8454630Z [587/716] Building CXX object CMakeFiles/kyty_emulator.dir/graphics/host_gpu/renderer/sync.cpp.o
2026-08-04T00:00:21.8957970Z [588/716] Building CXX object CMakeFiles/kyty_emulator.dir/graphics/host_gpu/renderer/renderDraw.cpp.o
2026-08-04T00:00:26.6090920Z [589/716] Building CXX object CMakeFiles/kyty_emulator.dir/graphics/host_gpu/vulkanCommon.cpp.o
2026-08-04T00:00:27.1985120Z [590/716] Building CXX object CMakeFiles/kyty_emulator.dir/graphics/presentation/renderDoc.cpp.o
2026-08-04T00:00:29.1119200Z [591/716] Building CXX object CMakeFiles/kyty_emulator.dir/graphics/host_gpu/vma.cpp.o
2026-08-04T00:00:33.0975790Z [592/716] Building CXX object CMakeFiles/kyty_emulator.dir/graphics/presentation/window/swapchain.cpp.o
2026-08-04T00:00:33.2406840Z [593/716] Building CXX object CMakeFiles/kyty_emulator.dir/graphics/shader/recompiler/ExecMask.cpp.o
2026-08-04T00:00:33.4488980Z [594/716] Building CXX object CMakeFiles/kyty_emulator.dir/graphics/presentation/videoOut.cpp.o
2026-08-04T00:00:39.8903830Z [595/716] Building CXX object CMakeFiles/kyty_emulator.dir/graphics/shader/recompiler/cfg/ShaderCFG.cpp.o
2026-08-04T00:00:40.1482640Z [596/716] Building CXX object CMakeFiles/kyty_emulator.dir/graphics/rt/hardware.cpp.o
2026-08-04T00:00:40.4718070Z [597/716] Building CXX object CMakeFiles/kyty_emulator.dir/graphics/presentation/window/vulkanWindow.cpp.o
2026-08-04T00:00:40.4819860Z /Users/runner/work/KytyPlus/KytyPlus/src/graphics/presentation/window/vulkanWindow.cpp:606:14: warning: 'enabledLayerCount' is deprecated: ignored [-Wdeprecated-declarations]
2026-08-04T00:00:40.4921660Z   606 |         create_info.enabledLayerCount   = 0;
2026-08-04T00:00:40.5021980Z       |                     ^
2026-08-04T00:00:40.5125310Z /Users/runner/work/KytyPlus/KytyPlus/3rdparty/Vulkan-Headers/include/vulkan/vulkan_structs.hpp:38633:5: note: 'enabledLayerCount' has been explicitly marked deprecated here
2026-08-04T00:00:40.5225550Z  38633 |     VULKAN_HPP_DEPRECATED( "ignored" ) uint32_t enabledLayerCount               = {};
2026-08-04T00:00:40.5327450Z        |     ^
2026-08-04T00:00:40.5429020Z /Users/runner/work/KytyPlus/KytyPlus/3rdparty/Vulkan-Headers/include/vulkan/vulkan_hpp_macros.hpp:213:42: note: expanded from macro 'VULKAN_HPP_DEPRECATED'
2026-08-04T00:00:40.5529210Z   213 | #  define VULKAN_HPP_DEPRECATED( msg ) [[deprecated( msg )]]
2026-08-04T00:00:40.5629480Z       |                                          ^
2026-08-04T00:00:40.5731270Z /Users/runner/work/KytyPlus/KytyPlus/src/graphics/presentation/window/vulkanWindow.cpp:607:14: warning: 'ppEnabledLayerNames' is deprecated: ignored [-Wdeprecated-declarations]
2026-08-04T00:00:40.5831250Z   607 |         create_info.ppEnabledLayerNames = nullptr;
2026-08-04T00:00:40.5932800Z       |                     ^
2026-08-04T00:00:40.6042540Z /Users/runner/work/KytyPlus/KytyPlus/3rdparty/Vulkan-Headers/include/vulkan/vulkan_structs.hpp:38634:5: note: 'ppEnabledLayerNames' has been explicitly marked deprecated here
2026-08-04T00:00:40.6134630Z  38634 |     VULKAN_HPP_DEPRECATED( "ignored" ) const char * const * ppEnabledLayerNames = {};
2026-08-04T00:00:40.6234950Z        |     ^
2026-08-04T00:00:40.6336730Z /Users/runner/work/KytyPlus/KytyPlus/3rdparty/Vulkan-Headers/include/vulkan/vulkan_hpp_macros.hpp:213:42: note: expanded from macro 'VULKAN_HPP_DEPRECATED'
2026-08-04T00:00:40.6437960Z   213 | #  define VULKAN_HPP_DEPRECATED( msg ) [[deprecated( msg )]]
2026-08-04T00:00:40.6540400Z       |                                          ^
2026-08-04T00:00:40.6641930Z 2 warnings generated.
2026-08-04T00:00:41.6283240Z [598/716] Building CXX object CMakeFiles/kyty_emulator.dir/graphics/shader/recompiler/decompiler/ExportOps.cpp.o
2026-08-04T00:00:41.6925500Z [599/716] Building CXX object CMakeFiles/kyty_emulator.dir/graphics/shader/recompiler/ShaderRecompiler.cpp.o
2026-08-04T00:00:41.8205970Z [600/716] Building CXX object CMakeFiles/kyty_emulator.dir/graphics/shader/recompiler/decompiler/ImageOps.cpp.o
2026-08-04T00:00:42.1784660Z [601/716] Building CXX object CMakeFiles/kyty_emulator.dir/graphics/shader/recompiler/decompiler/MemoryOps.cpp.o
2026-08-04T00:00:43.3055950Z [602/716] Building CXX object CMakeFiles/kyty_emulator.dir/graphics/presentation/window/window.cpp.o
2026-08-04T00:00:43.3157370Z [603/716] Building CXX object CMakeFiles/kyty_emulator.dir/graphics/shader/recompiler/emitter/SpirvBuilder.cpp.o
2026-08-04T00:00:43.3959700Z [604/716] Building CXX object CMakeFiles/kyty_emulator.dir/graphics/shader/recompiler/decompiler/ScalarAluOps.cpp.o
2026-08-04T00:00:43.9095850Z [605/716] Building CXX object CMakeFiles/kyty_emulator.dir/graphics/shader/recompiler/decompiler/VectorAluOps.cpp.o
2026-08-04T00:00:44.4151830Z [606/716] Building CXX object CMakeFiles/kyty_emulator.dir/graphics/shader/recompiler/decompiler/ShaderDecoder.cpp.o
2026-08-04T00:00:46.2051180Z [607/716] Building CXX object CMakeFiles/kyty_emulator.dir/graphics/shader/recompiler/emitter/SpirvEmitter.cpp.o
2026-08-04T00:00:46.4161800Z [608/716] Building CXX object CMakeFiles/kyty_emulator.dir/graphics/shader/recompiler/emitter/spirvEmitterAluOps.cpp.o
2026-08-04T00:00:46.7915150Z [609/716] Building CXX object CMakeFiles/kyty_emulator.dir/graphics/shader/recompiler/emitter/spirvEmitterExport.cpp.o
2026-08-04T00:00:47.1444110Z [610/716] Building CXX object CMakeFiles/kyty_emulator.dir/graphics/shader/recompiler/emitter/spirvEmitterControlFlow.cpp.o
2026-08-04T00:00:48.5370130Z [611/716] Building CXX object CMakeFiles/kyty_emulator.dir/graphics/shader/recompiler/emitter/spirvEmitterFlowOps.cpp.o
2026-08-04T00:00:49.2134160Z [612/716] Building CXX object CMakeFiles/kyty_emulator.dir/graphics/shader/recompiler/emitter/spirvEmitterImageOps.cpp.o
2026-08-04T00:00:49.4760390Z [613/716] Building CXX object CMakeFiles/kyty_emulator.dir/graphics/shader/recompiler/emitter/spirvEmitterAnalysis.cpp.o
2026-08-04T00:00:49.8318340Z [614/716] Building CXX object CMakeFiles/kyty_emulator.dir/graphics/shader/recompiler/emitter/spirvEmitterMemory.cpp.o
2026-08-04T00:00:50.6886790Z [615/716] Building CXX object CMakeFiles/kyty_emulator.dir/graphics/shader/recompiler/emitter/spirvEmitterModule.cpp.o
2026-08-04T00:00:51.1224520Z [616/716] Building CXX object CMakeFiles/kyty_emulator.dir/graphics/shader/recompiler/emitter/spirvEmitterValues.cpp.o
2026-08-04T00:00:51.1328630Z [617/716] Building CXX object CMakeFiles/kyty_emulator.dir/graphics/shader/recompiler/emitter/spirvEmitterImageHelpers.cpp.o
2026-08-04T00:00:51.6062520Z [618/716] Building CXX object CMakeFiles/kyty_emulator.dir/graphics/shader/recompiler/ir/BindingLayout.cpp.o
2026-08-04T00:00:52.4335010Z [619/716] Building CXX object CMakeFiles/kyty_emulator.dir/graphics/shader/recompiler/ir/ResourceMaterialization.cpp.o
2026-08-04T00:00:53.1094680Z [620/716] Building CXX object CMakeFiles/kyty_emulator.dir/graphics/shader/recompiler/ir/ResourceTracking.cpp.o
2026-08-04T00:00:53.5029620Z [621/716] Building CXX object CMakeFiles/kyty_emulator.dir/graphics/shader/recompiler/ir/ShaderIRLog.cpp.o
2026-08-04T00:00:54.2477560Z [622/716] Building CXX object CMakeFiles/kyty_emulator.dir/graphics/shader/recompiler/ir/ShaderIRMemory.cpp.o
2026-08-04T00:00:54.4786810Z [623/716] Building CXX object CMakeFiles/kyty_emulator.dir/graphics/shader/recompiler/ir/ShaderIROpcodes.cpp.o
2026-08-04T00:00:54.6132940Z [624/716] Building CXX object CMakeFiles/kyty_emulator.dir/graphics/shader/recompiler/ir/ScalarProvenance.cpp.o
2026-08-04T00:00:55.5651210Z [625/716] Building CXX object CMakeFiles/kyty_emulator.dir/graphics/shader/recompiler/ir/ShaderInfoCollection.cpp.o
2026-08-04T00:00:56.0989600Z [626/716] Building CXX object CMakeFiles/kyty_emulator.dir/graphics/shader/recompiler/ir/ShaderIR.cpp.o
2026-08-04T00:00:56.1833990Z [627/716] Building CXX object CMakeFiles/kyty_emulator.dir/graphics/shader/recompiler/ir/SrtPatcher.cpp.o
2026-08-04T00:00:56.4626560Z [628/716] Building CXX object CMakeFiles/kyty_emulator.dir/graphics/shader/shaderBindings.cpp.o
2026-08-04T00:00:56.7556780Z [629/716] Building CXX object CMakeFiles/kyty_emulator.dir/graphics/shader/recompiler/ir/SrtWalker.cpp.o
2026-08-04T00:00:57.0167210Z [630/716] Building CXX object CMakeFiles/kyty_emulator.dir/graphics/shader/shaderVertexMetadata.cpp.o
2026-08-04T00:00:57.7136210Z [631/716] Building CXX object CMakeFiles/kyty_emulator.dir/graphics/shader/shaderStageRuntime.cpp.o
2026-08-04T00:01:00.4672460Z [632/716] Building CXX object CMakeFiles/kyty_emulator.dir/kernel/eventFlag.cpp.o
2026-08-04T00:01:01.9153810Z [633/716] Building CXX object CMakeFiles/kyty_emulator.dir/kernel/eventQueue.cpp.o
2026-08-04T00:01:02.7362950Z [634/716] Building CXX object CMakeFiles/kyty_emulator.dir/kernel/fileSystem.cpp.o
2026-08-04T00:01:06.2999460Z [635/716] Building CXX object CMakeFiles/kyty_emulator.dir/kernel/semaphore.cpp.o
2026-08-04T00:01:06.4905520Z [636/716] Building CXX object CMakeFiles/kyty_emulator.dir/graphics/shader/shader.cpp.o
2026-08-04T00:01:07.4890900Z [637/716] Building CXX object CMakeFiles/kyty_emulator.dir/kernel/pthread.cpp.o
2026-08-04T00:01:11.8374930Z [638/716] Building CXX object CMakeFiles/kyty_emulator.dir/kernel/memory.cpp.o
2026-08-04T00:01:12.0604690Z [639/716] Building CXX object CMakeFiles/kyty_emulator.dir/libs/ajm.cpp.o
2026-08-04T00:01:13.1604150Z [640/716] Building CXX object CMakeFiles/kyty_emulator.dir/libs/avPlayer.cpp.o
2026-08-04T00:01:13.2330200Z [641/716] Building CXX object CMakeFiles/kyty_emulator.dir/libs/errno.cpp.o
2026-08-04T00:01:14.2696590Z [642/716] Building CXX object CMakeFiles/kyty_emulator.dir/libs/agc.cpp.o
2026-08-04T00:01:14.3301170Z [643/716] Building CXX object CMakeFiles/kyty_emulator.dir/libs/audio.cpp.o
2026-08-04T00:01:16.0163310Z [644/716] Building CXX object CMakeFiles/kyty_emulator.dir/libs/dialog.cpp.o
2026-08-04T00:01:16.2373480Z [645/716] Building CXX object CMakeFiles/kyty_emulator.dir/libs/controller.cpp.o
2026-08-04T00:01:18.0252880Z [646/716] Building CXX object CMakeFiles/kyty_emulator.dir/libs/gta3Mission.cpp.o
2026-08-04T00:01:18.2273840Z [647/716] Building CXX object CMakeFiles/kyty_emulator.dir/libs/guestPrintf.cpp.o
2026-08-04T00:01:18.8992500Z [648/716] Building CXX object CMakeFiles/kyty_emulator.dir/libs/gta3SaveData.cpp.o
2026-08-04T00:01:21.5604460Z [649/716] Building CXX object CMakeFiles/kyty_emulator.dir/libs/libAppContent.cpp.o
2026-08-04T00:01:22.8318790Z [650/716] Building CXX object CMakeFiles/kyty_emulator.dir/libs/libAudio.cpp.o
2026-08-04T00:01:23.0145490Z [651/716] Building CXX object CMakeFiles/kyty_emulator.dir/libs/libAudio2.cpp.o
2026-08-04T00:01:24.4680440Z [652/716] Building CXX object CMakeFiles/kyty_emulator.dir/libs/libC.cpp.o
2026-08-04T00:01:24.7739350Z [653/716] Building CXX object CMakeFiles/kyty_emulator.dir/libs/libDialog.cpp.o
2026-08-04T00:01:24.9159130Z [654/716] Building CXX object CMakeFiles/kyty_emulator.dir/libs/libAmpr.cpp.o
2026-08-04T00:01:25.4570400Z [655/716] Building CXX object CMakeFiles/kyty_emulator.dir/libs/libDebug.cpp.o
2026-08-04T00:01:25.6519560Z [656/716] Building CXX object CMakeFiles/kyty_emulator.dir/libs/libDbgAsan.cpp.o
2026-08-04T00:01:27.2810130Z [657/716] Building CXX object CMakeFiles/kyty_emulator.dir/libs/libFontFt.cpp.o
2026-08-04T00:01:29.6659500Z [658/716] Building CXX object CMakeFiles/kyty_emulator.dir/libs/libGraphicsDriver.cpp.o
2026-08-04T00:01:31.4608210Z [659/716] Building CXX object CMakeFiles/kyty_emulator.dir/libs/libFont.cpp.o
2026-08-04T00:01:32.2146760Z [660/716] Building CXX object CMakeFiles/kyty_emulator.dir/libs/libJson2.cpp.o
2026-08-04T00:01:34.3698920Z [661/716] Building CXX object CMakeFiles/kyty_emulator.dir/libs/libPad.cpp.o
2026-08-04T00:01:35.3848620Z [662/716] Building CXX object CMakeFiles/kyty_emulator.dir/libs/libKernel.cpp.o
2026-08-04T00:01:35.3948370Z /Users/runner/work/KytyPlus/KytyPlus/src/libs/libKernel.cpp:511:13: warning: unused function 'QueuePendingSignal' [-Wunused-function]
2026-08-04T00:01:35.4049260Z   511 | static void QueuePendingSignal(Pthread thread, int signum) {
2026-08-04T00:01:35.4150500Z       |             ^~~~~~~~~~~~~~~~~~
2026-08-04T00:01:35.4251370Z /Users/runner/work/KytyPlus/KytyPlus/src/libs/libKernel.cpp:515:13: warning: unused function 'WaitForSignalDispatch' [-Wunused-function]
2026-08-04T00:01:35.4352200Z   515 | static void WaitForSignalDispatch(Pthread thread, int signum) {
2026-08-04T00:01:35.4453290Z       |             ^~~~~~~~~~~~~~~~~~~~~
2026-08-04T00:01:35.4554920Z /Users/runner/work/KytyPlus/KytyPlus/src/libs/libKernel.cpp:710:23: warning: unused function 'CreateCurrentGuestCallSignalUcontext' [-Wunused-function]
2026-08-04T00:01:35.4655570Z   710 | static SignalUcontext CreateCurrentGuestCallSignalUcontext(uint64_t rip) {
2026-08-04T00:01:35.4756880Z       |                       ^~~~~~~~~~~~~~~~~~~~~~~~~~~~~~~~~~~~
2026-08-04T00:01:35.4858200Z 3 warnings generated.
2026-08-04T00:01:36.3729110Z [663/716] Building CXX object CMakeFiles/kyty_emulator.dir/libs/libPlayGo.cpp.o
2026-08-04T00:01:36.6960660Z [664/716] Building CXX object CMakeFiles/kyty_emulator.dir/libs/libPngDec.cpp.o
2026-08-04T00:01:37.5440710Z [665/716] Building CXX object CMakeFiles/kyty_emulator.dir/libs/libNet.cpp.o
2026-08-04T00:01:37.7551590Z [666/716] Building CXX object CMakeFiles/kyty_emulator.dir/libs/libPsml.cpp.o
2026-08-04T00:01:38.5506290Z [667/716] Building CXX object CMakeFiles/kyty_emulator.dir/libs/libRtc.cpp.o
2026-08-04T00:01:40.1845450Z [668/716] Building CXX object CMakeFiles/kyty_emulator.dir/libs/libRudp.cpp.o
2026-08-04T00:01:41.3216890Z [669/716] Building CXX object CMakeFiles/kyty_emulator.dir/libs/libShare.cpp.o
2026-08-04T00:01:41.9659330Z [670/716] Building CXX object CMakeFiles/kyty_emulator.dir/libs/libSysmodule.cpp.o
2026-08-04T00:01:42.2468830Z [671/716] Building CXX object CMakeFiles/kyty_emulator.dir/libs/libSystemService.cpp.o
2026-08-04T00:01:42.4383740Z [672/716] Building CXX object CMakeFiles/kyty_emulator.dir/libs/libSaveData.cpp.o
2026-08-04T00:01:43.9697120Z [673/716] Building CXX object CMakeFiles/kyty_emulator.dir/libs/libVideoOut.cpp.o
2026-08-04T00:01:44.1308150Z [674/716] Building CXX object CMakeFiles/kyty_emulator.dir/libs/libUserService.cpp.o
2026-08-04T00:01:45.5823530Z [675/716] Building CXX object CMakeFiles/kyty_emulator.dir/libs/networkStubs.cpp.o
2026-08-04T00:01:45.5924870Z FAILED: [code=1] CMakeFiles/kyty_emulator.dir/libs/networkStubs.cpp.o 
2026-08-04T00:01:45.6033420Z /usr/bin/clang++ -DTRACY_DELAYED_INIT -DTRACY_ENABLE -DTRACY_MANUAL_LIFETIME -DTRACY_ON_DEMAND -I/Users/runner/work/KytyPlus/KytyPlus/src/../3rdparty/gtest/include -I/Users/runner/work/KytyPlus/KytyPlus/src/../3rdparty/gtest -I/Users/runner/work/KytyPlus/KytyPlus/src/../3rdparty/fmt/include -I/Users/runner/work/KytyPlus/KytyPlus/src/../3rdparty/magic_enum/include/magic_enum -I/Users/runner/work/KytyPlus/KytyPlus/_Build/macos -I/Users/runner/work/KytyPlus/KytyPlus/src -I/Users/runner/work/KytyPlus/KytyPlus/src/../3rdparty/SDL2/include -I/Users/runner/work/KytyPlus/KytyPlus/src/../3rdparty/VulkanMemoryAllocator/include -I/Users/runner/work/KytyPlus/KytyPlus/src/../3rdparty/SPIRV-Tools/include -I/Users/runner/work/KytyPlus/KytyPlus/src/../3rdparty/xxhash -I/Users/runner/work/KytyPlus/KytyPlus/src/../3rdparty/cpuinfo/include -I/Users/runner/work/KytyPlus/KytyPlus/src/../3rdparty/stb -I/Users/runner/work/KytyPlus/KytyPlus/3rdparty/fmt/include -I/Users/runner/work/KytyPlus/KytyPlus/3rdparty/Vulkan-Headers/include -I/Users/runner/work/KytyPlus/KytyPlus/3rdparty/SPIRV-Tools/include -I/Users/runner/work/KytyPlus/KytyPlus/3rdparty/SPIRV-Headers/include -I/Users/runner/work/KytyPlus/KytyPlus/_Build/macos/3rdparty/SDL2/include -I/Users/runner/work/KytyPlus/KytyPlus/_Build/macos/3rdparty/SDL2/include/SDL2 -I/Users/runner/work/KytyPlus/KytyPlus/_Build/macos/3rdparty/SDL2/include-config-release/SDL2 -I/Users/runner/work/KytyPlus/KytyPlus/3rdparty/xxHash -I/Users/runner/work/KytyPlus/KytyPlus/3rdparty/ffmpeg-core/include -I/Users/runner/work/KytyPlus/KytyPlus/3rdparty/nlohmann_json/include -I/Users/runner/work/KytyPlus/KytyPlus/3rdparty/LibAtrac9/C/src -isystem /Users/runner/work/KytyPlus/KytyPlus/3rdparty/tracy/public -fno-rtti -fno-exceptions -fcolor-diagnostics -finput-charset=UTF-8 -fexec-charset=UTF-8 -g -fno-strict-aliasing -fno-omit-frame-pointer -Wall -fmessage-length=0 -O3 -DNDEBUG -std=c++20 -arch x86_64 -MD -MT CMakeFiles/kyty_emulator.dir/libs/networkStubs.cpp.o -MF CMakeFiles/kyty_emulator.dir/libs/networkStubs.cpp.o.d -o CMakeFiles/kyty_emulator.dir/libs/networkStubs.cpp.o -c /Users/runner/work/KytyPlus/KytyPlus/src/libs/networkStubs.cpp
2026-08-04T00:01:45.6127700Z /Users/runner/work/KytyPlus/KytyPlus/src/libs/networkStubs.cpp:81:23: error: no member named 'sleep_for' in namespace 'std::this_thread'
2026-08-04T00:01:45.6227110Z    81 |     std::this_thread::sleep_for(std::chrono::milliseconds(100));
2026-08-04T00:01:45.6328880Z       |     ~~~~~~~~~~~~~~~~~~^
2026-08-04T00:01:45.6429510Z 1 error generated.
2026-08-04T00:01:45.7465520Z [676/716] Building CXX object CMakeFiles/kyty_emulator.dir/libs/libUlt.cpp.o
2026-08-04T00:01:45.8437280Z [677/716] Building CXX object CMakeFiles/kyty_emulator.dir/libs/libVideoDec2.cpp.o
2026-08-04T00:01:45.9309450Z [678/716] Building CXX object CMakeFiles/kyty_emulator.dir/libs/libs.cpp.o
2026-08-04T00:01:48.0593750Z [679/716] Building CXX object CMakeFiles/kyty_emulator.dir/libs/network.cpp.o
2026-08-04T00:01:48.0613250Z /Users/runner/work/KytyPlus/KytyPlus/src/libs/network.cpp:23:25: warning: unused variable 'INVALID_SOCKET' [-Wunused-const-variable]
2026-08-04T00:01:48.0617060Z    23 | static constexpr SOCKET INVALID_SOCKET = -1;
2026-08-04T00:01:48.0619620Z       |                         ^~~~~~~~~~~~~~
2026-08-04T00:01:48.0621950Z /Users/runner/work/KytyPlus/KytyPlus/src/libs/network.cpp:844:46: warning: unused variable 'g_winsock_initialized' [-Wunused-variable]
2026-08-04T00:01:48.0623660Z   844 | static std::atomic_bool                      g_winsock_initialized = false;
2026-08-04T00:01:48.0624340Z       |                                              ^~~~~~~~~~~~~~~~~~~~~
2026-08-04T00:01:48.0625310Z /Users/runner/work/KytyPlus/KytyPlus/src/libs/network.cpp:847:20: warning: unused variable 'EPOLL_IN' [-Wunused-const-variable]
2026-08-04T00:01:48.0626150Z   847 | constexpr uint32_t EPOLL_IN      = 0x00000001;
2026-08-04T00:01:48.0626560Z       |                    ^~~~~~~~
2026-08-04T00:01:48.0627150Z /Users/runner/work/KytyPlus/KytyPlus/src/libs/network.cpp:848:20: warning: unused variable 'EPOLL_OUT' [-Wunused-const-variable]
2026-08-04T00:01:48.0627790Z   848 | constexpr uint32_t EPOLL_OUT     = 0x00000002;
2026-08-04T00:01:48.0628110Z       |                    ^~~~~~~~~
2026-08-04T00:01:48.0628650Z /Users/runner/work/KytyPlus/KytyPlus/src/libs/network.cpp:849:20: warning: unused variable 'EPOLL_ERR' [-Wunused-const-variable]
2026-08-04T00:01:48.0629280Z   849 | constexpr uint32_t EPOLL_ERR     = 0x00000008;
2026-08-04T00:01:48.0629630Z       |                    ^~~~~~~~~
2026-08-04T00:01:48.0630180Z /Users/runner/work/KytyPlus/KytyPlus/src/libs/network.cpp:941:12: warning: unused function 'SetPosixSocketError' [-Wunused-function]
2026-08-04T00:01:48.0631050Z   941 | static int SetPosixSocketError() {
2026-08-04T00:01:48.0631360Z       |            ^~~~~~~~~~~~~~~~~~~
2026-08-04T00:01:48.0631880Z /Users/runner/work/KytyPlus/KytyPlus/src/libs/network.cpp:957:12: warning: unused function 'ConvertSocketOptionLevel' [-Wunused-function]
2026-08-04T00:01:48.0632480Z   957 | static int ConvertSocketOptionLevel(int level) {
2026-08-04T00:01:48.0632850Z       |            ^~~~~~~~~~~~~~~~~~~~~~~~
2026-08-04T00:01:48.0633340Z /Users/runner/work/KytyPlus/KytyPlus/src/libs/network.cpp:961:12: warning: unused function 'ConvertMessageFlags' [-Wunused-function]
2026-08-04T00:01:48.0633920Z   961 | static int ConvertMessageFlags(int flags) {
2026-08-04T00:01:48.0634200Z       |            ^~~~~~~~~~~~~~~~~~~
2026-08-04T00:01:48.0634700Z /Users/runner/work/KytyPlus/KytyPlus/src/libs/network.cpp:1107:12: warning: unused function 'AllocSocketFd' [-Wunused-function]
2026-08-04T00:01:48.0635270Z  1107 | static int AllocSocketFd(NativeSocket socket) {
2026-08-04T00:01:48.0635550Z       |            ^~~~~~~~~~~~~
2026-08-04T00:01:48.0636050Z /Users/runner/work/KytyPlus/KytyPlus/src/libs/network.cpp:1121:13: warning: unused function 'GuestFdIsSet' [-Wunused-function]
2026-08-04T00:01:48.0636590Z  1121 | static bool GuestFdIsSet(const void* fds, int fd) {
2026-08-04T00:01:48.0636910Z       |             ^~~~~~~~~~~~
2026-08-04T00:01:48.0637410Z /Users/runner/work/KytyPlus/KytyPlus/src/libs/network.cpp:1130:13: warning: unused function 'GuestFdZero' [-Wunused-function]
2026-08-04T00:01:48.0638180Z  1130 | static void GuestFdZero(void* fds, int nfds) {
2026-08-04T00:01:48.0638490Z       |             ^~~~~~~~~~~
2026-08-04T00:01:48.0638940Z /Users/runner/work/KytyPlus/KytyPlus/src/libs/network.cpp:1138:13: warning: unused function 'GuestFdSet' [-Wunused-function]
2026-08-04T00:01:48.0639480Z  1138 | static void GuestFdSet(void* fds, int fd) {
2026-08-04T00:01:48.0639800Z       |             ^~~~~~~~~~
2026-08-04T00:01:48.0640310Z /Users/runner/work/KytyPlus/KytyPlus/src/libs/network.cpp:2929:13: warning: unused function 'CopyIpv4String' [-Wunused-function]
2026-08-04T00:01:48.0641000Z  2929 | static void CopyIpv4String(char* dst, size_t dst_size, const sockaddr* addr) {
2026-08-04T00:01:48.0641380Z       |             ^~~~~~~~~~~~~~
2026-08-04T00:01:48.0641930Z /Users/runner/work/KytyPlus/KytyPlus/src/libs/network.cpp:2944:13: warning: unused function 'CopyIpv4Netmask' [-Wunused-function]
2026-08-04T00:01:48.0642570Z  2944 | static void CopyIpv4Netmask(char* dst, size_t dst_size, uint8_t prefix_len) {
2026-08-04T00:01:48.0643040Z       |             ^~~~~~~~~~~~~~~
2026-08-04T00:01:48.0643350Z 14 warnings generated.
2026-08-04T00:01:48.0643600Z ninja: build stopped: subcommand failed.
2026-08-04T00:01:48.0772890Z ##[error]Process completed with exit code 1.
2026-08-04T00:01:48.1044610Z Post job cleanup.
2026-08-04T00:01:48.1048590Z ##[start-action display=Setup Python;id=__64045085-732a-46cd-bfe7-0578dac915a2.__actions_setup-python]
2026-08-04T00:01:48.1051990Z ##[end-action id=__64045085-732a-46cd-bfe7-0578dac915a2.__actions_setup-python;outcome=skipped;conclusion=skipped;duration_ms=0]
2026-08-04T00:01:48.1137220Z Post job cleanup.
2026-08-04T00:01:48.4234730Z [command]/opt/homebrew/bin/git version
2026-08-04T00:01:48.4435960Z git version 2.55.0
2026-08-04T00:01:48.4455980Z Copying '/Users/runner/.gitconfig' to '/Users/runner/work/_temp/7a99a540-100b-4126-a284-b07ff8386461/.gitconfig'
2026-08-04T00:01:48.4464280Z Temporarily overriding HOME='/Users/runner/work/_temp/7a99a540-100b-4126-a284-b07ff8386461' before making global git config changes
2026-08-04T00:01:48.4465530Z Adding repository directory to the temporary git global config as a safe directory
2026-08-04T00:01:48.4467360Z [command]/opt/homebrew/bin/git config --global --add safe.directory /Users/runner/work/KytyPlus/KytyPlus
2026-08-04T00:01:48.4587940Z [command]/opt/homebrew/bin/git config --local --name-only --get-regexp core\.sshCommand
2026-08-04T00:01:48.4677000Z [command]/opt/homebrew/bin/git submodule foreach --recursive sh -c "git config --local --name-only --get-regexp 'core\.sshCommand' && git config --local --unset-all 'core.sshCommand' || :"
2026-08-04T00:01:48.5708720Z Entering '3rdparty/LibAtrac9'
2026-08-04T00:01:48.5926100Z Entering '3rdparty/SDL2'
2026-08-04T00:01:48.6140710Z Entering '3rdparty/SPIRV-Headers'
2026-08-04T00:01:48.6364650Z Entering '3rdparty/SPIRV-Tools'
2026-08-04T00:01:48.6613520Z Entering '3rdparty/Vulkan-Headers'
2026-08-04T00:01:48.6841620Z Entering '3rdparty/VulkanMemoryAllocator'
2026-08-04T00:01:48.7091990Z Entering '3rdparty/ffmpeg-core'
2026-08-04T00:01:48.7309970Z Entering '3rdparty/fmt'
2026-08-04T00:01:48.7513550Z Entering '3rdparty/magic_enum'
2026-08-04T00:01:48.7719050Z Entering '3rdparty/nlohmann_json'
2026-08-04T00:01:48.7928390Z Entering '3rdparty/spdlog'
2026-08-04T00:01:48.8190690Z Entering '3rdparty/tracy'
2026-08-04T00:01:48.8455850Z Entering '3rdparty/xxHash'
2026-08-04T00:01:48.8711730Z [command]/opt/homebrew/bin/git config --local --name-only --get-regexp http\.https\:\/\/github\.com\/\.extraheader
2026-08-04T00:01:48.8762900Z http.https://github.com/.extraheader
2026-08-04T00:01:48.8765410Z [command]/opt/homebrew/bin/git config --local --unset-all http.https://github.com/.extraheader
2026-08-04T00:01:48.8827820Z [command]/opt/homebrew/bin/git submodule foreach --recursive sh -c "git config --local --name-only --get-regexp 'http\.https\:\/\/github\.com\/\.extraheader' && git config --local --unset-all 'http.https://github.com/.extraheader' || :"
2026-08-04T00:01:48.9536540Z Entering '3rdparty/LibAtrac9'
2026-08-04T00:01:48.9664040Z http.https://github.com/.extraheader
2026-08-04T00:01:48.9778950Z Entering '3rdparty/SDL2'
2026-08-04T00:01:48.9912060Z http.https://github.com/.extraheader
2026-08-04T00:01:49.0023620Z Entering '3rdparty/SPIRV-Headers'
2026-08-04T00:01:49.0152260Z http.https://github.com/.extraheader
2026-08-04T00:01:49.0267180Z Entering '3rdparty/SPIRV-Tools'
2026-08-04T00:01:49.0402970Z http.https://github.com/.extraheader
2026-08-04T00:01:49.0517570Z Entering '3rdparty/Vulkan-Headers'
2026-08-04T00:01:49.0641270Z http.https://github.com/.extraheader
2026-08-04T00:01:49.0749630Z Entering '3rdparty/VulkanMemoryAllocator'
2026-08-04T00:01:49.0878090Z http.https://github.com/.extraheader
2026-08-04T00:01:49.0991460Z Entering '3rdparty/ffmpeg-core'
2026-08-04T00:01:49.1124390Z http.https://github.com/.extraheader
2026-08-04T00:01:49.1244300Z Entering '3rdparty/fmt'
2026-08-04T00:01:49.1376560Z http.https://github.com/.extraheader
2026-08-04T00:01:49.1491350Z Entering '3rdparty/magic_enum'
2026-08-04T00:01:49.1666230Z http.https://github.com/.extraheader
2026-08-04T00:01:49.1794940Z Entering '3rdparty/nlohmann_json'
2026-08-04T00:01:49.1941330Z http.https://github.com/.extraheader
2026-08-04T00:01:49.2062830Z Entering '3rdparty/spdlog'
2026-08-04T00:01:49.2200540Z http.https://github.com/.extraheader
2026-08-04T00:01:49.2316410Z Entering '3rdparty/tracy'
2026-08-04T00:01:49.2454410Z http.https://github.com/.extraheader
2026-08-04T00:01:49.2591080Z Entering '3rdparty/xxHash'
2026-08-04T00:01:49.2718940Z http.https://github.com/.extraheader
2026-08-04T00:01:49.2841650Z [command]/opt/homebrew/bin/git config --local --name-only --get-regexp ^includeIf\.gitdir:
2026-08-04T00:01:49.2898610Z [command]/opt/homebrew/bin/git submodule foreach --recursive git config --local --show-origin --name-only --get-regexp remote.origin.url
2026-08-04T00:01:49.3639360Z Entering '3rdparty/LibAtrac9'
2026-08-04T00:01:49.3738270Z file:/Users/runner/work/KytyPlus/KytyPlus/.git/modules/3rdparty/LibAtrac9/config	remote.origin.url
2026-08-04T00:01:49.3797050Z Entering '3rdparty/SDL2'
2026-08-04T00:01:49.3974540Z file:/Users/runner/work/KytyPlus/KytyPlus/.git/modules/3rdparty/SDL2/config	remote.origin.url
2026-08-04T00:01:49.4074710Z Entering '3rdparty/SPIRV-Headers'
2026-08-04T00:01:49.4176200Z file:/Users/runner/work/KytyPlus/KytyPlus/.git/modules/3rdparty/SPIRV-Headers/config	remote.origin.url
2026-08-04T00:01:49.4276420Z Entering '3rdparty/SPIRV-Tools'
2026-08-04T00:01:49.4478170Z file:/Users/runner/work/KytyPlus/KytyPlus/.git/modules/3rdparty/SPIRV-Tools/config	remote.origin.url
2026-08-04T00:01:49.4579560Z Entering '3rdparty/Vulkan-Headers'
2026-08-04T00:01:49.4680730Z file:/Users/runner/work/KytyPlus/KytyPlus/.git/modules/3rdparty/Vulkan-Headers/config	remote.origin.url
2026-08-04T00:01:49.4780880Z Entering '3rdparty/VulkanMemoryAllocator'
2026-08-04T00:01:49.4984900Z file:/Users/runner/work/KytyPlus/KytyPlus/.git/modules/3rdparty/VulkanMemoryAllocator/config	remote.origin.url
2026-08-04T00:01:49.5087060Z Entering '3rdparty/ffmpeg-core'
2026-08-04T00:01:49.5188450Z file:/Users/runner/work/KytyPlus/KytyPlus/.git/modules/3rdparty/ffmpeg-core/config	remote.origin.url
2026-08-04T00:01:49.5289590Z Entering '3rdparty/fmt'
2026-08-04T00:01:49.5495640Z file:/Users/runner/work/KytyPlus/KytyPlus/.git/modules/3rdparty/fmt/config	remote.origin.url
2026-08-04T00:01:49.5596570Z Entering '3rdparty/magic_enum'
2026-08-04T00:01:49.5697710Z file:/Users/runner/work/KytyPlus/KytyPlus/.git/modules/3rdparty/magic_enum/config	remote.origin.url
2026-08-04T00:01:49.5798380Z Entering '3rdparty/nlohmann_json'
2026-08-04T00:01:49.6000340Z file:/Users/runner/work/KytyPlus/KytyPlus/.git/modules/3rdparty/nlohmann_json/config	remote.origin.url
2026-08-04T00:01:49.6100270Z Entering '3rdparty/spdlog'
2026-08-04T00:01:49.6200830Z file:/Users/runner/work/KytyPlus/KytyPlus/.git/modules/3rdparty/spdlog/config	remote.origin.url
2026-08-04T00:01:49.6301640Z Entering '3rdparty/tracy'
2026-08-04T00:01:49.6503110Z file:/Users/runner/work/KytyPlus/KytyPlus/.git/modules/3rdparty/tracy/config	remote.origin.url
2026-08-04T00:01:49.6603950Z Entering '3rdparty/xxHash'
2026-08-04T00:01:49.6805100Z file:/Users/runner/work/KytyPlus/KytyPlus/.git/modules/3rdparty/xxHash/config	remote.origin.url
2026-08-04T00:01:49.7112590Z [command]/opt/homebrew/bin/git config --file /Users/runner/work/KytyPlus/KytyPlus/.git/modules/3rdparty/LibAtrac9/config --name-only --get-regexp ^includeIf\.gitdir:
2026-08-04T00:01:49.7528250Z [command]/opt/homebrew/bin/git config --file /Users/runner/work/KytyPlus/KytyPlus/.git/modules/3rdparty/SDL2/config --name-only --get-regexp ^includeIf\.gitdir:
2026-08-04T00:01:49.7571520Z [command]/opt/homebrew/bin/git config --file /Users/runner/work/KytyPlus/KytyPlus/.git/modules/3rdparty/SPIRV-Headers/config --name-only --get-regexp ^includeIf\.gitdir:
2026-08-04T00:01:49.7573120Z [command]/opt/homebrew/bin/git config --file /Users/runner/work/KytyPlus/KytyPlus/.git/modules/3rdparty/SPIRV-Tools/config --name-only --get-regexp ^includeIf\.gitdir:
2026-08-04T00:01:49.7574770Z [command]/opt/homebrew/bin/git config --file /Users/runner/work/KytyPlus/KytyPlus/.git/modules/3rdparty/Vulkan-Headers/config --name-only --get-regexp ^includeIf\.gitdir:
2026-08-04T00:01:49.7576340Z [command]/opt/homebrew/bin/git config --file /Users/runner/work/KytyPlus/KytyPlus/.git/modules/3rdparty/VulkanMemoryAllocator/config --name-only --get-regexp ^includeIf\.gitdir:
2026-08-04T00:01:49.7589760Z [command]/opt/homebrew/bin/git config --file /Users/runner/work/KytyPlus/KytyPlus/.git/modules/3rdparty/ffmpeg-core/config --name-only --get-regexp ^includeIf\.gitdir:
2026-08-04T00:01:49.7652570Z [command]/opt/homebrew/bin/git config --file /Users/runner/work/KytyPlus/KytyPlus/.git/modules/3rdparty/fmt/config --name-only --get-regexp ^includeIf\.gitdir:
2026-08-04T00:01:49.7753250Z [command]/opt/homebrew/bin/git config --file /Users/runner/work/KytyPlus/KytyPlus/.git/modules/3rdparty/magic_enum/config --name-only --get-regexp ^includeIf\.gitdir:
2026-08-04T00:01:49.8041910Z [command]/opt/homebrew/bin/git config --file /Users/runner/work/KytyPlus/KytyPlus/.git/modules/3rdparty/nlohmann_json/config --name-only --get-regexp ^includeIf\.gitdir:
2026-08-04T00:01:49.8061790Z [command]/opt/homebrew/bin/git config --file /Users/runner/work/KytyPlus/KytyPlus/.git/modules/3rdparty/spdlog/config --name-only --get-regexp ^includeIf\.gitdir:
2026-08-04T00:01:49.8067900Z [command]/opt/homebrew/bin/git config --file /Users/runner/work/KytyPlus/KytyPlus/.git/modules/3rdparty/tracy/config --name-only --get-regexp ^includeIf\.gitdir:
2026-08-04T00:01:49.8069380Z [command]/opt/homebrew/bin/git config --file /Users/runner/work/KytyPlus/KytyPlus/.git/modules/3rdparty/xxHash/config --name-only --get-regexp ^includeIf\.gitdir:
2026-08-04T00:01:49.8196800Z Cleaning up orphan processes
