2026-08-03T23:43:09.6751430Z Current runner version: '2.336.0'
2026-08-03T23:43:09.6767900Z ##[group]Runner Image Provisioner
2026-08-03T23:43:09.6768500Z Hosted Compute Agent
2026-08-03T23:43:09.6768950Z Version: 20260707.563
2026-08-03T23:43:09.6769390Z Commit: 02667638d2b423fbc733a8e32a88b44996a3ba6e
2026-08-03T23:43:09.6769900Z Build Date: 2026-07-07T19:33:50Z
2026-08-03T23:43:09.6770320Z Worker ID: {4c5eea6f-2293-4309-800d-293e36a5ddec}
2026-08-03T23:43:09.6770750Z Azure Region: westus
2026-08-03T23:43:09.6771100Z ##[endgroup]
2026-08-03T23:43:09.6772150Z ##[group]Operating System
2026-08-03T23:43:09.6772590Z macOS
2026-08-03T23:43:09.6772890Z 15.7.7
2026-08-03T23:43:09.6773220Z 24G720
2026-08-03T23:43:09.6773550Z ##[endgroup]
2026-08-03T23:43:09.6773910Z ##[group]Runner Image
2026-08-03T23:43:09.6774300Z Image: macos-15-arm64
2026-08-03T23:43:09.6774720Z Version: 20260727.0256.1
2026-08-03T23:43:09.6775670Z Included Software: https://github.com/actions/runner-images/blob/macos-15-arm64/20260727.0256/images/macos/macos-15-arm64-Readme.md
2026-08-03T23:43:09.6776800Z Image Release: https://github.com/actions/runner-images/releases/tag/macos-15-arm64%2F20260727.0256
2026-08-03T23:43:09.6777580Z ##[endgroup]
2026-08-03T23:43:09.6778430Z ##[group]GITHUB_TOKEN Permissions
2026-08-03T23:43:09.6779650Z Contents: read
2026-08-03T23:43:09.6780050Z Metadata: read
2026-08-03T23:43:09.6780510Z Packages: read
2026-08-03T23:43:09.6780940Z ##[endgroup]
2026-08-03T23:43:09.6782600Z Secret source: Actions
2026-08-03T23:43:09.6783320Z Prepare workflow directory
2026-08-03T23:43:09.7060520Z Prepare all required actions
2026-08-03T23:43:09.7104910Z Getting action download info
2026-08-03T23:43:10.1188090Z Download action repository 'actions/checkout@v5' (SHA:fbc6f3992d24b796d5a048ff273f7fcc4a7b6c09)
2026-08-03T23:43:10.3118720Z Download action repository 'jurplel/install-qt-action@v4.3.1' (SHA:48d3ad6db93f3627c8ee7a0454bc6f3744f7e730)
2026-08-03T23:43:12.2990240Z Download action repository 'actions/upload-artifact@v4' (SHA:ea165f8d65b6e75b540449e92b4886f43607fa02)
2026-08-03T23:43:12.5210150Z Getting action download info
2026-08-03T23:43:12.6491160Z Download action repository 'actions/setup-python@v6' (SHA:ece7cb06caefa5fff74198d8649806c4678c61a1)
2026-08-03T23:43:12.7472670Z Download action repository 'jurplel/install-qt-action@v4' (SHA:48d3ad6db93f3627c8ee7a0454bc6f3744f7e730)
2026-08-03T23:43:14.4417350Z Complete job name: Build KytyPS5 (macOS)
2026-08-03T23:43:14.4893500Z ##[group]Run actions/checkout@v5
2026-08-03T23:43:14.4893940Z with:
2026-08-03T23:43:14.4894110Z   submodules: recursive
2026-08-03T23:43:14.4894320Z   repository: Coder787-source/KytyPlus
2026-08-03T23:43:14.4896500Z   token: ***
2026-08-03T23:43:14.4896650Z   ssh-strict: true
2026-08-03T23:43:14.4896820Z   ssh-user: git
2026-08-03T23:43:14.4897000Z   persist-credentials: true
2026-08-03T23:43:14.4897210Z   clean: true
2026-08-03T23:43:14.4897400Z   sparse-checkout-cone-mode: true
2026-08-03T23:43:14.4897620Z   fetch-depth: 1
2026-08-03T23:43:14.4897770Z   fetch-tags: false
2026-08-03T23:43:14.4897960Z   show-progress: true
2026-08-03T23:43:14.4898140Z   lfs: false
2026-08-03T23:43:14.4898300Z   set-safe-directory: true
2026-08-03T23:43:14.4898510Z   allow-unsafe-pr-checkout: false
2026-08-03T23:43:14.4898870Z ##[endgroup]
2026-08-03T23:43:14.8436890Z Syncing repository: Coder787-source/KytyPlus
2026-08-03T23:43:14.8438750Z ##[group]Getting Git version info
2026-08-03T23:43:14.8439690Z Working directory is '/Users/runner/work/KytyPlus/KytyPlus'
2026-08-03T23:43:14.8440310Z [command]/opt/homebrew/bin/git version
2026-08-03T23:43:14.8979140Z git version 2.55.0
2026-08-03T23:43:14.8980700Z ##[endgroup]
2026-08-03T23:43:14.8985000Z Copying '/Users/runner/.gitconfig' to '/Users/runner/work/_temp/9563c1ef-6813-4878-9890-a0a3b61206b3/.gitconfig'
2026-08-03T23:43:14.8990770Z Temporarily overriding HOME='/Users/runner/work/_temp/9563c1ef-6813-4878-9890-a0a3b61206b3' before making global git config changes
2026-08-03T23:43:14.8991950Z Adding repository directory to the temporary git global config as a safe directory
2026-08-03T23:43:14.8994670Z [command]/opt/homebrew/bin/git config --global --add safe.directory /Users/runner/work/KytyPlus/KytyPlus
2026-08-03T23:43:14.9106150Z Deleting the contents of '/Users/runner/work/KytyPlus/KytyPlus'
2026-08-03T23:43:14.9108330Z ##[group]Initializing the repository
2026-08-03T23:43:14.9111420Z [command]/opt/homebrew/bin/git init /Users/runner/work/KytyPlus/KytyPlus
2026-08-03T23:43:14.9305370Z hint: Using 'master' as the name for the initial branch. This default branch name
2026-08-03T23:43:14.9313720Z hint: will change to "main" in Git 3.0. To configure the initial branch name
2026-08-03T23:43:14.9314240Z hint: to use in all of your new repositories, which will suppress this warning,
2026-08-03T23:43:14.9314590Z hint: call:
2026-08-03T23:43:14.9314810Z hint:
2026-08-03T23:43:14.9315040Z hint: 	git config --global init.defaultBranch <name>
2026-08-03T23:43:14.9315280Z hint:
2026-08-03T23:43:14.9315530Z hint: Names commonly chosen instead of 'master' are 'main', 'trunk' and
2026-08-03T23:43:14.9315990Z hint: 'development'. The just-created branch can be renamed via this command:
2026-08-03T23:43:14.9316290Z hint:
2026-08-03T23:43:14.9316560Z hint: 	git branch -m <name>
2026-08-03T23:43:14.9316770Z hint:
2026-08-03T23:43:14.9317030Z hint: Disable this message with "git config set advice.defaultBranchName false"
2026-08-03T23:43:14.9317490Z Initialized empty Git repository in /Users/runner/work/KytyPlus/KytyPlus/.git/
2026-08-03T23:43:14.9318520Z [command]/opt/homebrew/bin/git remote add origin https://github.com/Coder787-source/KytyPlus
2026-08-03T23:43:14.9392200Z ##[endgroup]
2026-08-03T23:43:14.9392620Z ##[group]Disabling automatic garbage collection
2026-08-03T23:43:14.9394320Z [command]/opt/homebrew/bin/git config --local gc.auto 0
2026-08-03T23:43:14.9460730Z ##[endgroup]
2026-08-03T23:43:14.9461230Z ##[group]Setting up auth
2026-08-03T23:43:14.9468200Z [command]/opt/homebrew/bin/git config --local --name-only --get-regexp core\.sshCommand
2026-08-03T23:43:14.9531350Z [command]/opt/homebrew/bin/git submodule foreach --recursive sh -c "git config --local --name-only --get-regexp 'core\.sshCommand' && git config --local --unset-all 'core.sshCommand' || :"
2026-08-03T23:43:15.0569540Z [command]/opt/homebrew/bin/git config --local --name-only --get-regexp http\.https\:\/\/github\.com\/\.extraheader
2026-08-03T23:43:15.0631510Z [command]/opt/homebrew/bin/git submodule foreach --recursive sh -c "git config --local --name-only --get-regexp 'http\.https\:\/\/github\.com\/\.extraheader' && git config --local --unset-all 'http.https://github.com/.extraheader' || :"
2026-08-03T23:43:15.1328930Z [command]/opt/homebrew/bin/git config --local --name-only --get-regexp ^includeIf\.gitdir:
2026-08-03T23:43:15.1424360Z [command]/opt/homebrew/bin/git submodule foreach --recursive git config --local --show-origin --name-only --get-regexp remote.origin.url
2026-08-03T23:43:15.2139460Z [command]/opt/homebrew/bin/git config --local http.https://github.com/.extraheader AUTHORIZATION: basic ***
2026-08-03T23:43:15.2197230Z ##[endgroup]
2026-08-03T23:43:15.2197800Z ##[group]Fetching the repository
2026-08-03T23:43:15.2202310Z [command]/opt/homebrew/bin/git -c protocol.version=2 fetch --no-tags --prune --no-recurse-submodules --depth=1 origin +9ad534a966c88e56e1d34c1e31e47eef49afb345:refs/remotes/origin/main
2026-08-03T23:43:19.9910720Z From https://github.com/Coder787-source/KytyPlus
2026-08-03T23:43:19.9911430Z  * [new ref]         9ad534a966c88e56e1d34c1e31e47eef49afb345 -> origin/main
2026-08-03T23:43:19.9916640Z ##[endgroup]
2026-08-03T23:43:19.9917020Z ##[group]Determining the checkout info
2026-08-03T23:43:19.9920430Z ##[endgroup]
2026-08-03T23:43:19.9927340Z [command]/opt/homebrew/bin/git sparse-checkout disable
2026-08-03T23:43:20.0009490Z [command]/opt/homebrew/bin/git config --local --unset-all extensions.worktreeConfig
2026-08-03T23:43:20.0073670Z ##[group]Checking out the ref
2026-08-03T23:43:20.0077720Z [command]/opt/homebrew/bin/git checkout --progress --force -B main refs/remotes/origin/main
2026-08-03T23:43:21.1208660Z Updating files:  73% (1792/2433)
2026-08-03T23:43:21.1699470Z Updating files:  74% (1801/2433)
2026-08-03T23:43:21.4949740Z Updating files:  75% (1825/2433)
2026-08-03T23:43:21.5008990Z Updating files:  76% (1850/2433)
2026-08-03T23:43:21.6288010Z Updating files:  77% (1874/2433)
2026-08-03T23:43:21.7340970Z Updating files:  78% (1898/2433)
2026-08-03T23:43:22.0791420Z Updating files:  79% (1923/2433)
2026-08-03T23:43:22.0806310Z Updating files:  79% (1944/2433)
2026-08-03T23:43:22.0857270Z Updating files:  80% (1947/2433)
2026-08-03T23:43:22.1379680Z Updating files:  81% (1971/2433)
2026-08-03T23:43:22.1410610Z Updating files:  82% (1996/2433)
2026-08-03T23:43:22.1440850Z Updating files:  83% (2020/2433)
2026-08-03T23:43:22.1475000Z Updating files:  84% (2044/2433)
2026-08-03T23:43:22.1526390Z Updating files:  85% (2069/2433)
2026-08-03T23:43:22.1584480Z Updating files:  86% (2093/2433)
2026-08-03T23:43:22.1659910Z Updating files:  87% (2117/2433)
2026-08-03T23:43:22.1725960Z Updating files:  88% (2142/2433)
2026-08-03T23:43:22.1774420Z Updating files:  89% (2166/2433)
2026-08-03T23:43:22.1813730Z Updating files:  90% (2190/2433)
2026-08-03T23:43:22.1889480Z Updating files:  91% (2215/2433)
2026-08-03T23:43:22.1932810Z Updating files:  92% (2239/2433)
2026-08-03T23:43:22.1971630Z Updating files:  93% (2263/2433)
2026-08-03T23:43:22.2042970Z Updating files:  94% (2288/2433)
2026-08-03T23:43:22.2116580Z Updating files:  95% (2312/2433)
2026-08-03T23:43:22.2169390Z Updating files:  96% (2336/2433)
2026-08-03T23:43:22.2208990Z Updating files:  97% (2361/2433)
2026-08-03T23:43:22.2248350Z Updating files:  98% (2385/2433)
2026-08-03T23:43:22.2421930Z Updating files:  99% (2409/2433)
2026-08-03T23:43:22.2423430Z Updating files: 100% (2433/2433)
2026-08-03T23:43:22.2423820Z Updating files: 100% (2433/2433), done.
2026-08-03T23:43:22.2499410Z Switched to a new branch 'main'
2026-08-03T23:43:22.2504980Z branch 'main' set up to track 'origin/main'.
2026-08-03T23:43:22.2570360Z ##[endgroup]
2026-08-03T23:43:22.2571670Z ##[group]Setting up auth for fetching submodules
2026-08-03T23:43:22.2575390Z [command]/opt/homebrew/bin/git config --global http.https://github.com/.extraheader AUTHORIZATION: basic ***
2026-08-03T23:43:22.2711670Z [command]/opt/homebrew/bin/git config --global --unset-all url.https://github.com/.insteadOf
2026-08-03T23:43:22.2794100Z [command]/opt/homebrew/bin/git config --global --add url.https://github.com/.insteadOf git@github.com:
2026-08-03T23:43:22.2870620Z [command]/opt/homebrew/bin/git config --global --add url.https://github.com/.insteadOf org-207118432@github.com:
2026-08-03T23:43:22.2949410Z ##[endgroup]
2026-08-03T23:43:22.2949790Z ##[group]Fetching submodules
2026-08-03T23:43:22.2950200Z [command]/opt/homebrew/bin/git submodule sync --recursive
2026-08-03T23:43:22.3912930Z [command]/opt/homebrew/bin/git -c protocol.version=2 submodule update --init --force --depth=1 --recursive
2026-08-03T23:43:22.4928570Z Submodule '3rdparty/LibAtrac9' (https://github.com/shadps4-emu/ext-LibAtrac9.git) registered for path '3rdparty/LibAtrac9'
2026-08-03T23:43:22.4935930Z Submodule '3rdparty/SDL2' (https://github.com/libsdl-org/SDL.git) registered for path '3rdparty/SDL2'
2026-08-03T23:43:22.4955740Z Submodule '3rdparty/SPIRV-Headers' (https://github.com/KhronosGroup/SPIRV-Headers.git) registered for path '3rdparty/SPIRV-Headers'
2026-08-03T23:43:22.4972600Z Submodule '3rdparty/SPIRV-Tools' (https://github.com/KhronosGroup/SPIRV-Tools.git) registered for path '3rdparty/SPIRV-Tools'
2026-08-03T23:43:22.4978060Z Submodule '3rdparty/Vulkan-Headers' (https://github.com/KhronosGroup/Vulkan-Headers.git) registered for path '3rdparty/Vulkan-Headers'
2026-08-03T23:43:22.4999720Z Submodule '3rdparty/VulkanMemoryAllocator' (https://github.com/GPUOpen-LibrariesAndSDKs/VulkanMemoryAllocator.git) registered for path '3rdparty/VulkanMemoryAllocator'
2026-08-03T23:43:22.5009790Z Submodule '3rdparty/ffmpeg-core' (https://github.com/shadps4-emu/ext-ffmpeg-core.git) registered for path '3rdparty/ffmpeg-core'
2026-08-03T23:43:22.5022650Z Submodule '3rdparty/fmt' (https://github.com/fmtlib/fmt.git) registered for path '3rdparty/fmt'
2026-08-03T23:43:22.5039560Z Submodule '3rdparty/magic_enum' (https://github.com/Neargye/magic_enum.git) registered for path '3rdparty/magic_enum'
2026-08-03T23:43:22.5053550Z Submodule '3rdparty/nlohmann_json' (https://github.com/nlohmann/json.git) registered for path '3rdparty/nlohmann_json'
2026-08-03T23:43:22.5067870Z Submodule '3rdparty/spdlog' (https://github.com/gabime/spdlog.git) registered for path '3rdparty/spdlog'
2026-08-03T23:43:22.5078640Z Submodule '3rdparty/tracy' (https://github.com/wolfpld/tracy.git) registered for path '3rdparty/tracy'
2026-08-03T23:43:22.5085770Z Submodule '3rdparty/xxHash' (https://github.com/Cyan4973/xxHash.git) registered for path '3rdparty/xxHash'
2026-08-03T23:43:22.5227260Z Cloning into '/Users/runner/work/KytyPlus/KytyPlus/3rdparty/LibAtrac9'...
2026-08-03T23:43:23.4354710Z Cloning into '/Users/runner/work/KytyPlus/KytyPlus/3rdparty/SDL2'...
2026-08-03T23:43:24.4299720Z Cloning into '/Users/runner/work/KytyPlus/KytyPlus/3rdparty/SPIRV-Headers'...
2026-08-03T23:43:25.0067000Z Cloning into '/Users/runner/work/KytyPlus/KytyPlus/3rdparty/SPIRV-Tools'...
2026-08-03T23:43:26.7993570Z Cloning into '/Users/runner/work/KytyPlus/KytyPlus/3rdparty/Vulkan-Headers'...
2026-08-03T23:43:27.6439880Z Cloning into '/Users/runner/work/KytyPlus/KytyPlus/3rdparty/VulkanMemoryAllocator'...
2026-08-03T23:43:28.2321940Z Cloning into '/Users/runner/work/KytyPlus/KytyPlus/3rdparty/ffmpeg-core'...
2026-08-03T23:43:28.9985320Z Cloning into '/Users/runner/work/KytyPlus/KytyPlus/3rdparty/fmt'...
2026-08-03T23:43:29.5481940Z Cloning into '/Users/runner/work/KytyPlus/KytyPlus/3rdparty/magic_enum'...
2026-08-03T23:43:30.1782620Z Cloning into '/Users/runner/work/KytyPlus/KytyPlus/3rdparty/nlohmann_json'...
2026-08-03T23:43:31.0307520Z Cloning into '/Users/runner/work/KytyPlus/KytyPlus/3rdparty/spdlog'...
2026-08-03T23:43:31.6723680Z Cloning into '/Users/runner/work/KytyPlus/KytyPlus/3rdparty/tracy'...
2026-08-03T23:43:32.4869300Z Cloning into '/Users/runner/work/KytyPlus/KytyPlus/3rdparty/xxHash'...
2026-08-03T23:43:34.2389940Z From https://github.com/shadps4-emu/ext-LibAtrac9
2026-08-03T23:43:34.2392300Z  * branch            ec8899dadf393f655f2871a94e0fe4b3d6220c9a -> FETCH_HEAD
2026-08-03T23:43:34.2658150Z Submodule path '3rdparty/LibAtrac9': checked out 'ec8899dadf393f655f2871a94e0fe4b3d6220c9a'
2026-08-03T23:43:36.8948830Z From https://github.com/libsdl-org/SDL
2026-08-03T23:43:36.8949350Z  * branch            4b69833bc54abf3dd3288d4aa7afbba527775e5b -> FETCH_HEAD
2026-08-03T23:43:37.1968890Z Submodule path '3rdparty/SDL2': checked out '4b69833bc54abf3dd3288d4aa7afbba527775e5b'
2026-08-03T23:43:38.4537960Z From https://github.com/KhronosGroup/SPIRV-Headers
2026-08-03T23:43:38.4551900Z  * branch            01e0577914a75a2569c846778c2f93aa8e6feddd -> FETCH_HEAD
2026-08-03T23:43:38.5001050Z Submodule path '3rdparty/SPIRV-Headers': checked out '01e0577914a75a2569c846778c2f93aa8e6feddd'
2026-08-03T23:43:40.0929170Z From https://github.com/KhronosGroup/SPIRV-Tools
2026-08-03T23:43:40.0930400Z  * branch            7f2d9ee926f98fc77a3ed1e1e0f113b8c9c49458 -> FETCH_HEAD
2026-08-03T23:43:40.3510410Z Submodule path '3rdparty/SPIRV-Tools': checked out '7f2d9ee926f98fc77a3ed1e1e0f113b8c9c49458'
2026-08-03T23:43:43.8416540Z From https://github.com/KhronosGroup/Vulkan-Headers
2026-08-03T23:43:43.8417480Z  * branch            2fa203425eb4af9dfc6b03f97ef72b0b5bcb8350 -> FETCH_HEAD
2026-08-03T23:43:43.8951430Z Submodule path '3rdparty/Vulkan-Headers': checked out '2fa203425eb4af9dfc6b03f97ef72b0b5bcb8350'
2026-08-03T23:43:45.1858030Z From https://github.com/GPUOpen-LibrariesAndSDKs/VulkanMemoryAllocator
2026-08-03T23:43:45.1862090Z  * branch            a1d434708c217b2a6c7b365f1fe41fa03a562e59 -> FETCH_HEAD
2026-08-03T23:43:45.2390230Z Submodule path '3rdparty/VulkanMemoryAllocator': checked out 'a1d434708c217b2a6c7b365f1fe41fa03a562e59'
2026-08-03T23:43:45.3695330Z Submodule path '3rdparty/ffmpeg-core': checked out '94dde08c8a9e4271a93a2a7e4159e9fb05d30c0a'
2026-08-03T23:43:46.6516860Z From https://github.com/fmtlib/fmt
2026-08-03T23:43:46.6517610Z  * branch            11ddbcb7898d2d3445d431a54814367b21dee6ad -> FETCH_HEAD
2026-08-03T23:43:46.7479130Z Submodule path '3rdparty/fmt': checked out '11ddbcb7898d2d3445d431a54814367b21dee6ad'
2026-08-03T23:43:48.1609800Z From https://github.com/Neargye/magic_enum
2026-08-03T23:43:48.1610320Z  * branch            1384769c66bd16ec9bb1353f45fe8ec8ccc12dbd -> FETCH_HEAD
2026-08-03T23:43:48.1909230Z Submodule path '3rdparty/magic_enum': checked out '1384769c66bd16ec9bb1353f45fe8ec8ccc12dbd'
2026-08-03T23:43:49.4032560Z From https://github.com/nlohmann/json
2026-08-03T23:43:49.4034140Z  * branch            272411c5e6ea45919af7673524e74e60c62116df -> FETCH_HEAD
2026-08-03T23:43:49.5602660Z Submodule path '3rdparty/nlohmann_json': checked out '272411c5e6ea45919af7673524e74e60c62116df'
2026-08-03T23:43:50.8700680Z From https://github.com/gabime/spdlog
2026-08-03T23:43:50.8701220Z  * branch            8671ca4d492c8ee1cdfd3dd88afb9f88dd268178 -> FETCH_HEAD
2026-08-03T23:43:51.0283650Z Submodule path '3rdparty/spdlog': checked out '8671ca4d492c8ee1cdfd3dd88afb9f88dd268178'
2026-08-03T23:43:52.2558630Z From https://github.com/wolfpld/tracy
2026-08-03T23:43:52.2559780Z  * branch            00c079cec91e6a374519aa5719a073e7f4539c9d -> FETCH_HEAD
2026-08-03T23:43:52.4026310Z Submodule path '3rdparty/tracy': checked out '00c079cec91e6a374519aa5719a073e7f4539c9d'
2026-08-03T23:43:53.4747470Z From https://github.com/Cyan4973/xxHash
2026-08-03T23:43:53.4748020Z  * branch            e573d4d2aaeaba0f3e5a0a9a54144a1f2b4b56e7 -> FETCH_HEAD
2026-08-03T23:43:53.5102190Z Submodule path '3rdparty/xxHash': checked out 'e573d4d2aaeaba0f3e5a0a9a54144a1f2b4b56e7'
2026-08-03T23:43:53.5184220Z [command]/opt/homebrew/bin/git submodule foreach --recursive git config --local gc.auto 0
2026-08-03T23:43:53.5848900Z Entering '3rdparty/LibAtrac9'
2026-08-03T23:43:53.5992870Z Entering '3rdparty/SDL2'
2026-08-03T23:43:53.6149320Z Entering '3rdparty/SPIRV-Headers'
2026-08-03T23:43:53.6309960Z Entering '3rdparty/SPIRV-Tools'
2026-08-03T23:43:53.6459600Z Entering '3rdparty/Vulkan-Headers'
2026-08-03T23:43:53.6599210Z Entering '3rdparty/VulkanMemoryAllocator'
2026-08-03T23:43:53.6744000Z Entering '3rdparty/ffmpeg-core'
2026-08-03T23:43:53.6883920Z Entering '3rdparty/fmt'
2026-08-03T23:43:53.7029650Z Entering '3rdparty/magic_enum'
2026-08-03T23:43:53.7217810Z Entering '3rdparty/nlohmann_json'
2026-08-03T23:43:53.7424180Z Entering '3rdparty/spdlog'
2026-08-03T23:43:53.7571020Z Entering '3rdparty/tracy'
2026-08-03T23:43:53.7717210Z Entering '3rdparty/xxHash'
2026-08-03T23:43:53.7861740Z ##[endgroup]
2026-08-03T23:43:53.7862150Z ##[group]Persisting credentials for submodules
2026-08-03T23:43:53.7867980Z [command]/opt/homebrew/bin/git submodule foreach --recursive sh -c "git config --local --name-only --get-regexp 'url\.https\:\/\/github\.com\/\.insteadOf' && git config --local --unset-all 'url.https://github.com/.insteadOf' || :"
2026-08-03T23:43:53.8792740Z Entering '3rdparty/LibAtrac9'
2026-08-03T23:43:53.8967840Z Entering '3rdparty/SDL2'
2026-08-03T23:43:53.9128170Z Entering '3rdparty/SPIRV-Headers'
2026-08-03T23:43:53.9288170Z Entering '3rdparty/SPIRV-Tools'
2026-08-03T23:43:53.9458360Z Entering '3rdparty/Vulkan-Headers'
2026-08-03T23:43:53.9627990Z Entering '3rdparty/VulkanMemoryAllocator'
2026-08-03T23:43:53.9801780Z Entering '3rdparty/ffmpeg-core'
2026-08-03T23:43:53.9971410Z Entering '3rdparty/fmt'
2026-08-03T23:43:54.0136710Z Entering '3rdparty/magic_enum'
2026-08-03T23:43:54.0314740Z Entering '3rdparty/nlohmann_json'
2026-08-03T23:43:54.0483390Z Entering '3rdparty/spdlog'
2026-08-03T23:43:54.0649250Z Entering '3rdparty/tracy'
2026-08-03T23:43:54.0814860Z Entering '3rdparty/xxHash'
2026-08-03T23:43:54.1006780Z [command]/opt/homebrew/bin/git submodule foreach --recursive sh -c "git config --local 'http.https://github.com/.extraheader' 'AUTHORIZATION: basic ***' && git config --local --show-origin --name-only --get-regexp remote.origin.url"
2026-08-03T23:43:54.1719980Z Entering '3rdparty/LibAtrac9'
2026-08-03T23:43:54.1894140Z file:/Users/runner/work/KytyPlus/KytyPlus/.git/modules/3rdparty/LibAtrac9/config	remote.origin.url
2026-08-03T23:43:54.1947870Z Entering '3rdparty/SDL2'
2026-08-03T23:43:54.2155920Z file:/Users/runner/work/KytyPlus/KytyPlus/.git/modules/3rdparty/SDL2/config	remote.origin.url
2026-08-03T23:43:54.2227680Z Entering '3rdparty/SPIRV-Headers'
2026-08-03T23:43:54.2434430Z file:/Users/runner/work/KytyPlus/KytyPlus/.git/modules/3rdparty/SPIRV-Headers/config	remote.origin.url
2026-08-03T23:43:54.2499540Z Entering '3rdparty/SPIRV-Tools'
2026-08-03T23:43:54.2704790Z file:/Users/runner/work/KytyPlus/KytyPlus/.git/modules/3rdparty/SPIRV-Tools/config	remote.origin.url
2026-08-03T23:43:54.2774240Z Entering '3rdparty/Vulkan-Headers'
2026-08-03T23:43:54.2979910Z file:/Users/runner/work/KytyPlus/KytyPlus/.git/modules/3rdparty/Vulkan-Headers/config	remote.origin.url
2026-08-03T23:43:54.3038130Z Entering '3rdparty/VulkanMemoryAllocator'
2026-08-03T23:43:54.3213530Z file:/Users/runner/work/KytyPlus/KytyPlus/.git/modules/3rdparty/VulkanMemoryAllocator/config	remote.origin.url
2026-08-03T23:43:54.3277970Z Entering '3rdparty/ffmpeg-core'
2026-08-03T23:43:54.3470950Z file:/Users/runner/work/KytyPlus/KytyPlus/.git/modules/3rdparty/ffmpeg-core/config	remote.origin.url
2026-08-03T23:43:54.3534710Z Entering '3rdparty/fmt'
2026-08-03T23:43:54.3728520Z file:/Users/runner/work/KytyPlus/KytyPlus/.git/modules/3rdparty/fmt/config	remote.origin.url
2026-08-03T23:43:54.3794120Z Entering '3rdparty/magic_enum'
2026-08-03T23:43:54.3997820Z file:/Users/runner/work/KytyPlus/KytyPlus/.git/modules/3rdparty/magic_enum/config	remote.origin.url
2026-08-03T23:43:54.4059550Z Entering '3rdparty/nlohmann_json'
2026-08-03T23:43:54.4260180Z file:/Users/runner/work/KytyPlus/KytyPlus/.git/modules/3rdparty/nlohmann_json/config	remote.origin.url
2026-08-03T23:43:54.4342610Z Entering '3rdparty/spdlog'
2026-08-03T23:43:54.4584050Z file:/Users/runner/work/KytyPlus/KytyPlus/.git/modules/3rdparty/spdlog/config	remote.origin.url
2026-08-03T23:43:54.4665780Z Entering '3rdparty/tracy'
2026-08-03T23:43:54.4876440Z file:/Users/runner/work/KytyPlus/KytyPlus/.git/modules/3rdparty/tracy/config	remote.origin.url
2026-08-03T23:43:54.4998000Z Entering '3rdparty/xxHash'
2026-08-03T23:43:54.6960400Z file:/Users/runner/work/KytyPlus/KytyPlus/.git/modules/3rdparty/xxHash/config	remote.origin.url
2026-08-03T23:43:54.7305950Z [command]/opt/homebrew/bin/git submodule foreach --recursive git config --local --add 'url.https://github.com/.insteadOf' 'git@github.com:'
2026-08-03T23:43:54.8098040Z Entering '3rdparty/LibAtrac9'
2026-08-03T23:43:54.8258920Z Entering '3rdparty/SDL2'
2026-08-03T23:43:54.8420860Z Entering '3rdparty/SPIRV-Headers'
2026-08-03T23:43:54.8561590Z Entering '3rdparty/SPIRV-Tools'
2026-08-03T23:43:54.8705080Z Entering '3rdparty/Vulkan-Headers'
2026-08-03T23:43:54.8844800Z Entering '3rdparty/VulkanMemoryAllocator'
2026-08-03T23:43:54.8988150Z Entering '3rdparty/ffmpeg-core'
2026-08-03T23:43:54.9131840Z Entering '3rdparty/fmt'
2026-08-03T23:43:54.9269990Z Entering '3rdparty/magic_enum'
2026-08-03T23:43:54.9411930Z Entering '3rdparty/nlohmann_json'
2026-08-03T23:43:54.9555170Z Entering '3rdparty/spdlog'
2026-08-03T23:43:54.9691500Z Entering '3rdparty/tracy'
2026-08-03T23:43:54.9831400Z Entering '3rdparty/xxHash'
2026-08-03T23:43:54.9975600Z [command]/opt/homebrew/bin/git submodule foreach --recursive git config --local --add 'url.https://github.com/.insteadOf' 'org-207118432@github.com:'
2026-08-03T23:43:55.0667540Z Entering '3rdparty/LibAtrac9'
2026-08-03T23:43:55.0797060Z Entering '3rdparty/SDL2'
2026-08-03T23:43:55.0927610Z Entering '3rdparty/SPIRV-Headers'
2026-08-03T23:43:55.1068510Z Entering '3rdparty/SPIRV-Tools'
2026-08-03T23:43:55.1234950Z Entering '3rdparty/Vulkan-Headers'
2026-08-03T23:43:55.1446450Z Entering '3rdparty/VulkanMemoryAllocator'
2026-08-03T23:43:55.1587960Z Entering '3rdparty/ffmpeg-core'
2026-08-03T23:43:55.1729350Z Entering '3rdparty/fmt'
2026-08-03T23:43:55.1867830Z Entering '3rdparty/magic_enum'
2026-08-03T23:43:55.2005440Z Entering '3rdparty/nlohmann_json'
2026-08-03T23:43:55.2161000Z Entering '3rdparty/spdlog'
2026-08-03T23:43:55.2299060Z Entering '3rdparty/tracy'
2026-08-03T23:43:55.2441690Z Entering '3rdparty/xxHash'
2026-08-03T23:43:55.2587460Z ##[endgroup]
2026-08-03T23:43:55.2681530Z [command]/opt/homebrew/bin/git log -1 --format=%H
2026-08-03T23:43:55.2746950Z 9ad534a966c88e56e1d34c1e31e47eef49afb345
2026-08-03T23:43:55.3082270Z ##[group]Run xcode_path="$(ls -d /Applications/Xcode_26*.app | tail -n 1)"
2026-08-03T23:43:55.3083670Z [36;1mxcode_path="$(ls -d /Applications/Xcode_26*.app | tail -n 1)"[0m
2026-08-03T23:43:55.3083960Z [36;1mtest -n "$xcode_path"[0m
2026-08-03T23:43:55.3084260Z [36;1msudo xcode-select --switch "$xcode_path/Contents/Developer"[0m
2026-08-03T23:43:55.3084580Z [36;1mxcodebuild -version[0m
2026-08-03T23:43:55.3312960Z shell: /bin/bash --noprofile --norc -e -o pipefail {0}
2026-08-03T23:43:55.3313220Z ##[endgroup]
2026-08-03T23:43:57.9446650Z Xcode 26.3
2026-08-03T23:43:57.9448420Z Build version 17C529
2026-08-03T23:43:57.9511670Z ##[group]Run brew install glslang ninja
2026-08-03T23:43:57.9512040Z [36;1mbrew install glslang ninja[0m
2026-08-03T23:43:57.9544420Z shell: /bin/bash --noprofile --norc -e -o pipefail {0}
2026-08-03T23:43:57.9544690Z env:
2026-08-03T23:43:57.9544890Z   HOMEBREW_NO_REQUIRE_TAP_TRUST: 1
2026-08-03T23:43:57.9545130Z ##[endgroup]
2026-08-03T23:44:00.5495380Z [33mWarning:[0m ninja 1.13.2 is already installed and up-to-date.
2026-08-03T23:44:00.5496330Z To reinstall 1.13.2, run:
2026-08-03T23:44:00.5496820Z   brew reinstall ninja
2026-08-03T23:44:01.0821180Z [34m==>[0m [1mWould install 1 formula:[0m
2026-08-03T23:44:01.0821880Z glslang
2026-08-03T23:44:01.0838090Z [34m==>[0m [1mDownloading https://ghcr.io/v2/homebrew/core/glslang/manifests/16.4.0[0m
2026-08-03T23:44:01.4576630Z [34m==>[0m [1mWould install 2 dependencies for glslang:[0m
2026-08-03T23:44:01.4576940Z spirv-headers
2026-08-03T23:44:01.4577180Z spirv-tools
2026-08-03T23:44:01.4578600Z [32m==>[0m [1mFetching downloads for: [32mglslang[39m[0m
2026-08-03T23:44:01.7060110Z ✔︎ Bottle Manifest spirv-headers (1.4.350.1)
2026-08-03T23:44:01.7489540Z ✔︎ Bottle Manifest spirv-tools (1.4.350.1)
2026-08-03T23:44:01.8203770Z ✔︎ Bottle glslang (16.4.0)
2026-08-03T23:44:01.8834960Z ✔︎ Bottle spirv-headers (1.4.350.1)
2026-08-03T23:44:01.9567420Z ✔︎ Bottle spirv-tools (1.4.350.1)
2026-08-03T23:44:01.9621260Z [32m==>[0m [1mInstalling dependencies for glslang:[0m [32mspirv-headers[39m and [32mspirv-tools[39m[0m
2026-08-03T23:44:01.9622730Z [32m==>[0m [1mInstalling glslang dependency: [32mspirv-headers[39m[0m
2026-08-03T23:44:01.9646020Z [34m==>[0m [1mPouring spirv-headers--1.4.350.1.all.bottle.tar.gz[0m
2026-08-03T23:44:03.1959300Z 🍺  /opt/homebrew/Cellar/spirv-headers/1.4.350.1: 93 files, 3.7MB
2026-08-03T23:44:03.1965900Z [32m==>[0m [1mInstalling glslang dependency: [32mspirv-tools[39m[0m
2026-08-03T23:44:03.2019430Z [34m==>[0m [1mPouring spirv-tools--1.4.350.1.arm64_sequoia.bottle.tar.gz[0m
2026-08-03T23:44:03.3712720Z 🍺  /opt/homebrew/Cellar/spirv-tools/1.4.350.1: 52 files, 10.2MB
2026-08-03T23:44:03.3715450Z [32m==>[0m [1mInstalling [32mglslang[39m[0m
2026-08-03T23:44:03.3716660Z [34m==>[0m [1mPouring glslang--16.4.0.arm64_sequoia.bottle.tar.gz[0m
2026-08-03T23:44:03.4267490Z 🍺  /opt/homebrew/Cellar/glslang/16.4.0: 36 files, 3.2MB
2026-08-03T23:44:03.4586370Z ##[group]Run jurplel/install-qt-action@v4.3.1
2026-08-03T23:44:03.4586640Z with:
2026-08-03T23:44:03.4587480Z   version: 6.10.3
2026-08-03T23:44:03.4587690Z   host: mac
2026-08-03T23:44:03.4587860Z   target: desktop
2026-08-03T23:44:03.4588010Z   arch: clang_64
2026-08-03T23:44:03.4588160Z   cache: true
2026-08-03T23:44:03.4588290Z   install-deps: true
2026-08-03T23:44:03.4588470Z   cache-key-prefix: install-qt-action
2026-08-03T23:44:03.4588670Z   setup-python: true
2026-08-03T23:44:03.4588840Z   add-tools-to-path: true
2026-08-03T23:44:03.4594110Z   set-env: true
2026-08-03T23:44:03.4594320Z   no-qt-binaries: false
2026-08-03T23:44:03.4594520Z   tools-only: false
2026-08-03T23:44:03.4594720Z   aqtversion: ==3.3.*
2026-08-03T23:44:03.4594900Z   py7zrversion: ==1.0.*
2026-08-03T23:44:03.4595100Z   source: false
2026-08-03T23:44:03.4595280Z   documentation: false
2026-08-03T23:44:03.4595480Z   examples: false
2026-08-03T23:44:03.4595630Z   use-official: false
2026-08-03T23:44:03.4595890Z ##[endgroup]
2026-08-03T23:44:03.4655510Z ##[start-action display=Setup Python;id=__jurplel_install-qt-action.__actions_setup-python]
2026-08-03T23:44:03.4743990Z ##[group]Run actions/setup-python@v6
2026-08-03T23:44:03.4744190Z with:
2026-08-03T23:44:03.4744330Z   python-version: >=3.9.0 <=3.13.3
2026-08-03T23:44:03.4744510Z   check-latest: false
2026-08-03T23:44:03.4746340Z   token: ***
2026-08-03T23:44:03.4746490Z   update-environment: true
2026-08-03T23:44:03.4746650Z   allow-prereleases: false
2026-08-03T23:44:03.4746800Z   freethreaded: false
2026-08-03T23:44:03.4746970Z ##[endgroup]
2026-08-03T23:44:03.6387250Z ##[group]Installed versions
2026-08-03T23:44:03.6478140Z Successfully set up CPython (3.12.10)
2026-08-03T23:44:03.6478570Z ##[endgroup]
2026-08-03T23:44:03.6518530Z ##[end-action id=__jurplel_install-qt-action.__actions_setup-python;outcome=success;conclusion=success;duration_ms=186]
2026-08-03T23:44:03.6520510Z ##[start-action display=Setup and run aqtinstall;id=__jurplel_install-qt-action.__jurplel_install-qt-action]
2026-08-03T23:44:03.6564380Z ##[group]Run jurplel/install-qt-action/action@v4
2026-08-03T23:44:03.6564610Z with:
2026-08-03T23:44:03.6564740Z   version: 6.10.3
2026-08-03T23:44:03.6564880Z   host: mac
2026-08-03T23:44:03.6565020Z   target: desktop
2026-08-03T23:44:03.6565160Z   arch: clang_64
2026-08-03T23:44:03.6565300Z   install-deps: true
2026-08-03T23:44:03.6565450Z   cache: true
2026-08-03T23:44:03.6565610Z   cache-key-prefix: install-qt-action
2026-08-03T23:44:03.6565810Z   add-tools-to-path: true
2026-08-03T23:44:03.6566020Z   set-env: true
2026-08-03T23:44:03.6566180Z   no-qt-binaries: false
2026-08-03T23:44:03.6566340Z   tools-only: false
2026-08-03T23:44:03.6566480Z   aqtversion: ==3.3.*
2026-08-03T23:44:03.6566650Z   py7zrversion: ==1.0.*
2026-08-03T23:44:03.6566800Z   source: false
2026-08-03T23:44:03.6566950Z   documentation: false
2026-08-03T23:44:03.6567100Z   examples: false
2026-08-03T23:44:03.6567250Z   use-official: false
2026-08-03T23:44:03.6567400Z env:
2026-08-03T23:44:03.6567630Z   pythonLocation: /Users/runner/hostedtoolcache/Python/3.12.10/arm64
2026-08-03T23:44:03.6568050Z   PKG_CONFIG_PATH: /Users/runner/hostedtoolcache/Python/3.12.10/arm64/lib/pkgconfig
2026-08-03T23:44:03.6568460Z   Python_ROOT_DIR: /Users/runner/hostedtoolcache/Python/3.12.10/arm64
2026-08-03T23:44:03.6568810Z   Python2_ROOT_DIR: /Users/runner/hostedtoolcache/Python/3.12.10/arm64
2026-08-03T23:44:03.6569160Z   Python3_ROOT_DIR: /Users/runner/hostedtoolcache/Python/3.12.10/arm64
2026-08-03T23:44:03.6569420Z ##[endgroup]
2026-08-03T23:44:04.1983380Z Cache hit for: install-qt-action-mac-24.6.0-desktop-clang_64-6.10.3-/Users/runner/work/KytyPlus/Qt-==1.0.*-==3.3.*
2026-08-03T23:44:05.4966170Z Received 0 of 310951271 (0.0%), 0.0 MBs/sec
2026-08-03T23:44:06.5011000Z Received 79691776 of 310951271 (25.6%), 37.9 MBs/sec
2026-08-03T23:44:07.4985440Z Received 159383552 of 310951271 (51.3%), 50.5 MBs/sec
2026-08-03T23:44:08.4979510Z Received 226492416 of 310951271 (72.8%), 53.9 MBs/sec
2026-08-03T23:44:09.4995860Z Received 272629760 of 310951271 (87.7%), 51.9 MBs/sec
2026-08-03T23:44:09.9839650Z Received 310951271 of 310951271 (100.0%), 54.0 MBs/sec
2026-08-03T23:44:09.9845420Z Cache Size: ~297 MB (310951271 B)
2026-08-03T23:44:09.9897040Z [command]/opt/homebrew/bin/gtar -xf /Users/runner/work/_temp/055c17ec-3e97-4ba8-bd41-7729f5571560/cache.tzst -P -C /Users/runner/work/KytyPlus/KytyPlus --delay-directory-restore --use-compress-program unzstd
2026-08-03T23:44:13.6510070Z Cache restored successfully
2026-08-03T23:44:13.6594210Z Automatic cache hit with key "install-qt-action-mac-24.6.0-desktop-clang_64-6.10.3-/Users/runner/work/KytyPlus/Qt-==1.0.*-==3.3.*"
2026-08-03T23:44:13.7479300Z ##[end-action id=__jurplel_install-qt-action.__jurplel_install-qt-action;outcome=success;conclusion=success;duration_ms=10095]
2026-08-03T23:44:13.7559190Z ##[group]Run git --version
2026-08-03T23:44:13.7559670Z [36;1mgit --version[0m
2026-08-03T23:44:13.7559990Z [36;1mcmake --version[0m
2026-08-03T23:44:13.7560240Z [36;1mninja --version[0m
2026-08-03T23:44:13.7560420Z [36;1mclang++ --version[0m
2026-08-03T23:44:13.7560800Z [36;1mglslangValidator --version[0m
2026-08-03T23:44:13.7561190Z [36;1mecho "Host architecture: $(uname -m)"[0m
2026-08-03T23:44:13.7561610Z [36;1mecho "QT_ROOT_DIR=$QT_ROOT_DIR"[0m
2026-08-03T23:44:13.7619540Z shell: /bin/bash --noprofile --norc -e -o pipefail {0}
2026-08-03T23:44:13.7619880Z env:
2026-08-03T23:44:13.7620150Z   pythonLocation: /Users/runner/hostedtoolcache/Python/3.12.10/arm64
2026-08-03T23:44:13.7620810Z   PKG_CONFIG_PATH: /Users/runner/hostedtoolcache/Python/3.12.10/arm64/lib/pkgconfig:/Users/runner/work/KytyPlus/Qt/6.10.3/macos/lib/pkgconfig
2026-08-03T23:44:13.7621620Z   Python_ROOT_DIR: /Users/runner/hostedtoolcache/Python/3.12.10/arm64
2026-08-03T23:44:13.7622270Z   Python2_ROOT_DIR: /Users/runner/hostedtoolcache/Python/3.12.10/arm64
2026-08-03T23:44:13.7622910Z   Python3_ROOT_DIR: /Users/runner/hostedtoolcache/Python/3.12.10/arm64
2026-08-03T23:44:13.7624510Z   QT_ROOT_DIR: /Users/runner/work/KytyPlus/Qt/6.10.3/macos
2026-08-03T23:44:13.7625100Z   QT_PLUGIN_PATH: /Users/runner/work/KytyPlus/Qt/6.10.3/macos/plugins
2026-08-03T23:44:13.7625570Z   QML2_IMPORT_PATH: /Users/runner/work/KytyPlus/Qt/6.10.3/macos/qml
2026-08-03T23:44:13.7625950Z ##[endgroup]
2026-08-03T23:44:13.8672500Z git version 2.55.0
2026-08-03T23:44:13.9138710Z cmake version 4.4.0
2026-08-03T23:44:13.9138870Z 
2026-08-03T23:44:13.9139110Z CMake suite maintained and supported by Kitware (kitware.com/cmake).
2026-08-03T23:44:13.9192930Z 1.13.2
2026-08-03T23:44:14.8982500Z Apple clang version 17.0.0 (clang-1700.6.4.2)
2026-08-03T23:44:14.8983160Z Target: arm64-apple-darwin24.6.0
2026-08-03T23:44:14.8983920Z Thread model: posix
2026-08-03T23:44:14.8984680Z InstalledDir: /Applications/Xcode_26.3.app/Contents/Developer/Toolchains/XcodeDefault.xctoolchain/usr/bin
2026-08-03T23:44:14.9351390Z Glslang Version: 11:16.4.0
2026-08-03T23:44:14.9357430Z ESSL Version: OpenGL ES GLSL 3.20 glslang Khronos. 16.4.0
2026-08-03T23:44:14.9367640Z GLSL Version: 4.60 glslang Khronos. 16.4.0
2026-08-03T23:44:14.9369460Z SPIR-V Version 0x00010600, Revision 1
2026-08-03T23:44:14.9370770Z GLSL.std.450 Version 100, Revision 1
2026-08-03T23:44:14.9372830Z Khronos Tool ID 8
2026-08-03T23:44:14.9436720Z SPIR-V Generator Version 11
2026-08-03T23:44:14.9437280Z GL_KHR_vulkan_glsl version 100
2026-08-03T23:44:14.9437660Z ARB_GL_gl_spirv version 100
2026-08-03T23:44:14.9441370Z Host architecture: arm64
2026-08-03T23:44:14.9443300Z QT_ROOT_DIR=/Users/runner/work/KytyPlus/Qt/6.10.3/macos
2026-08-03T23:44:14.9499600Z ##[group]Run cmake -S src -B _Build/macos \
2026-08-03T23:44:14.9500210Z [36;1mcmake -S src -B _Build/macos \[0m
2026-08-03T23:44:14.9500590Z [36;1m  -G Ninja \[0m
2026-08-03T23:44:14.9500920Z [36;1m  -DCMAKE_BUILD_TYPE=Release \[0m
2026-08-03T23:44:14.9501290Z [36;1m  -DCMAKE_OSX_ARCHITECTURES=x86_64 \[0m
2026-08-03T23:44:14.9501600Z [36;1m  -DCMAKE_C_COMPILER=clang \[0m
2026-08-03T23:44:14.9501940Z [36;1m  -DCMAKE_CXX_COMPILER=clang++ \[0m
2026-08-03T23:44:14.9502240Z [36;1m  -DCMAKE_PREFIX_PATH="$QT_ROOT_DIR"[0m
2026-08-03T23:44:14.9539150Z shell: /bin/bash --noprofile --norc -e -o pipefail {0}
2026-08-03T23:44:14.9539560Z env:
2026-08-03T23:44:14.9539970Z   pythonLocation: /Users/runner/hostedtoolcache/Python/3.12.10/arm64
2026-08-03T23:44:14.9540730Z   PKG_CONFIG_PATH: /Users/runner/hostedtoolcache/Python/3.12.10/arm64/lib/pkgconfig:/Users/runner/work/KytyPlus/Qt/6.10.3/macos/lib/pkgconfig
2026-08-03T23:44:14.9541560Z   Python_ROOT_DIR: /Users/runner/hostedtoolcache/Python/3.12.10/arm64
2026-08-03T23:44:14.9542560Z   Python2_ROOT_DIR: /Users/runner/hostedtoolcache/Python/3.12.10/arm64
2026-08-03T23:44:14.9542990Z   Python3_ROOT_DIR: /Users/runner/hostedtoolcache/Python/3.12.10/arm64
2026-08-03T23:44:14.9543470Z   QT_ROOT_DIR: /Users/runner/work/KytyPlus/Qt/6.10.3/macos
2026-08-03T23:44:14.9543860Z   QT_PLUGIN_PATH: /Users/runner/work/KytyPlus/Qt/6.10.3/macos/plugins
2026-08-03T23:44:14.9544340Z   QML2_IMPORT_PATH: /Users/runner/work/KytyPlus/Qt/6.10.3/macos/qml
2026-08-03T23:44:14.9544740Z ##[endgroup]
2026-08-03T23:44:15.5237360Z -- The C compiler identification is AppleClang 17.0.0.17000604
2026-08-03T23:44:16.4644040Z -- The CXX compiler identification is AppleClang 17.0.0.17000604
2026-08-03T23:44:16.5068450Z -- Detecting C compiler ABI info
2026-08-03T23:44:16.7463050Z -- Detecting C compiler ABI info - done
2026-08-03T23:44:16.7615000Z -- Check for working C compiler: /usr/bin/clang - skipped
2026-08-03T23:44:16.7633470Z -- Detecting C compile features
2026-08-03T23:44:16.7760730Z -- Detecting C compile features - done
2026-08-03T23:44:16.7835600Z -- Detecting CXX compiler ABI info
2026-08-03T23:44:16.9574680Z -- Detecting CXX compiler ABI info - done
2026-08-03T23:44:16.9746360Z -- Check for working CXX compiler: /usr/bin/clang++ - skipped
2026-08-03T23:44:16.9748290Z -- Detecting CXX compile features
2026-08-03T23:44:16.9753010Z -- Detecting CXX compile features - done
2026-08-03T23:44:17.0256990Z -- Found Git: /opt/homebrew/bin/git (found version "2.55.0")
2026-08-03T23:44:17.0765450Z -- Found PkgConfig: /opt/homebrew/bin/pkg-config (found version "3.0.4")
2026-08-03T23:44:17.0772640Z -- Looking for a OBJC compiler
2026-08-03T23:44:17.4693240Z -- Looking for a OBJC compiler - /usr/bin/clang
2026-08-03T23:44:17.4722280Z -- Looking for __GLIBC__
2026-08-03T23:44:17.6158940Z -- Looking for __GLIBC__ - not found
2026-08-03T23:44:17.6159890Z -- Performing Test CHECK_CPU_ARCHITECTURE_X86
2026-08-03T23:44:17.7591970Z -- Performing Test CHECK_CPU_ARCHITECTURE_X86 - Failed
2026-08-03T23:44:17.7595150Z -- Performing Test CHECK_CPU_ARCHITECTURE_X64
2026-08-03T23:44:17.9101140Z -- Performing Test CHECK_CPU_ARCHITECTURE_X64 - Success
2026-08-03T23:44:17.9101970Z -- Performing Test CHECK_CPU_ARCHITECTURE_ARM32
2026-08-03T23:44:18.0140500Z -- Performing Test CHECK_CPU_ARCHITECTURE_ARM32 - Failed
2026-08-03T23:44:18.0141930Z -- Performing Test CHECK_CPU_ARCHITECTURE_ARM64
2026-08-03T23:44:18.0999770Z -- Performing Test CHECK_CPU_ARCHITECTURE_ARM64 - Failed
2026-08-03T23:44:18.1000980Z -- Performing Test CHECK_CPU_ARCHITECTURE_ARM64EC
2026-08-03T23:44:18.1826220Z -- Performing Test CHECK_CPU_ARCHITECTURE_ARM64EC - Failed
2026-08-03T23:44:18.1827220Z -- Performing Test CHECK_CPU_ARCHITECTURE_LOONGARCH64
2026-08-03T23:44:18.2670130Z -- Performing Test CHECK_CPU_ARCHITECTURE_LOONGARCH64 - Failed
2026-08-03T23:44:18.2719920Z -- Performing Test HAVE_GCC_WALL
2026-08-03T23:44:18.4114240Z -- Performing Test HAVE_GCC_WALL - Success
2026-08-03T23:44:18.4118900Z -- Performing Test HAVE_GCC_WUNDEF
2026-08-03T23:44:18.5710240Z -- Performing Test HAVE_GCC_WUNDEF - Success
2026-08-03T23:44:18.5714300Z -- Performing Test HAVE_GCC_NO_STRICT_ALIASING
2026-08-03T23:44:18.7150900Z -- Performing Test HAVE_GCC_NO_STRICT_ALIASING - Success
2026-08-03T23:44:18.7154700Z -- Performing Test HAVE_GCC_WDOCUMENTATION
2026-08-03T23:44:18.8704090Z -- Performing Test HAVE_GCC_WDOCUMENTATION - Success
2026-08-03T23:44:18.8708590Z -- Performing Test HAVE_GCC_WDOCUMENTATION_UNKNOWN_COMMAND
2026-08-03T23:44:19.0372270Z -- Performing Test HAVE_GCC_WDOCUMENTATION_UNKNOWN_COMMAND - Success
2026-08-03T23:44:19.0377270Z -- Performing Test HAVE_GCC_COMMENT_BLOCK_COMMANDS
2026-08-03T23:44:19.1896010Z -- Performing Test HAVE_GCC_COMMENT_BLOCK_COMMANDS - Success
2026-08-03T23:44:19.1901270Z -- Performing Test HAVE_GCC_WDECLARATION_AFTER_STATEMENT
2026-08-03T23:44:19.3361020Z -- Performing Test HAVE_GCC_WDECLARATION_AFTER_STATEMENT - Success
2026-08-03T23:44:19.3361410Z -- Performing Test HAVE_GCC_ATOMICS
2026-08-03T23:44:19.4862050Z -- Performing Test HAVE_GCC_ATOMICS - Success
2026-08-03T23:44:19.4862750Z -- Performing Test HAVE_GCC_FVISIBILITY
2026-08-03T23:44:19.6532910Z -- Performing Test HAVE_GCC_FVISIBILITY - Success
2026-08-03T23:44:19.6536730Z -- Performing Test HAVE_GCC_WSHADOW
2026-08-03T23:44:19.8012040Z -- Performing Test HAVE_GCC_WSHADOW - Success
2026-08-03T23:44:19.8016770Z -- Performing Test HAVE_GCC_WUNUSED_LOCAL_TYPEDEFS
2026-08-03T23:44:19.9344600Z -- Performing Test HAVE_GCC_WUNUSED_LOCAL_TYPEDEFS - Success
2026-08-03T23:44:19.9349230Z -- Performing Test HAVE_WNO_ERROR_DEPRECATED_DECLARATIONS
2026-08-03T23:44:20.0719570Z -- Performing Test HAVE_WNO_ERROR_DEPRECATED_DECLARATIONS - Success
2026-08-03T23:44:20.0720600Z -- Performing Test HAVE_MMX
2026-08-03T23:44:20.2441910Z -- Performing Test HAVE_MMX - Success
2026-08-03T23:44:20.2442220Z -- Performing Test HAVE_SSE
2026-08-03T23:44:20.4140410Z -- Performing Test HAVE_SSE - Success
2026-08-03T23:44:20.4140930Z -- Performing Test CPU_SUPPORTS_SSE2
2026-08-03T23:44:20.5708530Z -- Performing Test CPU_SUPPORTS_SSE2 - Success
2026-08-03T23:44:20.5709010Z -- Performing Test CPU_SUPPORTS_SSE3
2026-08-03T23:44:20.7391460Z -- Performing Test CPU_SUPPORTS_SSE3 - Success
2026-08-03T23:44:20.7409950Z -- Looking for immintrin.h
2026-08-03T23:44:21.0142010Z -- Looking for immintrin.h - found
2026-08-03T23:44:21.0142580Z -- Performing Test HAVE_ALTIVEC_H_HDR
2026-08-03T23:44:21.1200020Z -- Performing Test HAVE_ALTIVEC_H_HDR - Failed
2026-08-03T23:44:21.1203050Z -- Performing Test CPU_SUPPORTS_ALTIVEC
2026-08-03T23:44:21.1959320Z -- Performing Test CPU_SUPPORTS_ALTIVEC - Failed
2026-08-03T23:44:21.1961100Z -- Looking for ctype.h
2026-08-03T23:44:21.3215940Z -- Looking for ctype.h - found
2026-08-03T23:44:21.3216350Z -- Looking for float.h
2026-08-03T23:44:21.4726570Z -- Looking for float.h - found
2026-08-03T23:44:21.4726980Z -- Looking for iconv.h
2026-08-03T23:44:21.6970250Z -- Looking for iconv.h - found
2026-08-03T23:44:21.6975410Z -- Looking for inttypes.h
2026-08-03T23:44:21.8557720Z -- Looking for inttypes.h - found
2026-08-03T23:44:21.8558020Z -- Looking for limits.h
2026-08-03T23:44:22.0019420Z -- Looking for limits.h - found
2026-08-03T23:44:22.0019730Z -- Looking for malloc.h
2026-08-03T23:44:22.1116960Z -- Looking for malloc.h - not found
2026-08-03T23:44:22.1117540Z -- Looking for math.h
2026-08-03T23:44:22.2693730Z -- Looking for math.h - found
2026-08-03T23:44:22.2694370Z -- Looking for memory.h
2026-08-03T23:44:22.4647260Z -- Looking for memory.h - found
2026-08-03T23:44:22.4647880Z -- Looking for signal.h
2026-08-03T23:44:22.6287790Z -- Looking for signal.h - found
2026-08-03T23:44:22.6288390Z -- Looking for stdarg.h
2026-08-03T23:44:22.7870570Z -- Looking for stdarg.h - found
2026-08-03T23:44:22.7870910Z -- Looking for stddef.h
2026-08-03T23:44:22.9896410Z -- Looking for stddef.h - found
2026-08-03T23:44:22.9897750Z -- Looking for stdint.h
2026-08-03T23:44:23.2185210Z -- Looking for stdint.h - found
2026-08-03T23:44:23.2185500Z -- Looking for stdio.h
2026-08-03T23:44:23.3737970Z -- Looking for stdio.h - found
2026-08-03T23:44:23.3738290Z -- Looking for stdlib.h
2026-08-03T23:44:23.5552160Z -- Looking for stdlib.h - found
2026-08-03T23:44:23.5553210Z -- Looking for string.h
2026-08-03T23:44:23.7207850Z -- Looking for string.h - found
2026-08-03T23:44:23.7209020Z -- Looking for strings.h
2026-08-03T23:44:23.8747100Z -- Looking for strings.h - found
2026-08-03T23:44:23.8747640Z -- Looking for sys/types.h
2026-08-03T23:44:24.0283370Z -- Looking for sys/types.h - found
2026-08-03T23:44:24.0283850Z -- Looking for wchar.h
2026-08-03T23:44:24.2106020Z -- Looking for wchar.h - found
2026-08-03T23:44:24.2106450Z -- Looking for 7 include files stddef.h, ..., float.h
2026-08-03T23:44:24.3971480Z -- Looking for 7 include files stddef.h, ..., float.h - found
2026-08-03T23:44:24.3972110Z -- Looking for M_PI
2026-08-03T23:44:24.5914920Z -- Looking for M_PI - found
2026-08-03T23:44:24.5915600Z -- Performing Test HAVE_MPROTECT
2026-08-03T23:44:24.7458000Z -- Performing Test HAVE_MPROTECT - Success
2026-08-03T23:44:24.7458800Z -- Looking for strtod
2026-08-03T23:44:24.9332500Z -- Looking for strtod - found
2026-08-03T23:44:24.9333480Z -- Looking for malloc
2026-08-03T23:44:25.1512820Z -- Looking for malloc - found
2026-08-03T23:44:25.1513910Z -- Looking for calloc
2026-08-03T23:44:25.3302710Z -- Looking for calloc - found
2026-08-03T23:44:25.3303750Z -- Looking for realloc
2026-08-03T23:44:25.4918360Z -- Looking for realloc - found
2026-08-03T23:44:25.4919490Z -- Looking for free
2026-08-03T23:44:25.7082340Z -- Looking for free - found
2026-08-03T23:44:25.7102410Z -- Looking for getenv
2026-08-03T23:44:25.8549260Z -- Looking for getenv - found
2026-08-03T23:44:25.8553720Z -- Looking for setenv
2026-08-03T23:44:26.0427920Z -- Looking for setenv - found
2026-08-03T23:44:26.0429000Z -- Looking for putenv
2026-08-03T23:44:26.2323890Z -- Looking for putenv - found
2026-08-03T23:44:26.2327280Z -- Looking for unsetenv
2026-08-03T23:44:26.4031110Z -- Looking for unsetenv - found
2026-08-03T23:44:26.4032630Z -- Looking for bsearch
2026-08-03T23:44:26.5700990Z -- Looking for bsearch - found
2026-08-03T23:44:26.5701750Z -- Looking for qsort
2026-08-03T23:44:26.7437910Z -- Looking for qsort - found
2026-08-03T23:44:26.7439260Z -- Looking for abs
2026-08-03T23:44:26.8983900Z -- Looking for abs - found
2026-08-03T23:44:26.8984860Z -- Looking for bcopy
2026-08-03T23:44:27.0731840Z -- Looking for bcopy - found
2026-08-03T23:44:27.0732870Z -- Looking for memset
2026-08-03T23:44:27.2406080Z -- Looking for memset - found
2026-08-03T23:44:27.2411230Z -- Looking for memcpy
2026-08-03T23:44:27.4347810Z -- Looking for memcpy - found
2026-08-03T23:44:27.4348740Z -- Looking for memmove
2026-08-03T23:44:27.5890230Z -- Looking for memmove - found
2026-08-03T23:44:27.5891030Z -- Looking for memcmp
2026-08-03T23:44:27.7530120Z -- Looking for memcmp - found
2026-08-03T23:44:27.7531050Z -- Looking for strlen
2026-08-03T23:44:27.9378270Z -- Looking for strlen - found
2026-08-03T23:44:27.9379350Z -- Looking for strlcpy
2026-08-03T23:44:28.0907410Z -- Looking for strlcpy - found
2026-08-03T23:44:28.0908240Z -- Looking for strlcat
2026-08-03T23:44:28.2469120Z -- Looking for strlcat - found
2026-08-03T23:44:28.2470060Z -- Looking for _strrev
2026-08-03T23:44:28.3629230Z -- Looking for _strrev - not found
2026-08-03T23:44:28.3630090Z -- Looking for _strupr
2026-08-03T23:44:28.4682980Z -- Looking for _strupr - not found
2026-08-03T23:44:28.4683920Z -- Looking for _strlwr
2026-08-03T23:44:28.5605460Z -- Looking for _strlwr - not found
2026-08-03T23:44:28.5606370Z -- Looking for index
2026-08-03T23:44:28.6981240Z -- Looking for index - found
2026-08-03T23:44:28.6982560Z -- Looking for rindex
2026-08-03T23:44:28.8823970Z -- Looking for rindex - found
2026-08-03T23:44:28.8833880Z -- Looking for strchr
2026-08-03T23:44:29.0443610Z -- Looking for strchr - found
2026-08-03T23:44:29.0444690Z -- Looking for strrchr
2026-08-03T23:44:29.2148350Z -- Looking for strrchr - found
2026-08-03T23:44:29.2149370Z -- Looking for strstr
2026-08-03T23:44:29.3724870Z -- Looking for strstr - found
2026-08-03T23:44:29.3725490Z -- Looking for strtok_r
2026-08-03T23:44:29.5374520Z -- Looking for strtok_r - found
2026-08-03T23:44:29.5375380Z -- Looking for itoa
2026-08-03T23:44:29.6710120Z -- Looking for itoa - not found
2026-08-03T23:44:29.6711670Z -- Looking for _ltoa
2026-08-03T23:44:29.8045570Z -- Looking for _ltoa - not found
2026-08-03T23:44:29.8046630Z -- Looking for _uitoa
2026-08-03T23:44:29.8971700Z -- Looking for _uitoa - not found
2026-08-03T23:44:29.8972670Z -- Looking for _ultoa
2026-08-03T23:44:29.9887490Z -- Looking for _ultoa - not found
2026-08-03T23:44:29.9888430Z -- Looking for strtol
2026-08-03T23:44:30.1216520Z -- Looking for strtol - found
2026-08-03T23:44:30.1217920Z -- Looking for strtoul
2026-08-03T23:44:30.2843270Z -- Looking for strtoul - found
2026-08-03T23:44:30.2843660Z -- Looking for _i64toa
2026-08-03T23:44:30.4094120Z -- Looking for _i64toa - not found
2026-08-03T23:44:30.4095140Z -- Looking for _ui64toa
2026-08-03T23:44:30.5246100Z -- Looking for _ui64toa - not found
2026-08-03T23:44:30.5246860Z -- Looking for strtoll
2026-08-03T23:44:30.6646580Z -- Looking for strtoll - found
2026-08-03T23:44:30.6648380Z -- Looking for strtoull
2026-08-03T23:44:30.8146060Z -- Looking for strtoull - found
2026-08-03T23:44:30.8147050Z -- Looking for atoi
2026-08-03T23:44:30.9661940Z -- Looking for atoi - found
2026-08-03T23:44:30.9662900Z -- Looking for atof
2026-08-03T23:44:31.1202210Z -- Looking for atof - found
2026-08-03T23:44:31.1203090Z -- Looking for strcmp
2026-08-03T23:44:31.3085750Z -- Looking for strcmp - found
2026-08-03T23:44:31.3086880Z -- Looking for strncmp
2026-08-03T23:44:31.4670740Z -- Looking for strncmp - found
2026-08-03T23:44:31.4671760Z -- Looking for _stricmp
2026-08-03T23:44:31.5821290Z -- Looking for _stricmp - not found
2026-08-03T23:44:31.5822310Z -- Looking for strcasecmp
2026-08-03T23:44:31.7125650Z -- Looking for strcasecmp - found
2026-08-03T23:44:31.7126680Z -- Looking for _strnicmp
2026-08-03T23:44:31.8369180Z -- Looking for _strnicmp - not found
2026-08-03T23:44:31.8370110Z -- Looking for strncasecmp
2026-08-03T23:44:31.9670730Z -- Looking for strncasecmp - found
2026-08-03T23:44:31.9671770Z -- Looking for strcasestr
2026-08-03T23:44:32.1235010Z -- Looking for strcasestr - found
2026-08-03T23:44:32.1235760Z -- Looking for wcscmp
2026-08-03T23:44:32.2858610Z -- Looking for wcscmp - found
2026-08-03T23:44:32.2859370Z -- Looking for _wcsdup
2026-08-03T23:44:32.4038850Z -- Looking for _wcsdup - not found
2026-08-03T23:44:32.4039850Z -- Looking for wcsdup
2026-08-03T23:44:32.5329540Z -- Looking for wcsdup - found
2026-08-03T23:44:32.5330530Z -- Looking for wcslcat
2026-08-03T23:44:32.7041610Z -- Looking for wcslcat - found
2026-08-03T23:44:32.7042550Z -- Looking for wcslcpy
2026-08-03T23:44:32.8546960Z -- Looking for wcslcpy - found
2026-08-03T23:44:32.8547960Z -- Looking for wcslen
2026-08-03T23:44:33.0061360Z -- Looking for wcslen - found
2026-08-03T23:44:33.0062650Z -- Looking for wcsncmp
2026-08-03T23:44:33.1721870Z -- Looking for wcsncmp - found
2026-08-03T23:44:33.1722900Z -- Looking for wcsstr
2026-08-03T23:44:33.3243040Z -- Looking for wcsstr - found
2026-08-03T23:44:33.3244240Z -- Looking for wcscasecmp
2026-08-03T23:44:33.5137480Z -- Looking for wcscasecmp - found
2026-08-03T23:44:33.5138300Z -- Looking for _wcsicmp
2026-08-03T23:44:33.6327680Z -- Looking for _wcsicmp - not found
2026-08-03T23:44:33.6328790Z -- Looking for wcsncasecmp
2026-08-03T23:44:33.7801420Z -- Looking for wcsncasecmp - found
2026-08-03T23:44:33.7802430Z -- Looking for _wcsnicmp
2026-08-03T23:44:34.1753720Z -- Looking for _wcsnicmp - not found
2026-08-03T23:44:34.1754580Z -- Looking for sscanf
2026-08-03T23:44:34.3715180Z -- Looking for sscanf - found
2026-08-03T23:44:34.3716440Z -- Looking for vsscanf
2026-08-03T23:44:34.7430820Z -- Looking for vsscanf - found
2026-08-03T23:44:34.7457890Z -- Looking for vsnprintf
2026-08-03T23:44:35.0265900Z -- Looking for vsnprintf - found
2026-08-03T23:44:35.0267060Z -- Looking for fopen64
2026-08-03T23:44:35.2224750Z -- Looking for fopen64 - not found
2026-08-03T23:44:35.2225690Z -- Looking for fseeko
2026-08-03T23:44:35.5022180Z -- Looking for fseeko - found
2026-08-03T23:44:35.5023900Z -- Looking for fseeko64
2026-08-03T23:44:35.7171250Z -- Looking for fseeko64 - not found
2026-08-03T23:44:35.7172660Z -- Looking for _Exit
2026-08-03T23:44:36.0065570Z -- Looking for _Exit - found
2026-08-03T23:44:36.0069650Z -- Looking for sigaction
2026-08-03T23:44:36.3513590Z -- Looking for sigaction - found
2026-08-03T23:44:36.3515170Z -- Looking for sigtimedwait
2026-08-03T23:44:36.5703170Z -- Looking for sigtimedwait - not found
2026-08-03T23:44:36.5706370Z -- Looking for setjmp
2026-08-03T23:44:36.8019920Z -- Looking for setjmp - found
2026-08-03T23:44:36.8023350Z -- Looking for nanosleep
2026-08-03T23:44:37.1005220Z -- Looking for nanosleep - found
2026-08-03T23:44:37.1005830Z -- Looking for sysconf
2026-08-03T23:44:37.3592170Z -- Looking for sysconf - found
2026-08-03T23:44:37.3592600Z -- Looking for sysctlbyname
2026-08-03T23:44:37.5353080Z -- Looking for sysctlbyname - found
2026-08-03T23:44:37.5354860Z -- Looking for getauxval
2026-08-03T23:44:37.6673040Z -- Looking for getauxval - not found
2026-08-03T23:44:37.6674020Z -- Looking for elf_aux_info
2026-08-03T23:44:37.7967340Z -- Looking for elf_aux_info - not found
2026-08-03T23:44:37.7968590Z -- Looking for poll
2026-08-03T23:44:37.9609670Z -- Looking for poll - found
2026-08-03T23:44:37.9612350Z -- Looking for memfd_create
2026-08-03T23:44:38.0884280Z -- Looking for memfd_create - not found
2026-08-03T23:44:38.0885140Z -- Looking for posix_fallocate
2026-08-03T23:44:38.1778170Z -- Looking for posix_fallocate - not found
2026-08-03T23:44:38.1778640Z -- Looking for pow in m
2026-08-03T23:44:38.3061550Z -- Looking for pow in m - found
2026-08-03T23:44:38.3062420Z -- Looking for atan
2026-08-03T23:44:38.4570600Z -- Looking for atan - found
2026-08-03T23:44:38.4571610Z -- Looking for atan2
2026-08-03T23:44:38.6127430Z -- Looking for atan2 - found
2026-08-03T23:44:38.6128470Z -- Looking for atanf
2026-08-03T23:44:38.7913110Z -- Looking for atanf - found
2026-08-03T23:44:38.7928840Z -- Looking for atan2f
2026-08-03T23:44:39.0004360Z -- Looking for atan2f - found
2026-08-03T23:44:39.0006190Z -- Looking for ceil
2026-08-03T23:44:39.2360290Z -- Looking for ceil - found
2026-08-03T23:44:39.2363310Z -- Looking for ceilf
2026-08-03T23:44:39.5412230Z -- Looking for ceilf - found
2026-08-03T23:44:39.5413320Z -- Looking for copysign
2026-08-03T23:44:39.7081090Z -- Looking for copysign - found
2026-08-03T23:44:39.7083740Z -- Looking for copysignf
2026-08-03T23:44:39.8820560Z -- Looking for copysignf - found
2026-08-03T23:44:39.8821540Z -- Looking for cos
2026-08-03T23:44:40.0791280Z -- Looking for cos - found
2026-08-03T23:44:40.0794840Z -- Looking for cosf
2026-08-03T23:44:40.2275110Z -- Looking for cosf - found
2026-08-03T23:44:40.2275980Z -- Looking for exp
2026-08-03T23:44:40.3720130Z -- Looking for exp - found
2026-08-03T23:44:40.3720860Z -- Looking for expf
2026-08-03T23:44:40.5194100Z -- Looking for expf - found
2026-08-03T23:44:40.5194990Z -- Looking for fabs
2026-08-03T23:44:40.6873790Z -- Looking for fabs - found
2026-08-03T23:44:40.6874550Z -- Looking for fabsf
2026-08-03T23:44:40.8372820Z -- Looking for fabsf - found
2026-08-03T23:44:40.8373470Z -- Looking for floor
2026-08-03T23:44:40.9847110Z -- Looking for floor - found
2026-08-03T23:44:40.9847880Z -- Looking for floorf
2026-08-03T23:44:41.1604480Z -- Looking for floorf - found
2026-08-03T23:44:41.1613620Z -- Looking for fmod
2026-08-03T23:44:41.3445600Z -- Looking for fmod - found
2026-08-03T23:44:41.3447310Z -- Looking for fmodf
2026-08-03T23:44:41.5304840Z -- Looking for fmodf - found
2026-08-03T23:44:41.5305980Z -- Looking for log
2026-08-03T23:44:41.6992760Z -- Looking for log - found
2026-08-03T23:44:41.6993550Z -- Looking for logf
2026-08-03T23:44:41.8565870Z -- Looking for logf - found
2026-08-03T23:44:41.8566710Z -- Looking for log10
2026-08-03T23:44:42.0160610Z -- Looking for log10 - found
2026-08-03T23:44:42.0161980Z -- Looking for log10f
2026-08-03T23:44:42.1727220Z -- Looking for log10f - found
2026-08-03T23:44:42.1728050Z -- Looking for lround
2026-08-03T23:44:42.3399110Z -- Looking for lround - found
2026-08-03T23:44:42.3402640Z -- Looking for lroundf
2026-08-03T23:44:42.4854570Z -- Looking for lroundf - found
2026-08-03T23:44:42.4855350Z -- Looking for pow
2026-08-03T23:44:42.6320500Z -- Looking for pow - found
2026-08-03T23:44:42.6321420Z -- Looking for powf
2026-08-03T23:44:42.7804290Z -- Looking for powf - found
2026-08-03T23:44:42.7805490Z -- Looking for round
2026-08-03T23:44:42.9434010Z -- Looking for round - found
2026-08-03T23:44:42.9434570Z -- Looking for roundf
2026-08-03T23:44:43.0909720Z -- Looking for roundf - found
2026-08-03T23:44:43.0910380Z -- Looking for scalbn
2026-08-03T23:44:43.2529590Z -- Looking for scalbn - found
2026-08-03T23:44:43.2530470Z -- Looking for scalbnf
2026-08-03T23:44:43.3995860Z -- Looking for scalbnf - found
2026-08-03T23:44:43.3996670Z -- Looking for sin
2026-08-03T23:44:43.5450620Z -- Looking for sin - found
2026-08-03T23:44:43.5451390Z -- Looking for sinf
2026-08-03T23:44:43.6917710Z -- Looking for sinf - found
2026-08-03T23:44:43.6918580Z -- Looking for sqrt
2026-08-03T23:44:43.8472350Z -- Looking for sqrt - found
2026-08-03T23:44:43.8473150Z -- Looking for sqrtf
2026-08-03T23:44:44.0330140Z -- Looking for sqrtf - found
2026-08-03T23:44:44.0331030Z -- Looking for tan
2026-08-03T23:44:44.2149660Z -- Looking for tan - found
2026-08-03T23:44:44.2150550Z -- Looking for tanf
2026-08-03T23:44:44.3754690Z -- Looking for tanf - found
2026-08-03T23:44:44.3755520Z -- Looking for acos
2026-08-03T23:44:44.5262560Z -- Looking for acos - found
2026-08-03T23:44:44.5263340Z -- Looking for acosf
2026-08-03T23:44:44.6786910Z -- Looking for acosf - found
2026-08-03T23:44:44.6787680Z -- Looking for asin
2026-08-03T23:44:44.8577650Z -- Looking for asin - found
2026-08-03T23:44:44.8578750Z -- Looking for asinf
2026-08-03T23:44:45.0159550Z -- Looking for asinf - found
2026-08-03T23:44:45.0160520Z -- Looking for trunc
2026-08-03T23:44:45.2080960Z -- Looking for trunc - found
2026-08-03T23:44:45.2082040Z -- Looking for truncf
2026-08-03T23:44:45.4047360Z -- Looking for truncf - found
2026-08-03T23:44:45.4055670Z -- Performing Test HAVE_SA_SIGACTION
2026-08-03T23:44:45.5642080Z -- Performing Test HAVE_SA_SIGACTION - Success
2026-08-03T23:44:45.5708790Z -- Looking for dlopen
2026-08-03T23:44:45.7313950Z -- Looking for dlopen - found
2026-08-03T23:44:45.7316380Z -- Performing Test HAVE_O_CLOEXEC
2026-08-03T23:44:45.9029110Z -- Performing Test HAVE_O_CLOEXEC - Success
2026-08-03T23:44:45.9315890Z -- Performing Test HAVE_FRAMEWORK_GAMECONTROLLER
2026-08-03T23:44:46.9182150Z -- Performing Test HAVE_FRAMEWORK_GAMECONTROLLER - Success
2026-08-03T23:44:46.9182490Z -- Performing Test HAVE_FRAMEWORK_COREHAPTICS
2026-08-03T23:44:47.3765090Z -- Performing Test HAVE_FRAMEWORK_COREHAPTICS - Success
2026-08-03T23:44:47.4048260Z -- Performing Test HAVE_FRAMEWORK_METAL
2026-08-03T23:44:47.8754810Z -- Performing Test HAVE_FRAMEWORK_METAL - Success
2026-08-03T23:44:47.8958110Z -- Performing Test HAVE_PTHREADS
2026-08-03T23:44:48.0475340Z -- Performing Test HAVE_PTHREADS - Success
2026-08-03T23:44:48.0475970Z -- Performing Test HAVE_RECURSIVE_MUTEXES
2026-08-03T23:44:48.2509460Z -- Performing Test HAVE_RECURSIVE_MUTEXES - Success
2026-08-03T23:44:48.2509990Z -- Performing Test HAVE_PTHREADS_SEM
2026-08-03T23:44:48.4013750Z -- Performing Test HAVE_PTHREADS_SEM - Success
2026-08-03T23:44:48.4014040Z -- Performing Test HAVE_SEM_TIMEDWAIT
2026-08-03T23:44:48.5120660Z -- Performing Test HAVE_SEM_TIMEDWAIT - Failed
2026-08-03T23:44:48.5122710Z -- Looking for include file pthread.h
2026-08-03T23:44:48.6594560Z -- Looking for include file pthread.h - found
2026-08-03T23:44:48.6594930Z -- Looking for include file pthread_np.h
2026-08-03T23:44:48.7592670Z -- Looking for include file pthread_np.h - not found
2026-08-03T23:44:48.7594320Z -- Performing Test HAVE_PTHREAD_SETNAME_NP
2026-08-03T23:44:48.9140440Z -- Performing Test HAVE_PTHREAD_SETNAME_NP - Success
2026-08-03T23:44:48.9670490Z CMake Warning (deprecated) at /Users/runner/work/KytyPlus/KytyPlus/3rdparty/SDL2/CMakeLists.txt:3312 (cmake_minimum_required):
2026-08-03T23:44:48.9671120Z   Compatibility with CMake < 3.10 will be removed from a future version of
2026-08-03T23:44:48.9671490Z   CMake.
2026-08-03T23:44:48.9671560Z 
2026-08-03T23:44:48.9671730Z   Update the VERSION argument <min> value.  Or, use the <min>...<max> syntax
2026-08-03T23:44:48.9672110Z   to tell CMake that the project requires at least <min> but has been updated
2026-08-03T23:44:48.9672490Z   to work with policies introduced by <max> or earlier.
2026-08-03T23:44:48.9672890Z This warning is for project developers.  Use -Wno-author or -Wno-deprecated
2026-08-03T23:44:48.9673230Z to suppress it.
2026-08-03T23:44:48.9673330Z 
2026-08-03T23:44:48.9676180Z -- 
2026-08-03T23:44:48.9676420Z -- SDL2 was configured with the following options:
2026-08-03T23:44:48.9676680Z -- 
2026-08-03T23:44:48.9683660Z -- Platform: Darwin-24.6.0
2026-08-03T23:44:48.9684350Z -- 64-bit:   TRUE
2026-08-03T23:44:48.9684500Z -- Compiler: /usr/bin/clang
2026-08-03T23:44:48.9684680Z -- Revision: SDL-2.33.0-g4b69833
2026-08-03T23:44:48.9684870Z -- 
2026-08-03T23:44:48.9685020Z -- Subsystems:
2026-08-03T23:44:48.9685200Z --   Atomic:	ON
2026-08-03T23:44:48.9685380Z --   Audio:	ON
2026-08-03T23:44:48.9685550Z --   Video:	ON
2026-08-03T23:44:48.9685700Z --   Render:	ON
2026-08-03T23:44:48.9685870Z --   Events:	ON
2026-08-03T23:44:48.9686050Z --   Joystick:	ON
2026-08-03T23:44:48.9686190Z --   Haptic:	ON
2026-08-03T23:44:48.9686350Z --   Hidapi:	ON
2026-08-03T23:44:48.9686500Z --   Power:	ON
2026-08-03T23:44:48.9686650Z --   Threads:	ON
2026-08-03T23:44:48.9686790Z --   Timers:	ON
2026-08-03T23:44:48.9686910Z --   File:	ON
2026-08-03T23:44:48.9687070Z --   Loadso:	ON
2026-08-03T23:44:48.9687210Z --   CPUinfo:	ON
2026-08-03T23:44:48.9687370Z --   Filesystem:	ON
2026-08-03T23:44:48.9687530Z --   Sensor:	ON
2026-08-03T23:44:48.9687650Z --   Locale:	ON
2026-08-03T23:44:48.9687780Z --   Misc:	ON
2026-08-03T23:44:48.9687910Z -- 
2026-08-03T23:44:48.9688020Z -- Options:
2026-08-03T23:44:48.9688180Z --   SDL2_DISABLE_INSTALL        (Wanted: ON): OFF
2026-08-03T23:44:48.9688430Z --   SDL2_DISABLE_SDL2MAIN       (Wanted: OFF): OFF
2026-08-03T23:44:48.9688690Z --   SDL2_DISABLE_UNINSTALL      (Wanted: OFF): OFF
2026-08-03T23:44:48.9688930Z --   SDL_3DNOW                   (Wanted: OFF): OFF
2026-08-03T23:44:48.9689160Z --   SDL_ALSA                    (Wanted: OFF): OFF
2026-08-03T23:44:48.9689430Z --   SDL_ALSA_SHARED             (Wanted: OFF): OFF
2026-08-03T23:44:48.9689670Z --   SDL_ALTIVEC                 (Wanted: ON): OFF
2026-08-03T23:44:48.9689900Z --   SDL_ARMNEON                 (Wanted: OFF): OFF
2026-08-03T23:44:48.9690130Z --   SDL_ARMSIMD                 (Wanted: OFF): OFF
2026-08-03T23:44:48.9690360Z --   SDL_ARTS                    (Wanted: OFF): OFF
2026-08-03T23:44:48.9690630Z --   SDL_ARTS_SHARED             (Wanted: OFF): OFF
2026-08-03T23:44:48.9690860Z --   SDL_ASAN                    (Wanted: OFF): OFF
2026-08-03T23:44:48.9691100Z --   SDL_ASSEMBLY                (Wanted: ON): ON
2026-08-03T23:44:48.9691350Z --   SDL_ASSERTIONS              (Wanted: auto): auto
2026-08-03T23:44:48.9691670Z --   SDL_BACKGROUNDING_SIGNAL    (Wanted: OFF): OFF
2026-08-03T23:44:48.9691910Z --   SDL_CCACHE                  (Wanted: ON): OFF
2026-08-03T23:44:48.9692140Z --   SDL_CLOCK_GETTIME           (Wanted: OFF): OFF
2026-08-03T23:44:48.9692370Z --   SDL_COCOA                   (Wanted: ON): ON
2026-08-03T23:44:48.9692600Z --   SDL_DBUS                    (Wanted: OFF): OFF
2026-08-03T23:44:48.9692880Z --   SDL_DIRECTFB                (Wanted: OFF): OFF
2026-08-03T23:44:48.9693200Z --   SDL_DIRECTFB_SHARED         (Wanted: OFF): OFF
2026-08-03T23:44:48.9693590Z --   SDL_DIRECTX                 (Wanted: OFF): OFF
2026-08-03T23:44:48.9693920Z --   SDL_DISKAUDIO               (Wanted: ON): ON
2026-08-03T23:44:48.9694150Z --   SDL_DUMMYAUDIO              (Wanted: ON): ON
2026-08-03T23:44:48.9694590Z --   SDL_DUMMYVIDEO              (Wanted: ON): ON
2026-08-03T23:44:48.9694840Z --   SDL_ESD                     (Wanted: OFF): OFF
2026-08-03T23:44:48.9695070Z --   SDL_ESD_SHARED              (Wanted: OFF): OFF
2026-08-03T23:44:48.9695300Z --   SDL_FOREGROUNDING_SIGNAL    (Wanted: OFF): OFF
2026-08-03T23:44:48.9695540Z --   SDL_FUSIONSOUND             (Wanted: OFF): OFF
2026-08-03T23:44:48.9695780Z --   SDL_FUSIONSOUND_SHARED      (Wanted: OFF): OFF
2026-08-03T23:44:48.9696020Z --   SDL_GCC_ATOMICS             (Wanted: ON): ON
2026-08-03T23:44:48.9696320Z --   SDL_HIDAPI                  (Wanted: ON): ON
2026-08-03T23:44:48.9696550Z --   SDL_HIDAPI_JOYSTICK         (Wanted: ON): ON
2026-08-03T23:44:48.9696780Z --   SDL_HIDAPI_LIBUSB           (Wanted: OFF): OFF
2026-08-03T23:44:48.9697010Z --   SDL_IBUS                    (Wanted: OFF): OFF
2026-08-03T23:44:48.9697240Z --   SDL_INSTALL_TESTS           (Wanted: OFF): OFF
2026-08-03T23:44:48.9697630Z --   SDL_JACK                    (Wanted: OFF): OFF
2026-08-03T23:44:48.9698060Z --   SDL_JACK_SHARED             (Wanted: OFF): OFF
2026-08-03T23:44:48.9698290Z --   SDL_KMSDRM                  (Wanted: OFF): OFF
2026-08-03T23:44:48.9698530Z --   SDL_KMSDRM_SHARED           (Wanted: OFF): OFF
2026-08-03T23:44:48.9698820Z --   SDL_LASX                    (Wanted: OFF): OFF
2026-08-03T23:44:48.9699080Z --   SDL_LIBC                    (Wanted: ON): ON
2026-08-03T23:44:48.9699310Z --   SDL_LIBICONV                (Wanted: OFF): OFF
2026-08-03T23:44:48.9699540Z --   SDL_LIBSAMPLERATE           (Wanted: OFF): OFF
2026-08-03T23:44:48.9699790Z --   SDL_LIBSAMPLERATE_SHARED    (Wanted: OFF): OFF
2026-08-03T23:44:48.9700020Z --   SDL_LIBUDEV                 (Wanted: ON): OFF
2026-08-03T23:44:48.9700250Z --   SDL_LSX                     (Wanted: OFF): OFF
2026-08-03T23:44:48.9700480Z --   SDL_METAL                   (Wanted: ON): ON
2026-08-03T23:44:48.9700700Z --   SDL_MMX                     (Wanted: ON): ON
2026-08-03T23:44:48.9700930Z --   SDL_NAS                     (Wanted: OFF): OFF
2026-08-03T23:44:48.9701170Z --   SDL_NAS_SHARED              (Wanted: OFF): OFF
2026-08-03T23:44:48.9701540Z --   SDL_OFFSCREEN               (Wanted: ON): ON
2026-08-03T23:44:48.9701780Z --   SDL_OPENGL                  (Wanted: ON): ON
2026-08-03T23:44:48.9702010Z --   SDL_OPENGLES                (Wanted: ON): ON
2026-08-03T23:44:48.9702410Z --   SDL_OSS                     (Wanted: OFF): OFF
2026-08-03T23:44:48.9702960Z --   SDL_PIPEWIRE                (Wanted: OFF): OFF
2026-08-03T23:44:48.9703200Z --   SDL_PIPEWIRE_SHARED         (Wanted: OFF): OFF
2026-08-03T23:44:48.9703430Z --   SDL_PTHREADS                (Wanted: ON): ON
2026-08-03T23:44:48.9703660Z --   SDL_PTHREADS_SEM            (Wanted: ON): ON
2026-08-03T23:44:48.9703890Z --   SDL_PULSEAUDIO              (Wanted: OFF): OFF
2026-08-03T23:44:48.9704130Z --   SDL_PULSEAUDIO_SHARED       (Wanted: OFF): OFF
2026-08-03T23:44:48.9704380Z --   SDL_RENDER_D3D              (Wanted: OFF): OFF
2026-08-03T23:44:48.9704870Z --   SDL_RENDER_METAL            (Wanted: ON): ON
2026-08-03T23:44:48.9705180Z --   SDL_RPATH                   (Wanted: OFF): OFF
2026-08-03T23:44:48.9705490Z --   SDL_RPI                     (Wanted: OFF): OFF
2026-08-03T23:44:48.9705850Z --   SDL_SNDIO                   (Wanted: OFF): OFF
2026-08-03T23:44:48.9706200Z --   SDL_SNDIO_SHARED            (Wanted: OFF): OFF
2026-08-03T23:44:48.9706600Z --   SDL_SSE                     (Wanted: ON): ON
2026-08-03T23:44:48.9706960Z --   SDL_SSE2                    (Wanted: ON): ON
2026-08-03T23:44:48.9707340Z --   SDL_SSE3                    (Wanted: ON): ON
2026-08-03T23:44:48.9707720Z --   SDL_SSEMATH                 (Wanted: ON): ON
2026-08-03T23:44:48.9708090Z --   SDL_STATIC_PIC              (Wanted: OFF): OFF
2026-08-03T23:44:48.9708450Z --   SDL_SYSTEM_ICONV            (Wanted: OFF): OFF
2026-08-03T23:44:48.9708810Z --   SDL_TESTS                   (Wanted: OFF): OFF
2026-08-03T23:44:48.9709220Z --   SDL_VENDOR_INFO             (Wanted: ): OFF
2026-08-03T23:44:48.9709770Z --   SDL_VIRTUAL_JOYSTICK        (Wanted: ON): ON
2026-08-03T23:44:48.9710010Z --   SDL_VIVANTE                 (Wanted: OFF): OFF
2026-08-03T23:44:48.9710360Z --   SDL_VULKAN                  (Wanted: ON): ON
2026-08-03T23:44:48.9710710Z --   SDL_WASAPI                  (Wanted: OFF): OFF
2026-08-03T23:44:48.9711070Z --   SDL_WAYLAND                 (Wanted: OFF): OFF
2026-08-03T23:44:48.9711420Z --   SDL_WAYLAND_LIBDECOR        (Wanted: OFF): OFF
2026-08-03T23:44:48.9711820Z --   SDL_WAYLAND_LIBDECOR_SHARED (Wanted: OFF): OFF
2026-08-03T23:44:48.9712190Z --   SDL_WAYLAND_QT_TOUCH        (Wanted: OFF): OFF
2026-08-03T23:44:48.9712530Z --   SDL_WAYLAND_SHARED          (Wanted: OFF): OFF
2026-08-03T23:44:48.9712910Z --   SDL_X11                     (Wanted: OFF): OFF
2026-08-03T23:44:48.9713270Z --   SDL_X11_SHARED              (Wanted: OFF): OFF
2026-08-03T23:44:48.9713630Z --   SDL_X11_XCURSOR             (Wanted: OFF): OFF
2026-08-03T23:44:48.9713970Z --   SDL_X11_XDBE                (Wanted: OFF): OFF
2026-08-03T23:44:48.9714380Z --   SDL_X11_XFIXES              (Wanted: OFF): OFF
2026-08-03T23:44:48.9714680Z --   SDL_X11_XINPUT              (Wanted: OFF): OFF
2026-08-03T23:44:48.9715050Z --   SDL_X11_XRANDR              (Wanted: OFF): OFF
2026-08-03T23:44:48.9715400Z --   SDL_X11_XSCRNSAVER          (Wanted: OFF): OFF
2026-08-03T23:44:48.9715760Z --   SDL_X11_XSHAPE              (Wanted: OFF): OFF
2026-08-03T23:44:48.9716110Z --   SDL_XINPUT                  (Wanted: OFF): OFF
2026-08-03T23:44:48.9716320Z -- 
2026-08-03T23:44:48.9717090Z --  CFLAGS:          -fno-rtti -fno-exceptions -fcolor-diagnostics -finput-charset=UTF-8 -fexec-charset=UTF-8 -g -fno-strict-aliasing -fno-omit-frame-pointer -Wall -fmessage-length=0 -idirafter "/Users/runner/work/KytyPlus/KytyPlus/3rdparty/SDL2/src/video/khronos"
2026-08-03T23:44:48.9718740Z --  EXTRA_CFLAGS:   -Wall -Wundef -fno-strict-aliasing -Wdocumentation -Wdocumentation-unknown-command -fcomment-block-commands=threadsafety -fcomment-block-commands=deprecated -Wdeclaration-after-statement -fvisibility=hidden -Wshadow -Wno-unused-local-typedefs -mmmx -msse -msse2 -msse3 -D_THREAD_SAFE
2026-08-03T23:44:48.9719940Z --  EXTRA_LDFLAGS:  -Wl,-compatibility_version,3301.0.0;-Wl,-current_version,3301.0.0
2026-08-03T23:44:48.9720310Z --  EXTRA_LIBS:    m
2026-08-03T23:44:48.9720460Z -- 
2026-08-03T23:44:48.9720590Z --  Build Shared Library: OFF
2026-08-03T23:44:48.9720800Z --  Build Static Library: ON
2026-08-03T23:44:48.9721060Z --  Build Static Library with Position Independent Code: OFF
2026-08-03T23:44:48.9721330Z -- 
2026-08-03T23:44:48.9721530Z -- If something was not detected, although the libraries
2026-08-03T23:44:48.9721800Z -- were installed, then make sure you have set the
2026-08-03T23:44:48.9722080Z -- CFLAGS and LDFLAGS environment variables correctly.
2026-08-03T23:44:48.9722300Z -- 
2026-08-03T23:44:48.9722940Z -- Performing Test COMPILER_SUPPORTS_FOBJC_ARC
2026-08-03T23:44:49.0944820Z -- Performing Test COMPILER_SUPPORTS_FOBJC_ARC - Success
2026-08-03T23:44:49.4833580Z -- Found Python3: /Users/runner/hostedtoolcache/Python/3.12.10/arm64/bin/python3.12 (found version "3.12.10") found components: Interpreter
2026-08-03T23:44:49.5114190Z -- xxHash build type: Release
2026-08-03T23:44:49.5116490Z -- Architecture: arm64
2026-08-03T23:44:49.5242620Z -- {fmt} version: 12.2.0
2026-08-03T23:44:49.5242840Z -- Build type: Release
2026-08-03T23:44:49.5253890Z -- Performing Test HAS_NULLPTR_WARNING
2026-08-03T23:44:49.6519960Z -- Performing Test HAS_NULLPTR_WARNING - Success
2026-08-03T23:44:49.6721970Z -- Using the multi-header code from /Users/runner/work/KytyPlus/KytyPlus/3rdparty/nlohmann_json/include/
2026-08-03T23:44:49.6849790Z -- Build spdlog: 1.17.0
2026-08-03T23:44:49.6875310Z -- Performing Test CMAKE_HAVE_LIBC_PTHREAD
2026-08-03T23:44:49.8296650Z -- Performing Test CMAKE_HAVE_LIBC_PTHREAD - Success
2026-08-03T23:44:49.8303140Z -- Found Threads: TRUE
2026-08-03T23:44:49.8303530Z -- Build type: Release
2026-08-03T23:44:49.8310820Z -- Looking for fwrite_unlocked
2026-08-03T23:44:49.9331890Z -- Looking for fwrite_unlocked - not found
2026-08-03T23:44:49.9427120Z -- Downloading FFMPEG prebuilts...
2026-08-03T23:44:50.2069260Z -- [download 0% complete]
2026-08-03T23:44:50.2169520Z -- [download 1% complete]
2026-08-03T23:44:50.2270290Z -- [download 2% complete]
2026-08-03T23:44:50.2370790Z -- [download 3% complete]
2026-08-03T23:44:50.2471290Z -- [download 4% complete]
2026-08-03T23:44:50.2481450Z -- [download 5% complete]
2026-08-03T23:44:50.2482070Z -- [download 6% complete]
2026-08-03T23:44:50.2482390Z -- [download 7% complete]
2026-08-03T23:44:50.2482670Z -- [download 8% complete]
2026-08-03T23:44:50.2482930Z -- [download 9% complete]
2026-08-03T23:44:50.2483190Z -- [download 11% complete]
2026-08-03T23:44:50.2483460Z -- [download 12% complete]
2026-08-03T23:44:50.2483720Z -- [download 14% complete]
2026-08-03T23:44:50.2483970Z -- [download 15% complete]
2026-08-03T23:44:50.2484290Z -- [download 16% complete]
2026-08-03T23:44:50.2484540Z -- [download 18% complete]
2026-08-03T23:44:50.2524270Z -- [download 19% complete]
2026-08-03T23:44:50.2524670Z -- [download 21% complete]
2026-08-03T23:44:50.2524940Z -- [download 22% complete]
2026-08-03T23:44:50.2525220Z -- [download 24% complete]
2026-08-03T23:44:50.2525490Z -- [download 25% complete]
2026-08-03T23:44:50.2525740Z -- [download 27% complete]
2026-08-03T23:44:50.2525990Z -- [download 28% complete]
2026-08-03T23:44:50.2526240Z -- [download 30% complete]
2026-08-03T23:44:50.2526560Z -- [download 31% complete]
2026-08-03T23:44:50.2526810Z -- [download 32% complete]
2026-08-03T23:44:50.2527070Z -- [download 34% complete]
2026-08-03T23:44:50.2527790Z -- [download 35% complete]
2026-08-03T23:44:50.2536010Z -- [download 37% complete]
2026-08-03T23:44:50.2537320Z -- [download 38% complete]
2026-08-03T23:44:50.2548880Z -- [download 40% complete]
2026-08-03T23:44:50.2555350Z -- [download 41% complete]
2026-08-03T23:44:50.2566530Z -- [download 43% complete]
2026-08-03T23:44:50.2577330Z -- [download 44% complete]
2026-08-03T23:44:50.2587780Z -- [download 46% complete]
2026-08-03T23:44:50.2597690Z -- [download 47% complete]
2026-08-03T23:44:50.2608070Z -- [download 48% complete]
2026-08-03T23:44:50.2617810Z -- [download 50% complete]
2026-08-03T23:44:50.2628020Z -- [download 51% complete]
2026-08-03T23:44:50.2638370Z -- [download 53% complete]
2026-08-03T23:44:50.2650200Z -- [download 54% complete]
2026-08-03T23:44:50.2662900Z -- [download 56% complete]
2026-08-03T23:44:50.2675800Z -- [download 57% complete]
2026-08-03T23:44:50.2687080Z -- [download 58% complete]
2026-08-03T23:44:50.2700380Z -- [download 60% complete]
2026-08-03T23:44:50.2714510Z -- [download 61% complete]
2026-08-03T23:44:50.2732020Z -- [download 63% complete]
2026-08-03T23:44:50.2742890Z -- [download 64% complete]
2026-08-03T23:44:50.2754010Z -- [download 66% complete]
2026-08-03T23:44:50.2767960Z -- [download 67% complete]
2026-08-03T23:44:50.2778560Z -- [download 69% complete]
2026-08-03T23:44:50.2789370Z -- [download 70% complete]
2026-08-03T23:44:50.2800420Z -- [download 72% complete]
2026-08-03T23:44:50.2811420Z -- [download 73% complete]
2026-08-03T23:44:50.2823250Z -- [download 75% complete]
2026-08-03T23:44:50.2833040Z -- [download 76% complete]
2026-08-03T23:44:50.2843270Z -- [download 78% complete]
2026-08-03T23:44:50.2853570Z -- [download 79% complete]
2026-08-03T23:44:50.2864850Z -- [download 81% complete]
2026-08-03T23:44:50.2874410Z -- [download 82% complete]
2026-08-03T23:44:50.2883230Z -- [download 84% complete]
2026-08-03T23:44:50.2893400Z -- [download 85% complete]
2026-08-03T23:44:50.2902550Z -- [download 86% complete]
2026-08-03T23:44:50.2910710Z -- [download 88% complete]
2026-08-03T23:44:50.2917470Z -- [download 89% complete]
2026-08-03T23:44:50.2935810Z -- [download 90% complete]
2026-08-03T23:44:50.2991740Z -- [download 91% complete]
2026-08-03T23:44:50.3031710Z -- [download 92% complete]
2026-08-03T23:44:50.3065370Z -- [download 93% complete]
2026-08-03T23:44:50.3090150Z -- [download 94% complete]
2026-08-03T23:44:50.3108400Z -- [download 95% complete]
2026-08-03T23:44:50.3136230Z -- [download 96% complete]
2026-08-03T23:44:50.3151700Z -- [download 97% complete]
2026-08-03T23:44:50.3169230Z -- [download 98% complete]
2026-08-03T23:44:50.3178550Z -- [download 99% complete]
2026-08-03T23:44:50.3182740Z -- [download 100% complete]
2026-08-03T23:44:50.4009370Z Parsing public/common/TracyVersion.hpp file
2026-08-03T23:44:50.4013580Z VERSION 0.13.4
2026-08-03T23:44:50.4230390Z -- Could NOT find rocprofiler-sdk (missing: rocprofiler-sdk_DIR)
2026-08-03T23:44:50.4239140Z -- TRACY_ENABLE: ON
2026-08-03T23:44:50.4239590Z -- TRACY_ON_DEMAND: ON
2026-08-03T23:44:50.4250160Z -- TRACY_CALLSTACK: (not set)
2026-08-03T23:44:50.4250460Z -- TRACY_PLATFORM_HEADER: (not set)
2026-08-03T23:44:50.4250680Z -- TRACY_NO_CALLSTACK: OFF
2026-08-03T23:44:50.4250910Z -- TRACY_NO_CALLSTACK_INLINES: OFF
2026-08-03T23:44:50.4251110Z -- TRACY_ONLY_LOCALHOST: OFF
2026-08-03T23:44:50.4251310Z -- TRACY_NO_BROADCAST: OFF
2026-08-03T23:44:50.4251530Z -- TRACY_ONLY_IPV4: OFF
2026-08-03T23:44:50.4252080Z -- TRACY_NO_CODE_TRANSFER: OFF
2026-08-03T23:44:50.4252270Z -- TRACY_NO_CONTEXT_SWITCH: OFF
2026-08-03T23:44:50.4252440Z -- TRACY_NO_EXIT: OFF
2026-08-03T23:44:50.4252590Z -- TRACY_NO_SAMPLING: OFF
2026-08-03T23:44:50.4252760Z -- TRACY_NO_VERIFY: OFF
2026-08-03T23:44:50.4252920Z -- TRACY_NO_VSYNC_CAPTURE: OFF
2026-08-03T23:44:50.4253090Z -- TRACY_NO_FRAME_IMAGE: OFF
2026-08-03T23:44:50.4253270Z -- TRACY_NO_SYSTEM_TRACING: OFF
2026-08-03T23:44:50.4253450Z -- TRACY_PATCHABLE_NOPSLEDS: OFF
2026-08-03T23:44:50.4253630Z -- TRACY_DELAYED_INIT: ON
2026-08-03T23:44:50.4253800Z -- TRACY_MANUAL_LIFETIME: ON
2026-08-03T23:44:50.4253960Z -- TRACY_FIBERS: OFF
2026-08-03T23:44:50.4254110Z -- TRACY_NO_CRASH_HANDLER: OFF
2026-08-03T23:44:50.4254350Z -- TRACY_TIMER_FALLBACK: OFF
2026-08-03T23:44:50.4254570Z -- TRACY_DISALLOW_HW_TIMER: OFF
2026-08-03T23:44:50.4254790Z -- TRACY_LIBUNWIND_BACKTRACE: OFF
2026-08-03T23:44:50.4255060Z -- TRACY_SYMBOL_OFFLINE_RESOLVE: OFF
2026-08-03T23:44:50.4255340Z -- TRACY_LIBBACKTRACE_ELF_DYNLOAD_SUPPORT: OFF
2026-08-03T23:44:50.4255620Z -- TRACY_DEBUGINFOD: OFF
2026-08-03T23:44:50.4255790Z -- TRACY_IGNORE_MEMORY_FAULTS: OFF
2026-08-03T23:44:50.4256030Z -- TRACY_OPENGL_AUTO_CALIBRATION: OFF
2026-08-03T23:44:50.4256240Z -- TRACY_VERBOSE: OFF
2026-08-03T23:44:50.4256440Z -- TRACY_NO_INTERNAL_MESSAGE: OFF
2026-08-03T23:44:50.4256650Z -- TRACY_DEMANGLE: OFF
2026-08-03T23:44:50.4950740Z -- Performing Test HAVE_STDATOMIC
2026-08-03T23:44:50.9219630Z -- Performing Test HAVE_STDATOMIC - Success
2026-08-03T23:44:50.9226210Z -- Found WrapAtomic: TRUE
2026-08-03T23:44:51.2410530Z -- Found OpenGL: /Applications/Xcode_26.3.app/Contents/Developer/Platforms/MacOSX.platform/Developer/SDKs/MacOSX.sdk/System/Library/Frameworks/OpenGL.framework
2026-08-03T23:44:51.2417490Z -- Found WrapOpenGL: TRUE
2026-08-03T23:44:51.2834810Z -- Configuring done (36.3s)
2026-08-03T23:44:52.6517380Z -- Generating done (1.4s)
2026-08-03T23:44:52.6529330Z -- Build files have been written to: /Users/runner/work/KytyPlus/KytyPlus/_Build/macos
2026-08-03T23:44:52.6638500Z ##[group]Run cmake --build _Build/macos --target launcher --parallel
2026-08-03T23:44:52.6638980Z [36;1mcmake --build _Build/macos --target launcher --parallel[0m
2026-08-03T23:44:52.6673810Z shell: /bin/bash --noprofile --norc -e -o pipefail {0}
2026-08-03T23:44:52.6674080Z env:
2026-08-03T23:44:52.6674330Z   pythonLocation: /Users/runner/hostedtoolcache/Python/3.12.10/arm64
2026-08-03T23:44:52.6674900Z   PKG_CONFIG_PATH: /Users/runner/hostedtoolcache/Python/3.12.10/arm64/lib/pkgconfig:/Users/runner/work/KytyPlus/Qt/6.10.3/macos/lib/pkgconfig
2026-08-03T23:44:52.6675480Z   Python_ROOT_DIR: /Users/runner/hostedtoolcache/Python/3.12.10/arm64
2026-08-03T23:44:52.6675870Z   Python2_ROOT_DIR: /Users/runner/hostedtoolcache/Python/3.12.10/arm64
2026-08-03T23:44:52.6676240Z   Python3_ROOT_DIR: /Users/runner/hostedtoolcache/Python/3.12.10/arm64
2026-08-03T23:44:52.6676600Z   QT_ROOT_DIR: /Users/runner/work/KytyPlus/Qt/6.10.3/macos
2026-08-03T23:44:52.6677020Z   QT_PLUGIN_PATH: /Users/runner/work/KytyPlus/Qt/6.10.3/macos/plugins
2026-08-03T23:44:52.6677430Z   QML2_IMPORT_PATH: /Users/runner/work/KytyPlus/Qt/6.10.3/macos/qml
2026-08-03T23:44:52.6677740Z ##[endgroup]
2026-08-03T23:44:52.7480840Z [0/2] Re-checking globbed directories...
2026-08-03T23:44:52.9013150Z [1/716] Generate language specific header for NonSemanticShaderDebugInfo100.
2026-08-03T23:44:52.9121060Z [2/716] Generate language specific header for DebugInfo.
2026-08-03T23:44:52.9225320Z [3/716] Generate language specific header for OpenCLDebugInfo100.
2026-08-03T23:44:52.9889590Z [4/716] Generate grammar tables
2026-08-03T23:44:53.0325060Z [5/716] Update build-version.inc in the SPIRV-Tools build directory (if necessary).
2026-08-03T23:44:53.0611510Z [6/716] Building C object 3rdparty/cpuinfo/CMakeFiles/cpuinfo.dir/src/init.c.o
2026-08-03T23:44:53.1162330Z [7/716] Building C object 3rdparty/cpuinfo/CMakeFiles/cpuinfo.dir/src/cache.c.o
2026-08-03T23:44:53.1166120Z [8/716] Generate tables based on the SPIR-V XML registry.
2026-08-03T23:44:53.1972420Z [9/716] Building C object 3rdparty/cpuinfo/CMakeFiles/cpuinfo.dir/src/api.c.o
2026-08-03T23:44:53.2321720Z [10/716] Building C object 3rdparty/cpuinfo/CMakeFiles/cpuinfo.dir/src/x86/init.c.o
2026-08-03T23:44:53.2423850Z [11/716] Building C object 3rdparty/cpuinfo/CMakeFiles/cpuinfo.dir/deps/clog/src/clog.c.o
2026-08-03T23:44:53.2647100Z [12/716] Building C object 3rdparty/cpuinfo/CMakeFiles/cpuinfo.dir/src/x86/info.c.o
2026-08-03T23:44:53.2857510Z [13/716] Building C object 3rdparty/cpuinfo/CMakeFiles/cpuinfo.dir/src/x86/vendor.c.o
2026-08-03T23:44:53.2959050Z [14/716] Building C object 3rdparty/cpuinfo/CMakeFiles/cpuinfo.dir/src/x86/uarch.c.o
2026-08-03T23:44:53.3389590Z [15/716] Building C object 3rdparty/cpuinfo/CMakeFiles/cpuinfo.dir/src/x86/topology.c.o
2026-08-03T23:44:53.3584340Z [16/716] Building C object 3rdparty/cpuinfo/CMakeFiles/cpuinfo.dir/src/x86/isa.c.o
2026-08-03T23:44:53.4081260Z [17/716] Building C object 3rdparty/cpuinfo/CMakeFiles/cpuinfo.dir/src/x86/cache/init.c.o
2026-08-03T23:44:53.4184880Z [18/716] Building C object 3rdparty/cpuinfo/CMakeFiles/cpuinfo.dir/src/x86/cache/descriptor.c.o
2026-08-03T23:44:53.4588280Z [19/716] Building C object 3rdparty/cpuinfo/CMakeFiles/cpuinfo.dir/src/x86/name.c.o
2026-08-03T23:44:53.4691300Z [20/716] Building C object 3rdparty/cpuinfo/CMakeFiles/cpuinfo.dir/src/x86/cache/deterministic.c.o
2026-08-03T23:44:53.4792680Z [21/716] Generating include/SDL2/SDL.h
2026-08-03T23:44:53.4999510Z [22/716] Generating include/SDL2/SDL_assert.h
2026-08-03T23:44:53.5100050Z [23/716] Generating include/SDL2/SDL_atomic.h
2026-08-03T23:44:53.5212480Z [24/716] Building C object 3rdparty/cpuinfo/CMakeFiles/cpuinfo.dir/src/mach/topology.c.o
2026-08-03T23:44:53.5327660Z [25/716] Building C object 3rdparty/cpuinfo/CMakeFiles/cpuinfo.dir/src/x86/mach/init.c.o
2026-08-03T23:44:53.5429910Z [26/716] Generating include/SDL2/SDL_audio.h
2026-08-03T23:44:53.5531370Z [27/716] Generating include/SDL2/SDL_bits.h
2026-08-03T23:44:53.5650690Z [28/716] Generating include/SDL2/SDL_blendmode.h
2026-08-03T23:44:53.5754870Z [29/716] Generating include/SDL2/SDL_clipboard.h
2026-08-03T23:44:53.5859180Z [30/716] Generating include/SDL2/SDL_copying.h
2026-08-03T23:44:53.5960530Z [31/716] Generating include/SDL2/SDL_cpuinfo.h
2026-08-03T23:44:53.6063180Z [32/716] Generating include/SDL2/SDL_egl.h
2026-08-03T23:44:53.6164590Z [33/716] Generating include/SDL2/SDL_endian.h
2026-08-03T23:44:53.6271070Z [34/716] Generating include/SDL2/SDL_error.h
2026-08-03T23:44:53.6375970Z [35/716] Generating include/SDL2/SDL_events.h
2026-08-03T23:44:53.6479980Z [36/716] Generating include/SDL2/SDL_filesystem.h
2026-08-03T23:44:53.6582990Z [37/716] Generating include/SDL2/SDL_gamecontroller.h
2026-08-03T23:44:53.6684390Z [38/716] Generating include/SDL2/SDL_gesture.h
2026-08-03T23:44:53.6785100Z [39/716] Generating include/SDL2/SDL_guid.h
2026-08-03T23:44:53.6886750Z [40/716] Generating include/SDL2/SDL_haptic.h
2026-08-03T23:44:53.6989800Z [41/716] Generating include/SDL2/SDL_hints.h
2026-08-03T23:44:53.7114320Z [42/716] Generating include/SDL2/SDL_hidapi.h
2026-08-03T23:44:53.7215560Z [43/716] Generating include/SDL2/SDL_joystick.h
2026-08-03T23:44:53.7316140Z [44/716] Generating include/SDL2/SDL_keyboard.h
2026-08-03T23:44:53.7426910Z [45/716] Generating include/SDL2/SDL_keycode.h
2026-08-03T23:44:53.7531240Z [46/716] Generating include/SDL2/SDL_loadso.h
2026-08-03T23:44:53.7666460Z [47/716] Generating include/SDL2/SDL_log.h
2026-08-03T23:44:53.7667370Z [48/716] Generating include/SDL2/SDL_locale.h
2026-08-03T23:44:53.7772270Z [49/716] Generating include/SDL2/SDL_main.h
2026-08-03T23:44:53.7879120Z [50/716] Generating include/SDL2/SDL_messagebox.h
2026-08-03T23:44:53.7981540Z [51/716] Generating include/SDL2/SDL_metal.h
2026-08-03T23:44:53.7994740Z [52/716] Generating include/SDL2/SDL_misc.h
2026-08-03T23:44:53.8069750Z [53/716] Generating include/SDL2/SDL_mouse.h
2026-08-03T23:44:53.8107350Z [54/716] Generating include/SDL2/SDL_mutex.h
2026-08-03T23:44:53.8123700Z [55/716] Generating include/SDL2/SDL_name.h
2026-08-03T23:44:53.8135800Z [56/716] Generating include/SDL2/SDL_opengl.h
2026-08-03T23:44:53.8154290Z [57/716] Generating include/SDL2/SDL_opengl_glext.h
2026-08-03T23:44:53.8164870Z [58/716] Generating include/SDL2/SDL_opengles.h
2026-08-03T23:44:53.8253470Z [59/716] Generating include/SDL2/SDL_opengles2.h
2026-08-03T23:44:53.8257200Z [60/716] Generating include/SDL2/SDL_opengles2_gl2.h
2026-08-03T23:44:53.8277430Z [61/716] Generating include/SDL2/SDL_opengles2_gl2ext.h
2026-08-03T23:44:53.8305840Z [62/716] Generating include/SDL2/SDL_opengles2_gl2platform.h
2026-08-03T23:44:53.8321250Z [63/716] Generating include/SDL2/SDL_opengles2_khrplatform.h
2026-08-03T23:44:53.8393700Z [64/716] Generating include/SDL2/SDL_pixels.h
2026-08-03T23:44:53.8419070Z [65/716] Generating include/SDL2/SDL_platform.h
2026-08-03T23:44:53.8444050Z [66/716] Generating include/SDL2/SDL_power.h
2026-08-03T23:44:53.8484210Z [67/716] Generating include/SDL2/SDL_quit.h
2026-08-03T23:44:53.8497320Z [68/716] Generating include/SDL2/SDL_rect.h
2026-08-03T23:44:53.8578140Z [69/716] Generating include/SDL2/SDL_render.h
2026-08-03T23:44:53.8579280Z [70/716] Generating include/SDL2/SDL_rwops.h
2026-08-03T23:44:53.8579740Z [71/716] Generating include/SDL2/SDL_scancode.h
2026-08-03T23:44:53.8580110Z [72/716] Generating include/SDL2/SDL_sensor.h
2026-08-03T23:44:53.8580600Z [73/716] Generating include/SDL2/SDL_shape.h
2026-08-03T23:44:53.8582090Z [74/716] Generating include/SDL2/SDL_stdinc.h
2026-08-03T23:44:53.8607020Z [75/716] Generating include/SDL2/SDL_surface.h
2026-08-03T23:44:53.8645060Z [76/716] Generating include/SDL2/SDL_system.h
2026-08-03T23:44:53.8747500Z [77/716] Generating include/SDL2/SDL_syswm.h
2026-08-03T23:44:53.8779560Z [78/716] Generating include/SDL2/SDL_test.h
2026-08-03T23:44:53.8882740Z [79/716] Generating include/SDL2/SDL_test_assert.h
2026-08-03T23:44:53.8983950Z [80/716] Generating include/SDL2/SDL_test_common.h
2026-08-03T23:44:53.9095130Z [81/716] Generating include/SDL2/SDL_test_compare.h
2026-08-03T23:44:53.9197490Z [82/716] Generating include/SDL2/SDL_test_crc32.h
2026-08-03T23:44:53.9298660Z [83/716] Generating include/SDL2/SDL_test_font.h
2026-08-03T23:44:53.9403830Z [84/716] Generating include/SDL2/SDL_test_fuzzer.h
2026-08-03T23:44:53.9506550Z [85/716] Generating include/SDL2/SDL_test_harness.h
2026-08-03T23:44:53.9608290Z [86/716] Generating include/SDL2/SDL_test_log.h
2026-08-03T23:44:53.9712950Z [87/716] Generating include/SDL2/SDL_test_images.h
2026-08-03T23:44:53.9814280Z [88/716] Generating include/SDL2/SDL_test_md5.h
2026-08-03T23:44:53.9915800Z [89/716] Generating include/SDL2/SDL_test_memory.h
2026-08-03T23:44:54.0017100Z [90/716] Generating include/SDL2/SDL_test_random.h
2026-08-03T23:44:54.0118430Z [91/716] Generating include/SDL2/SDL_thread.h
2026-08-03T23:44:54.0219660Z [92/716] Generating include/SDL2/SDL_timer.h
2026-08-03T23:44:54.0321310Z [93/716] Generating include/SDL2/SDL_touch.h
2026-08-03T23:44:54.0422600Z [94/716] Generating include/SDL2/SDL_types.h
2026-08-03T23:44:54.0534470Z [95/716] Generating include/SDL2/SDL_video.h
2026-08-03T23:44:54.0601470Z [96/716] Generating include/SDL2/SDL_version.h
2026-08-03T23:44:54.0602340Z [97/716] Generating include/SDL2/SDL_vulkan.h
2026-08-03T23:44:54.0605350Z [98/716] Generating include/SDL2/begin_code.h
2026-08-03T23:44:54.0605970Z [99/716] Generating include/SDL2/close_code.h
2026-08-03T23:44:54.1637880Z [100/716] Building CXX object 3rdparty/fmt/CMakeFiles/fmt.dir/src/os.cc.o
2026-08-03T23:44:55.4593410Z [101/716] Building CXX object 3rdparty/SPIRV-Tools/source/CMakeFiles/SPIRV-Tools-static.dir/assembly_grammar.cpp.o
2026-08-03T23:44:55.4899510Z [102/716] Building CXX object 3rdparty/SPIRV-Tools/source/CMakeFiles/SPIRV-Tools-static.dir/util/string_utils.cpp.o
2026-08-03T23:44:55.6004610Z [103/716] Building CXX object 3rdparty/SPIRV-Tools/source/CMakeFiles/SPIRV-Tools-static.dir/util/bit_vector.cpp.o
2026-08-03T23:44:56.9104140Z [104/716] Building CXX object 3rdparty/SPIRV-Tools/source/CMakeFiles/SPIRV-Tools-static.dir/util/parse_number.cpp.o
2026-08-03T23:44:57.3766300Z [105/716] Building CXX object 3rdparty/SPIRV-Tools/source/CMakeFiles/SPIRV-Tools-static.dir/diagnostic.cpp.o
2026-08-03T23:44:58.7343890Z [106/716] Building CXX object 3rdparty/SPIRV-Tools/source/CMakeFiles/SPIRV-Tools-static.dir/ext_inst.cpp.o
2026-08-03T23:44:59.1574000Z [107/716] Building CXX object 3rdparty/SPIRV-Tools/source/CMakeFiles/SPIRV-Tools-static.dir/binary.cpp.o
2026-08-03T23:44:59.1875530Z [108/716] Building CXX object 3rdparty/fmt/CMakeFiles/fmt.dir/src/format.cc.o
2026-08-03T23:44:59.6313950Z [109/716] Building CXX object 3rdparty/SPIRV-Tools/source/CMakeFiles/SPIRV-Tools-static.dir/extensions.cpp.o
2026-08-03T23:45:00.1364230Z [110/716] Building CXX object 3rdparty/SPIRV-Tools/source/CMakeFiles/SPIRV-Tools-static.dir/disassemble.cpp.o
2026-08-03T23:45:00.2970730Z [111/716] Building CXX object 3rdparty/SPIRV-Tools/source/CMakeFiles/SPIRV-Tools-static.dir/libspirv.cpp.o
2026-08-03T23:45:00.3974960Z [112/716] Building CXX object 3rdparty/SPIRV-Tools/source/CMakeFiles/SPIRV-Tools-static.dir/opcode.cpp.o
2026-08-03T23:45:00.4377260Z [113/716] Building CXX object 3rdparty/SPIRV-Tools/source/CMakeFiles/SPIRV-Tools-static.dir/software_version.cpp.o
2026-08-03T23:45:00.4812950Z [114/716] Building CXX object 3rdparty/SPIRV-Tools/source/CMakeFiles/SPIRV-Tools-static.dir/spirv_endian.cpp.o
2026-08-03T23:45:01.1535630Z [115/716] Building CXX object 3rdparty/SPIRV-Tools/source/CMakeFiles/SPIRV-Tools-static.dir/spirv_fuzzer_options.cpp.o
2026-08-03T23:45:01.2240020Z [116/716] Building CXX object 3rdparty/SPIRV-Tools/source/CMakeFiles/SPIRV-Tools-static.dir/spirv_optimizer_options.cpp.o
2026-08-03T23:45:01.4927430Z [117/716] Building CXX object 3rdparty/SPIRV-Tools/source/CMakeFiles/SPIRV-Tools-static.dir/name_mapper.cpp.o
2026-08-03T23:45:01.5432590Z [118/716] Building CXX object 3rdparty/SPIRV-Tools/source/CMakeFiles/SPIRV-Tools-static.dir/print.cpp.o
2026-08-03T23:45:01.5997270Z [119/716] Building CXX object 3rdparty/SPIRV-Tools/source/CMakeFiles/SPIRV-Tools-static.dir/spirv_validator_options.cpp.o
2026-08-03T23:45:01.8275070Z [120/716] Building CXX object 3rdparty/SPIRV-Tools/source/CMakeFiles/SPIRV-Tools-static.dir/parsed_operand.cpp.o
2026-08-03T23:45:01.8708400Z [121/716] Building CXX object 3rdparty/SPIRV-Tools/source/CMakeFiles/SPIRV-Tools-static.dir/operand.cpp.o
2026-08-03T23:45:02.0519750Z [122/716] Building CXX object 3rdparty/SPIRV-Tools/source/CMakeFiles/SPIRV-Tools-static.dir/spirv_reducer_options.cpp.o
2026-08-03T23:45:02.5743570Z [123/716] Building CXX object 3rdparty/SPIRV-Tools/source/CMakeFiles/SPIRV-Tools-static.dir/table.cpp.o
2026-08-03T23:45:02.6264730Z [124/716] Building CXX object 3rdparty/SPIRV-Tools/source/CMakeFiles/SPIRV-Tools-static.dir/spirv_target_env.cpp.o
2026-08-03T23:45:03.2486460Z [125/716] Building CXX object 3rdparty/SPIRV-Tools/source/CMakeFiles/SPIRV-Tools-static.dir/to_string.cpp.o
2026-08-03T23:45:03.4323960Z [126/716] Building CXX object 3rdparty/SPIRV-Tools/source/CMakeFiles/SPIRV-Tools-static.dir/table2.cpp.o
2026-08-03T23:45:04.2161480Z [127/716] Building CXX object 3rdparty/SPIRV-Tools/source/CMakeFiles/SPIRV-Tools-static.dir/text.cpp.o
2026-08-03T23:45:04.7610080Z [128/716] Building CXX object 3rdparty/SPIRV-Tools/source/CMakeFiles/SPIRV-Tools-static.dir/text_handler.cpp.o
2026-08-03T23:45:05.4840240Z [129/716] Building CXX object 3rdparty/SPIRV-Tools/source/CMakeFiles/SPIRV-Tools-static.dir/val/validate_adjacency.cpp.o
2026-08-03T23:45:06.4316670Z [130/716] Building CXX object 3rdparty/SPIRV-Tools/source/CMakeFiles/SPIRV-Tools-static.dir/val/validate_annotation.cpp.o
2026-08-03T23:45:06.6452790Z [131/716] Building CXX object 3rdparty/SPIRV-Tools/source/CMakeFiles/SPIRV-Tools-static.dir/val/validate.cpp.o
2026-08-03T23:45:07.1101180Z [132/716] Building CXX object 3rdparty/SPIRV-Tools/source/CMakeFiles/SPIRV-Tools-static.dir/val/validate_arithmetics.cpp.o
2026-08-03T23:45:07.3028390Z [133/716] Building CXX object 3rdparty/SPIRV-Tools/source/CMakeFiles/SPIRV-Tools-static.dir/val/validate_atomics.cpp.o
2026-08-03T23:45:08.2420220Z [134/716] Building CXX object 3rdparty/SPIRV-Tools/source/CMakeFiles/SPIRV-Tools-static.dir/val/validate_barriers.cpp.o
2026-08-03T23:45:09.2142610Z [135/716] Building CXX object 3rdparty/SPIRV-Tools/source/CMakeFiles/SPIRV-Tools-static.dir/val/validate_bitwise.cpp.o
2026-08-03T23:45:09.9047900Z [136/716] Building CXX object 3rdparty/SPIRV-Tools/source/CMakeFiles/SPIRV-Tools-static.dir/val/validate_capability.cpp.o
2026-08-03T23:45:10.9666330Z [137/716] Building CXX object 3rdparty/SPIRV-Tools/source/CMakeFiles/SPIRV-Tools-static.dir/val/validate_composites.cpp.o
2026-08-03T23:45:11.5123520Z [138/716] Building CXX object 3rdparty/SPIRV-Tools/source/CMakeFiles/SPIRV-Tools-static.dir/val/validate_constants.cpp.o
2026-08-03T23:45:12.1772700Z [139/716] Building CXX object 3rdparty/SPIRV-Tools/source/CMakeFiles/SPIRV-Tools-static.dir/val/validate_conversion.cpp.o
2026-08-03T23:45:12.7235120Z [140/716] Building CXX object 3rdparty/SPIRV-Tools/source/CMakeFiles/SPIRV-Tools-static.dir/val/validate_cfg.cpp.o
2026-08-03T23:45:12.9443490Z [141/716] Building CXX object 3rdparty/SPIRV-Tools/source/CMakeFiles/SPIRV-Tools-static.dir/val/validate_debug.cpp.o
2026-08-03T23:45:14.2985550Z [142/716] Building CXX object 3rdparty/SPIRV-Tools/source/CMakeFiles/SPIRV-Tools-static.dir/val/validate_derivatives.cpp.o
2026-08-03T23:45:14.9046680Z [143/716] Building CXX object 3rdparty/SPIRV-Tools/source/CMakeFiles/SPIRV-Tools-static.dir/val/validate_execution_limitations.cpp.o
2026-08-03T23:45:16.6374630Z [144/716] Building CXX object 3rdparty/SPIRV-Tools/source/CMakeFiles/SPIRV-Tools-static.dir/val/validate_function.cpp.o
2026-08-03T23:45:17.0189230Z [145/716] Building CXX object 3rdparty/SPIRV-Tools/source/CMakeFiles/SPIRV-Tools-static.dir/val/validate_extensions.cpp.o
2026-08-03T23:45:17.2118640Z [146/716] Building CXX object 3rdparty/SPIRV-Tools/source/CMakeFiles/SPIRV-Tools-static.dir/val/validate_decorations.cpp.o
2026-08-03T23:45:17.6579090Z [147/716] Building CXX object 3rdparty/SPIRV-Tools/source/CMakeFiles/SPIRV-Tools-static.dir/val/validate_graph.cpp.o
2026-08-03T23:45:19.9425900Z [148/716] Building CXX object 3rdparty/SPIRV-Tools/source/CMakeFiles/SPIRV-Tools-static.dir/val/validate_id.cpp.o
2026-08-03T23:45:20.5773560Z [149/716] Building CXX object 3rdparty/SPIRV-Tools/source/CMakeFiles/SPIRV-Tools-static.dir/val/validate_builtins.cpp.o
2026-08-03T23:45:21.3763040Z [150/716] Building CXX object 3rdparty/SPIRV-Tools/source/CMakeFiles/SPIRV-Tools-static.dir/val/validate_image.cpp.o
2026-08-03T23:45:21.5873100Z [151/716] Building CXX object 3rdparty/SPIRV-Tools/source/CMakeFiles/SPIRV-Tools-static.dir/val/validate_instruction.cpp.o
2026-08-03T23:45:21.8609750Z [152/716] Building CXX object 3rdparty/SPIRV-Tools/source/CMakeFiles/SPIRV-Tools-static.dir/val/validate_interfaces.cpp.o
2026-08-03T23:45:22.8004130Z [153/716] Building CXX object 3rdparty/SPIRV-Tools/source/CMakeFiles/SPIRV-Tools-static.dir/val/validate_layout.cpp.o
2026-08-03T23:45:23.1221020Z [154/716] Building CXX object 3rdparty/SPIRV-Tools/source/CMakeFiles/SPIRV-Tools-static.dir/val/validate_literals.cpp.o
2026-08-03T23:45:23.9689440Z [155/716] Building CXX object 3rdparty/SPIRV-Tools/source/CMakeFiles/SPIRV-Tools-static.dir/val/validate_logicals.cpp.o
2026-08-03T23:45:24.4393140Z [156/716] Building CXX object 3rdparty/SPIRV-Tools/source/CMakeFiles/SPIRV-Tools-static.dir/val/validate_memory_semantics.cpp.o
2026-08-03T23:45:25.4683180Z [157/716] Building CXX object 3rdparty/SPIRV-Tools/source/CMakeFiles/SPIRV-Tools-static.dir/val/validate_mesh_shading.cpp.o
2026-08-03T23:45:25.6692720Z [158/716] Building CXX object 3rdparty/SPIRV-Tools/source/CMakeFiles/SPIRV-Tools-static.dir/val/validate_misc.cpp.o
2026-08-03T23:45:26.0281640Z [159/716] Building CXX object 3rdparty/SPIRV-Tools/source/CMakeFiles/SPIRV-Tools-static.dir/val/validate_memory.cpp.o
2026-08-03T23:45:26.7471770Z [160/716] Building CXX object 3rdparty/SPIRV-Tools/source/CMakeFiles/SPIRV-Tools-static.dir/val/validate_non_uniform.cpp.o
2026-08-03T23:45:27.4123500Z [161/716] Building CXX object 3rdparty/SPIRV-Tools/source/CMakeFiles/SPIRV-Tools-static.dir/val/validate_mode_setting.cpp.o
2026-08-03T23:45:27.4805200Z [162/716] Building CXX object 3rdparty/SPIRV-Tools/source/CMakeFiles/SPIRV-Tools-static.dir/val/validate_primitives.cpp.o
2026-08-03T23:45:27.8440870Z [163/716] Building CXX object 3rdparty/SPIRV-Tools/source/CMakeFiles/SPIRV-Tools-static.dir/val/validate_ray_query.cpp.o
2026-08-03T23:45:28.3080480Z [164/716] Building CXX object 3rdparty/SPIRV-Tools/source/CMakeFiles/SPIRV-Tools-static.dir/val/validate_ray_tracing.cpp.o
2026-08-03T23:45:29.2309470Z [165/716] Building CXX object 3rdparty/SPIRV-Tools/source/CMakeFiles/SPIRV-Tools-static.dir/val/validate_ray_tracing_reorder.cpp.o
2026-08-03T23:45:29.6477510Z [166/716] Building CXX object 3rdparty/SPIRV-Tools/source/CMakeFiles/SPIRV-Tools-static.dir/val/validate_small_type_uses.cpp.o
2026-08-03T23:45:30.0619970Z [167/716] Building CXX object 3rdparty/SPIRV-Tools/source/CMakeFiles/SPIRV-Tools-static.dir/val/validate_tensor_layout.cpp.o
2026-08-03T23:45:30.2538330Z [168/716] Building CXX object 3rdparty/SPIRV-Tools/source/CMakeFiles/SPIRV-Tools-static.dir/val/validate_scopes.cpp.o
2026-08-03T23:45:30.8307300Z [169/716] Building CXX object 3rdparty/SPIRV-Tools/source/CMakeFiles/SPIRV-Tools-static.dir/val/validate_tensor.cpp.o
2026-08-03T23:45:31.7917180Z [170/716] Building CXX object 3rdparty/SPIRV-Tools/source/CMakeFiles/SPIRV-Tools-static.dir/val/basic_block.cpp.o
2026-08-03T23:45:32.2807700Z [171/716] Building CXX object 3rdparty/SPIRV-Tools/source/CMakeFiles/SPIRV-Tools-static.dir/val/validate_invalid_type.cpp.o
2026-08-03T23:45:32.8966310Z [172/716] Building CXX object 3rdparty/SPIRV-Tools/source/CMakeFiles/SPIRV-Tools-static.dir/val/construct.cpp.o
2026-08-03T23:45:33.0690500Z [173/716] Building CXX object 3rdparty/SPIRV-Tools/source/CMakeFiles/SPIRV-Tools-static.dir/val/instruction.cpp.o
2026-08-03T23:45:33.1229150Z [174/716] Building CXX object 3rdparty/SPIRV-Tools/source/CMakeFiles/SPIRV-Tools-static.dir/val/validate_type.cpp.o
2026-08-03T23:45:35.0532650Z [175/716] Building CXX object 3rdparty/SPIRV-Tools/source/CMakeFiles/SPIRV-Tools-static.dir/val/function.cpp.o
2026-08-03T23:45:35.3449460Z [176/716] Linking CXX static library 3rdparty/fmt/libfmt.a
2026-08-03T23:45:35.5561150Z [177/716] Building CXX object 3rdparty/spdlog/CMakeFiles/spdlog.dir/src/stdout_sinks.cpp.o
2026-08-03T23:45:36.9997680Z [178/716] Building CXX object 3rdparty/spdlog/CMakeFiles/spdlog.dir/src/file_sinks.cpp.o
2026-08-03T23:45:37.2005450Z [179/716] Building CXX object 3rdparty/spdlog/CMakeFiles/spdlog.dir/src/color_sinks.cpp.o
2026-08-03T23:45:37.5140720Z [180/716] Building CXX object 3rdparty/spdlog/CMakeFiles/spdlog.dir/src/async.cpp.o
2026-08-03T23:45:37.6546440Z [181/716] Building C object 3rdparty/CMakeFiles/LibAtrac9.dir/LibAtrac9/C/src/band_extension.c.o
2026-08-03T23:45:37.7274160Z [182/716] Building C object 3rdparty/CMakeFiles/LibAtrac9.dir/LibAtrac9/C/src/bit_allocation.c.o
2026-08-03T23:45:37.7874890Z [183/716] Building C object 3rdparty/CMakeFiles/LibAtrac9.dir/LibAtrac9/C/src/bit_reader.c.o
2026-08-03T23:45:37.8699130Z [184/716] Building C object 3rdparty/CMakeFiles/LibAtrac9.dir/LibAtrac9/C/src/decinit.c.o
2026-08-03T23:45:37.9903140Z [185/716] Building C object 3rdparty/CMakeFiles/LibAtrac9.dir/LibAtrac9/C/src/decoder.c.o
2026-08-03T23:45:38.0578250Z [186/716] Building C object 3rdparty/CMakeFiles/LibAtrac9.dir/LibAtrac9/C/src/huffCodes.c.o
2026-08-03T23:45:38.1481270Z [187/716] Building C object 3rdparty/CMakeFiles/LibAtrac9.dir/LibAtrac9/C/src/imdct.c.o
2026-08-03T23:45:38.2083330Z [188/716] Building C object 3rdparty/CMakeFiles/LibAtrac9.dir/LibAtrac9/C/src/libatrac9.c.o
2026-08-03T23:45:38.2786560Z [189/716] Building C object 3rdparty/CMakeFiles/LibAtrac9.dir/LibAtrac9/C/src/quantization.c.o
2026-08-03T23:45:38.3688690Z [190/716] Building C object 3rdparty/CMakeFiles/LibAtrac9.dir/LibAtrac9/C/src/scale_factors.c.o
2026-08-03T23:45:38.4089530Z [191/716] Building C object 3rdparty/CMakeFiles/LibAtrac9.dir/LibAtrac9/C/src/tables.c.o
2026-08-03T23:45:38.5497230Z [192/716] Building C object 3rdparty/CMakeFiles/LibAtrac9.dir/LibAtrac9/C/src/unpack.c.o
2026-08-03T23:45:38.5999100Z [193/716] Building C object 3rdparty/CMakeFiles/LibAtrac9.dir/LibAtrac9/C/src/utility.c.o
2026-08-03T23:45:38.6801980Z [194/716] Linking C static library 3rdparty/cpuinfo/libcpuinfo.a
2026-08-03T23:45:39.0875260Z [195/716] Building C object 3rdparty/SDL2/CMakeFiles/SDL2-static.dir/src/SDL.c.o
2026-08-03T23:45:39.3048360Z [196/716] Building C object 3rdparty/SDL2/CMakeFiles/SDL2-static.dir/src/SDL_assert.c.o
2026-08-03T23:45:39.4257930Z [197/716] Building CXX object 3rdparty/spdlog/CMakeFiles/spdlog.dir/src/cfg.cpp.o
2026-08-03T23:45:39.4658020Z [198/716] Building C object 3rdparty/SDL2/CMakeFiles/SDL2-static.dir/src/SDL_dataqueue.c.o
2026-08-03T23:45:39.4859550Z [199/716] Building C object 3rdparty/SDL2/CMakeFiles/SDL2-static.dir/src/SDL_error.c.o
2026-08-03T23:45:39.5319540Z [200/716] Building C object 3rdparty/SDL2/CMakeFiles/SDL2-static.dir/src/SDL_guid.c.o
2026-08-03T23:45:39.5562170Z [201/716] Building C object 3rdparty/SDL2/CMakeFiles/SDL2-static.dir/src/SDL_hints.c.o
2026-08-03T23:45:39.6525800Z [202/716] Building C object 3rdparty/SDL2/CMakeFiles/SDL2-static.dir/src/SDL_log.c.o
2026-08-03T23:45:39.6967470Z [203/716] Building C object 3rdparty/SDL2/CMakeFiles/SDL2-static.dir/src/SDL_list.c.o
2026-08-03T23:45:39.7189560Z [204/716] Building C object 3rdparty/SDL2/CMakeFiles/SDL2-static.dir/src/SDL_utils.c.o
2026-08-03T23:45:39.7591650Z [205/716] Building C object 3rdparty/SDL2/CMakeFiles/SDL2-static.dir/src/atomic/SDL_atomic.c.o
2026-08-03T23:45:39.7741430Z [206/716] Building C object 3rdparty/SDL2/CMakeFiles/SDL2-static.dir/src/atomic/SDL_spinlock.c.o
2026-08-03T23:45:40.0467710Z [207/716] Building CXX object 3rdparty/SPIRV-Tools/source/CMakeFiles/SPIRV-Tools-static.dir/val/validation_state.cpp.o
2026-08-03T23:45:40.1171490Z [208/716] Building C object 3rdparty/SDL2/CMakeFiles/SDL2-static.dir/src/audio/SDL_audiodev.c.o
2026-08-03T23:45:40.1272250Z [209/716] Building C object 3rdparty/SDL2/CMakeFiles/SDL2-static.dir/src/audio/SDL_audio.c.o
2026-08-03T23:45:40.2991160Z [210/716] Building CXX object 3rdparty/spdlog/CMakeFiles/spdlog.dir/src/spdlog.cpp.o
2026-08-03T23:45:40.3092750Z [211/716] Building C object 3rdparty/SDL2/CMakeFiles/SDL2-static.dir/src/audio/SDL_mixer.c.o
2026-08-03T23:45:40.3894590Z [212/716] Building C object 3rdparty/SDL2/CMakeFiles/SDL2-static.dir/src/audio/SDL_audiotypecvt.c.o
2026-08-03T23:45:40.4797060Z [213/716] Building C object 3rdparty/SDL2/CMakeFiles/SDL2-static.dir/src/cpuinfo/SDL_cpuinfo.c.o
2026-08-03T23:45:40.5403780Z [214/716] Building C object 3rdparty/SDL2/CMakeFiles/SDL2-static.dir/src/audio/SDL_wave.c.o
2026-08-03T23:45:40.5705770Z [215/716] Building C object 3rdparty/SDL2/CMakeFiles/SDL2-static.dir/src/events/SDL_clipboardevents.c.o
2026-08-03T23:45:40.6133280Z [216/716] Building C object 3rdparty/SDL2/CMakeFiles/SDL2-static.dir/src/events/SDL_displayevents.c.o
2026-08-03T23:45:40.6507260Z [217/716] Building C object 3rdparty/SDL2/CMakeFiles/SDL2-static.dir/src/events/SDL_dropevents.c.o
2026-08-03T23:45:40.6859340Z [218/716] Building C object 3rdparty/SDL2/CMakeFiles/SDL2-static.dir/src/audio/SDL_audiocvt.c.o
2026-08-03T23:45:40.8386580Z [219/716] Building C object 3rdparty/SDL2/CMakeFiles/SDL2-static.dir/src/events/SDL_keyboard.c.o
2026-08-03T23:45:40.8486520Z [220/716] Building C object 3rdparty/SDL2/CMakeFiles/SDL2-static.dir/src/events/SDL_gesture.c.o
2026-08-03T23:45:40.9090560Z [221/716] Building C object 3rdparty/SDL2/CMakeFiles/SDL2-static.dir/src/events/SDL_keysym_to_scancode.c.o
2026-08-03T23:45:40.9994560Z [222/716] Building C object 3rdparty/SDL2/CMakeFiles/SDL2-static.dir/src/events/SDL_quit.c.o
2026-08-03T23:45:41.0615490Z [223/716] Building C object 3rdparty/SDL2/CMakeFiles/SDL2-static.dir/src/events/SDL_scancode_tables.c.o
2026-08-03T23:45:41.1769410Z [224/716] Building C object 3rdparty/SDL2/CMakeFiles/SDL2-static.dir/src/events/SDL_mouse.c.o
2026-08-03T23:45:41.1870900Z [225/716] Building C object 3rdparty/SDL2/CMakeFiles/SDL2-static.dir/src/events/SDL_touch.c.o
2026-08-03T23:45:41.2375700Z [226/716] Building C object 3rdparty/SDL2/CMakeFiles/SDL2-static.dir/src/events/SDL_events.c.o
2026-08-03T23:45:41.2678610Z [227/716] Building C object 3rdparty/SDL2/CMakeFiles/SDL2-static.dir/src/events/imKStoUCS.c.o
2026-08-03T23:45:41.2931800Z [228/716] Building C object 3rdparty/SDL2/CMakeFiles/SDL2-static.dir/src/events/SDL_windowevents.c.o
2026-08-03T23:45:41.3737050Z [229/716] Building C object 3rdparty/SDL2/CMakeFiles/SDL2-static.dir/src/file/SDL_rwops.c.o
2026-08-03T23:45:41.4847960Z [230/716] Building C object 3rdparty/SDL2/CMakeFiles/SDL2-static.dir/src/haptic/SDL_haptic.c.o
2026-08-03T23:45:41.7354930Z [231/716] Building C object 3rdparty/SDL2/CMakeFiles/SDL2-static.dir/src/hidapi/SDL_hidapi.c.o
2026-08-03T23:45:41.8056420Z [232/716] Building C object 3rdparty/SDL2/CMakeFiles/SDL2-static.dir/src/joystick/SDL_steam_virtual_gamepad.c.o
2026-08-03T23:45:41.8762420Z [233/716] Building C object 3rdparty/SDL2/CMakeFiles/SDL2-static.dir/src/joystick/controller_type.c.o
2026-08-03T23:45:41.9265690Z [234/716] Building C object 3rdparty/SDL2/CMakeFiles/SDL2-static.dir/src/libm/e_atan2.c.o
2026-08-03T23:45:41.9869420Z [235/716] Building C object 3rdparty/SDL2/CMakeFiles/SDL2-static.dir/src/libm/e_exp.c.o
2026-08-03T23:45:42.0087440Z [236/716] Building C object 3rdparty/SDL2/CMakeFiles/SDL2-static.dir/src/joystick/SDL_gamecontroller.c.o
2026-08-03T23:45:42.0793010Z [237/716] Building C object 3rdparty/SDL2/CMakeFiles/SDL2-static.dir/src/libm/e_fmod.c.o
2026-08-03T23:45:42.0894250Z [238/716] Building C object 3rdparty/SDL2/CMakeFiles/SDL2-static.dir/src/libm/e_log.c.o
2026-08-03T23:45:42.1293630Z [239/716] Building C object 3rdparty/SDL2/CMakeFiles/SDL2-static.dir/src/libm/e_log10.c.o
2026-08-03T23:45:42.1494050Z [240/716] Building C object 3rdparty/SDL2/CMakeFiles/SDL2-static.dir/src/libm/e_pow.c.o
2026-08-03T23:45:42.1895500Z [241/716] Building C object 3rdparty/SDL2/CMakeFiles/SDL2-static.dir/src/libm/e_rem_pio2.c.o
2026-08-03T23:45:42.2196750Z [242/716] Building C object 3rdparty/SDL2/CMakeFiles/SDL2-static.dir/src/libm/e_sqrt.c.o
2026-08-03T23:45:42.2398540Z [243/716] Building C object 3rdparty/SDL2/CMakeFiles/SDL2-static.dir/src/libm/k_cos.c.o
2026-08-03T23:45:42.2901280Z [244/716] Building C object 3rdparty/SDL2/CMakeFiles/SDL2-static.dir/src/libm/k_sin.c.o
2026-08-03T23:45:42.3096500Z [245/716] Building C object 3rdparty/SDL2/CMakeFiles/SDL2-static.dir/src/libm/k_rem_pio2.c.o
2026-08-03T23:45:42.3512080Z [246/716] Building C object 3rdparty/SDL2/CMakeFiles/SDL2-static.dir/src/libm/k_tan.c.o
2026-08-03T23:45:42.3613520Z [247/716] Building C object 3rdparty/SDL2/CMakeFiles/SDL2-static.dir/src/libm/s_atan.c.o
2026-08-03T23:45:42.4114100Z [248/716] Building C object 3rdparty/SDL2/CMakeFiles/SDL2-static.dir/src/libm/s_copysign.c.o
2026-08-03T23:45:42.4347040Z [249/716] Building C object 3rdparty/SDL2/CMakeFiles/SDL2-static.dir/src/libm/s_cos.c.o
2026-08-03T23:45:42.4750100Z [250/716] Building C object 3rdparty/SDL2/CMakeFiles/SDL2-static.dir/src/libm/s_fabs.c.o
2026-08-03T23:45:42.4851640Z [251/716] Building C object 3rdparty/SDL2/CMakeFiles/SDL2-static.dir/src/libm/s_floor.c.o
2026-08-03T23:45:42.5275800Z [252/716] Building C object 3rdparty/SDL2/CMakeFiles/SDL2-static.dir/src/libm/s_scalbn.c.o
2026-08-03T23:45:42.5479790Z [253/716] Building C object 3rdparty/SDL2/CMakeFiles/SDL2-static.dir/src/libm/s_sin.c.o
2026-08-03T23:45:42.6013180Z [254/716] Building C object 3rdparty/SDL2/CMakeFiles/SDL2-static.dir/src/joystick/SDL_joystick.c.o
2026-08-03T23:45:42.6114850Z [255/716] Building C object 3rdparty/SDL2/CMakeFiles/SDL2-static.dir/src/libm/s_tan.c.o
2026-08-03T23:45:42.6211090Z [256/716] Building C object 3rdparty/SDL2/CMakeFiles/SDL2-static.dir/src/locale/SDL_locale.c.o
2026-08-03T23:45:42.6615860Z [257/716] Building C object 3rdparty/SDL2/CMakeFiles/SDL2-static.dir/src/misc/SDL_url.c.o
2026-08-03T23:45:42.6720570Z [258/716] Building C object 3rdparty/SDL2/CMakeFiles/SDL2-static.dir/src/power/SDL_power.c.o
2026-08-03T23:45:42.6822070Z [259/716] Building C object 3rdparty/SDL2/CMakeFiles/SDL2-static.dir/src/render/SDL_d3dmath.c.o
2026-08-03T23:45:42.7253250Z [260/716] Building C object 3rdparty/SDL2/CMakeFiles/SDL2-static.dir/src/render/direct3d/SDL_render_d3d.c.o
2026-08-03T23:45:42.7856720Z [261/716] Building C object 3rdparty/SDL2/CMakeFiles/SDL2-static.dir/src/render/direct3d/SDL_shaders_d3d.c.o
2026-08-03T23:45:42.8359680Z [262/716] Building C object 3rdparty/SDL2/CMakeFiles/SDL2-static.dir/src/render/direct3d11/SDL_render_d3d11.c.o
2026-08-03T23:45:42.8862500Z [263/716] Building C object 3rdparty/SDL2/CMakeFiles/SDL2-static.dir/src/render/direct3d11/SDL_shaders_d3d11.c.o
2026-08-03T23:45:42.8964200Z [264/716] Building C object 3rdparty/SDL2/CMakeFiles/SDL2-static.dir/src/render/SDL_yuv_sw.c.o
2026-08-03T23:45:42.9769050Z [265/716] Building C object 3rdparty/SDL2/CMakeFiles/SDL2-static.dir/src/render/direct3d12/SDL_shaders_d3d12.c.o
2026-08-03T23:45:42.9871800Z [266/716] Building C object 3rdparty/SDL2/CMakeFiles/SDL2-static.dir/src/render/direct3d12/SDL_render_d3d12.c.o
2026-08-03T23:45:43.1199050Z [267/716] Building C object 3rdparty/SDL2/CMakeFiles/SDL2-static.dir/src/render/opengl/SDL_shaders_gl.c.o
2026-08-03T23:45:43.2208470Z [268/716] Building C object 3rdparty/SDL2/CMakeFiles/SDL2-static.dir/src/render/opengles/SDL_render_gles.c.o
2026-08-03T23:45:43.3214370Z [269/716] Building C object 3rdparty/SDL2/CMakeFiles/SDL2-static.dir/src/dynapi/SDL_dynapi.c.o
2026-08-03T23:45:43.4061890Z [270/716] Building C object 3rdparty/SDL2/CMakeFiles/SDL2-static.dir/src/render/opengles2/SDL_shaders_gles2.c.o
2026-08-03T23:45:43.4563930Z [271/716] Building C object 3rdparty/SDL2/CMakeFiles/SDL2-static.dir/src/render/ps2/SDL_render_ps2.c.o
2026-08-03T23:45:43.5166620Z [272/716] Building C object 3rdparty/SDL2/CMakeFiles/SDL2-static.dir/src/render/psp/SDL_render_psp.c.o
2026-08-03T23:45:43.5787860Z [273/716] Building C object 3rdparty/SDL2/CMakeFiles/SDL2-static.dir/src/render/opengl/SDL_render_gl.c.o
2026-08-03T23:45:43.8291520Z [274/716] Building C object 3rdparty/SDL2/CMakeFiles/SDL2-static.dir/src/render/opengles2/SDL_render_gles2.c.o
2026-08-03T23:45:43.9015880Z [275/716] Building C object 3rdparty/SDL2/CMakeFiles/SDL2-static.dir/src/render/SDL_render.c.o
2026-08-03T23:45:44.1225720Z [276/716] Building C object 3rdparty/SDL2/CMakeFiles/SDL2-static.dir/src/render/software/SDL_blendpoint.c.o
2026-08-03T23:45:44.1830450Z [277/716] Building C object 3rdparty/SDL2/CMakeFiles/SDL2-static.dir/src/render/software/SDL_blendfillrect.c.o
2026-08-03T23:45:44.2441860Z [278/716] Building C object 3rdparty/SDL2/CMakeFiles/SDL2-static.dir/src/render/software/SDL_drawline.c.o
2026-08-03T23:45:44.3547380Z [279/716] Building C object 3rdparty/SDL2/CMakeFiles/SDL2-static.dir/src/render/software/SDL_drawpoint.c.o
2026-08-03T23:45:44.6261590Z [280/716] Building C object 3rdparty/SDL2/CMakeFiles/SDL2-static.dir/src/render/software/SDL_rotate.c.o
2026-08-03T23:45:44.6364280Z [281/716] Building C object 3rdparty/SDL2/CMakeFiles/SDL2-static.dir/src/render/software/SDL_render_sw.c.o
2026-08-03T23:45:44.6767650Z [282/716] Building C object 3rdparty/SDL2/CMakeFiles/SDL2-static.dir/src/render/vitagxm/SDL_render_vita_gxm_memory.c.o
2026-08-03T23:45:44.6869550Z [283/716] Building C object 3rdparty/SDL2/CMakeFiles/SDL2-static.dir/src/render/vitagxm/SDL_render_vita_gxm.c.o
2026-08-03T23:45:44.7372810Z [284/716] Building C object 3rdparty/SDL2/CMakeFiles/SDL2-static.dir/src/render/vitagxm/SDL_render_vita_gxm_tools.c.o
2026-08-03T23:45:44.7974970Z [285/716] Building C object 3rdparty/SDL2/CMakeFiles/SDL2-static.dir/src/stdlib/SDL_crc16.c.o
2026-08-03T23:45:44.8784630Z [286/716] Building C object 3rdparty/SDL2/CMakeFiles/SDL2-static.dir/src/stdlib/SDL_crc32.c.o
2026-08-03T23:45:44.9286210Z [287/716] Building C object 3rdparty/SDL2/CMakeFiles/SDL2-static.dir/src/stdlib/SDL_getenv.c.o
2026-08-03T23:45:44.9488040Z [288/716] Building C object 3rdparty/SDL2/CMakeFiles/SDL2-static.dir/src/sensor/SDL_sensor.c.o
2026-08-03T23:45:45.0290700Z [289/716] Building C object 3rdparty/SDL2/CMakeFiles/SDL2-static.dir/src/stdlib/SDL_malloc.c.o
2026-08-03T23:45:45.0492550Z [290/716] Building C object 3rdparty/SDL2/CMakeFiles/SDL2-static.dir/src/stdlib/SDL_iconv.c.o
2026-08-03T23:45:45.0795120Z [291/716] Building C object 3rdparty/SDL2/CMakeFiles/SDL2-static.dir/src/stdlib/SDL_mslibc.c.o
2026-08-03T23:45:45.1108810Z [292/716] Building C object 3rdparty/SDL2/CMakeFiles/SDL2-static.dir/src/render/software/SDL_triangle.c.o
2026-08-03T23:45:45.1131460Z [293/716] Building C object 3rdparty/SDL2/CMakeFiles/SDL2-static.dir/src/stdlib/SDL_qsort.c.o
2026-08-03T23:45:45.1821400Z [294/716] Building C object 3rdparty/SDL2/CMakeFiles/SDL2-static.dir/src/stdlib/SDL_strtokr.c.o
2026-08-03T23:45:45.1921960Z [295/716] Building C object 3rdparty/SDL2/CMakeFiles/SDL2-static.dir/src/stdlib/SDL_stdlib.c.o
2026-08-03T23:45:45.2646510Z [296/716] Building C object 3rdparty/SDL2/CMakeFiles/SDL2-static.dir/src/thread/SDL_thread.c.o
2026-08-03T23:45:45.3150550Z [297/716] Building C object 3rdparty/SDL2/CMakeFiles/SDL2-static.dir/src/stdlib/SDL_string.c.o
2026-08-03T23:45:45.4155230Z [298/716] Building C object 3rdparty/SDL2/CMakeFiles/SDL2-static.dir/src/render/software/SDL_blendline.c.o
2026-08-03T23:45:45.4757850Z [299/716] Building C object 3rdparty/SDL2/CMakeFiles/SDL2-static.dir/src/timer/SDL_timer.c.o
2026-08-03T23:45:45.6266910Z [300/716] Building C object 3rdparty/SDL2/CMakeFiles/SDL2-static.dir/src/video/SDL_blit.c.o
2026-08-03T23:45:45.8904510Z [301/716] Building C object 3rdparty/SDL2/CMakeFiles/SDL2-static.dir/src/video/SDL_blit_1.c.o
2026-08-03T23:45:46.2240660Z [302/716] Building C object 3rdparty/SDL2/CMakeFiles/SDL2-static.dir/src/video/SDL_blit_0.c.o
2026-08-03T23:45:46.4450820Z [303/716] Building C object 3rdparty/SDL2/CMakeFiles/SDL2-static.dir/src/video/SDL_RLEaccel.c.o
2026-08-03T23:45:46.5252670Z [304/716] Building C object 3rdparty/SDL2/CMakeFiles/SDL2-static.dir/src/video/SDL_blit_A.c.o
2026-08-03T23:45:46.6359900Z [305/716] Building C object 3rdparty/SDL2/CMakeFiles/SDL2-static.dir/src/video/SDL_blit_copy.c.o
2026-08-03T23:45:46.7665700Z [306/716] Building C object 3rdparty/SDL2/CMakeFiles/SDL2-static.dir/src/video/SDL_blit_slow.c.o
2026-08-03T23:45:46.8401120Z [307/716] Building C object 3rdparty/SDL2/CMakeFiles/SDL2-static.dir/src/video/SDL_clipboard.c.o
2026-08-03T23:45:46.9071110Z [308/716] Building C object 3rdparty/SDL2/CMakeFiles/SDL2-static.dir/src/video/SDL_blit_N.c.o
2026-08-03T23:45:46.9405600Z [309/716] Building C object 3rdparty/SDL2/CMakeFiles/SDL2-static.dir/src/video/SDL_bmp.c.o
2026-08-03T23:45:47.1033740Z [310/716] Building C object 3rdparty/SDL2/CMakeFiles/SDL2-static.dir/src/video/SDL_egl.c.o
2026-08-03T23:45:47.2441010Z [311/716] Building C object 3rdparty/SDL2/CMakeFiles/SDL2-static.dir/src/video/SDL_rect.c.o
2026-08-03T23:45:47.2814880Z [312/716] Building C object 3rdparty/SDL2/CMakeFiles/SDL2-static.dir/src/video/SDL_fillrect.c.o
2026-08-03T23:45:47.3967580Z [313/716] Building C object 3rdparty/SDL2/CMakeFiles/SDL2-static.dir/src/video/SDL_pixels.c.o
2026-08-03T23:45:47.6048550Z [314/716] Building C object 3rdparty/SDL2/CMakeFiles/SDL2-static.dir/src/video/SDL_shape.c.o
2026-08-03T23:45:47.6893000Z [315/716] Building C object 3rdparty/SDL2/CMakeFiles/SDL2-static.dir/src/video/SDL_stretch.c.o
2026-08-03T23:45:47.8792730Z [316/716] Building C object 3rdparty/SDL2/CMakeFiles/SDL2-static.dir/src/video/SDL_vulkan_utils.c.o
2026-08-03T23:45:48.0501130Z [317/716] Building C object 3rdparty/SDL2/CMakeFiles/SDL2-static.dir/src/video/SDL_surface.c.o
2026-08-03T23:45:48.2105690Z [318/716] Building C object 3rdparty/SDL2/CMakeFiles/SDL2-static.dir/src/video/yuv2rgb/yuv_rgb_lsx.c.o
2026-08-03T23:45:48.6821590Z [319/716] Building C object 3rdparty/SDL2/CMakeFiles/SDL2-static.dir/src/video/SDL_video.c.o
2026-08-03T23:45:48.8243390Z [320/716] Building C object 3rdparty/SDL2/CMakeFiles/SDL2-static.dir/src/video/SDL_yuv.c.o
2026-08-03T23:45:48.8845090Z [321/716] Building C object 3rdparty/SDL2/CMakeFiles/SDL2-static.dir/src/audio/dummy/SDL_dummyaudio.c.o
2026-08-03T23:45:48.9650550Z [322/716] Building C object 3rdparty/SDL2/CMakeFiles/SDL2-static.dir/src/audio/disk/SDL_diskaudio.c.o
2026-08-03T23:45:49.0152720Z [323/716] Building CXX object 3rdparty/tracy/CMakeFiles/TracyClient.dir/public/TracyClient.cpp.o
2026-08-03T23:45:49.0254240Z In file included from /Users/runner/work/KytyPlus/KytyPlus/3rdparty/tracy/public/TracyClient.cpp:14:
2026-08-03T23:45:49.0361250Z /Users/runner/work/KytyPlus/KytyPlus/3rdparty/tracy/public/common/TracySystem.cpp:312:3: warning: 'sprintf' is deprecated: This function is provided for compatibility reasons only.  Due to security concerns inherent in the design of sprintf(3), it is highly recommended that you use snprintf(3) instead. [-Wdeprecated-declarations]
2026-08-03T23:45:49.0464000Z   312 |   sprintf( buf, "%" PRIu32, id );
2026-08-03T23:45:49.0565580Z       |   ^
2026-08-03T23:45:49.0666650Z /Applications/Xcode_26.3.app/Contents/Developer/Platforms/MacOSX.platform/Developer/SDKs/MacOSX.sdk/usr/include/_stdio.h:278:1: note: 'sprintf' has been explicitly marked deprecated here
2026-08-03T23:45:49.0777890Z   278 | __deprecated_msg("This function is provided for compatibility reasons only.  Due to security concerns inherent in the design of sprintf(3), it is highly recommended that you use snprintf(3) instead.")
2026-08-03T23:45:49.0880920Z       | ^
2026-08-03T23:45:49.0981870Z /Applications/Xcode_26.3.app/Contents/Developer/Platforms/MacOSX.platform/Developer/SDKs/MacOSX.sdk/usr/include/sys/cdefs.h:227:48: note: expanded from macro '__deprecated_msg'
2026-08-03T23:45:49.1082060Z   227 |         #define __deprecated_msg(_msg) __attribute__((__deprecated__(_msg)))
2026-08-03T23:45:49.1182270Z       |                                                       ^
2026-08-03T23:45:49.1283720Z In file included from /Users/runner/work/KytyPlus/KytyPlus/3rdparty/tracy/public/TracyClient.cpp:23:
2026-08-03T23:45:49.1385530Z /Users/runner/work/KytyPlus/KytyPlus/3rdparty/tracy/public/client/TracyProfiler.cpp:571:12: warning: 'sprintf' is deprecated: This function is provided for compatibility reasons only.  Due to security concerns inherent in the design of sprintf(3), it is highly recommended that you use snprintf(3) instead. [-Wdeprecated-declarations]
2026-08-03T23:45:49.1484170Z   571 |     ptr += sprintf( ptr, "OS: Darwin (OSX)\n" );
2026-08-03T23:45:49.1586060Z       |            ^
2026-08-03T23:45:49.1687560Z /Applications/Xcode_26.3.app/Contents/Developer/Platforms/MacOSX.platform/Developer/SDKs/MacOSX.sdk/usr/include/_stdio.h:278:1: note: 'sprintf' has been explicitly marked deprecated here
2026-08-03T23:45:49.1789530Z   278 | __deprecated_msg("This function is provided for compatibility reasons only.  Due to security concerns inherent in the design of sprintf(3), it is highly recommended that you use snprintf(3) instead.")
2026-08-03T23:45:49.1891240Z       | ^
2026-08-03T23:45:49.1992820Z /Applications/Xcode_26.3.app/Contents/Developer/Platforms/MacOSX.platform/Developer/SDKs/MacOSX.sdk/usr/include/sys/cdefs.h:227:48: note: expanded from macro '__deprecated_msg'
2026-08-03T23:45:49.2094320Z   227 |         #define __deprecated_msg(_msg) __attribute__((__deprecated__(_msg)))
2026-08-03T23:45:49.2194270Z       |                                                       ^
2026-08-03T23:45:49.2307510Z In file included from /Users/runner/work/KytyPlus/KytyPlus/3rdparty/tracy/public/TracyClient.cpp:23:
2026-08-03T23:45:49.2409510Z /Users/runner/work/KytyPlus/KytyPlus/3rdparty/tracy/public/client/TracyProfiler.cpp:596:12: warning: 'sprintf' is deprecated: This function is provided for compatibility reasons only.  Due to security concerns inherent in the design of sprintf(3), it is highly recommended that you use snprintf(3) instead. [-Wdeprecated-declarations]
2026-08-03T23:45:49.2509540Z   596 |     ptr += sprintf( ptr, "Compiler: clang %i.%i.%i\n", __clang_major__, __clang_minor__, __clang_patchlevel__ );
2026-08-03T23:45:49.2609410Z       |            ^
2026-08-03T23:45:49.2710310Z /Applications/Xcode_26.3.app/Contents/Developer/Platforms/MacOSX.platform/Developer/SDKs/MacOSX.sdk/usr/include/_stdio.h:278:1: note: 'sprintf' has been explicitly marked deprecated here
2026-08-03T23:45:49.2812540Z   278 | __deprecated_msg("This function is provided for compatibility reasons only.  Due to security concerns inherent in the design of sprintf(3), it is highly recommended that you use snprintf(3) instead.")
2026-08-03T23:45:49.2912410Z       | ^
2026-08-03T23:45:49.3013780Z /Applications/Xcode_26.3.app/Contents/Developer/Platforms/MacOSX.platform/Developer/SDKs/MacOSX.sdk/usr/include/sys/cdefs.h:227:48: note: expanded from macro '__deprecated_msg'
2026-08-03T23:45:49.3115260Z   227 |         #define __deprecated_msg(_msg) __attribute__((__deprecated__(_msg)))
2026-08-03T23:45:49.3216600Z       |                                                       ^
2026-08-03T23:45:49.3317450Z In file included from /Users/runner/work/KytyPlus/KytyPlus/3rdparty/tracy/public/TracyClient.cpp:23:
2026-08-03T23:45:49.3418730Z /Users/runner/work/KytyPlus/KytyPlus/3rdparty/tracy/public/client/TracyProfiler.cpp:614:12: warning: 'sprintf' is deprecated: This function is provided for compatibility reasons only.  Due to security concerns inherent in the design of sprintf(3), it is highly recommended that you use snprintf(3) instead. [-Wdeprecated-declarations]
2026-08-03T23:45:49.3520700Z   614 |     ptr += sprintf( ptr, "User: %s@%s", user, hostname );
2026-08-03T23:45:49.3621800Z       |            ^
2026-08-03T23:45:49.3723540Z /Applications/Xcode_26.3.app/Contents/Developer/Platforms/MacOSX.platform/Developer/SDKs/MacOSX.sdk/usr/include/_stdio.h:278:1: note: 'sprintf' has been explicitly marked deprecated here
2026-08-03T23:45:49.3828440Z   278 | __deprecated_msg("This function is provided for compatibility reasons only.  Due to security concerns inherent in the design of sprintf(3), it is highly recommended that you use snprintf(3) instead.")
2026-08-03T23:45:49.3929920Z       | ^
2026-08-03T23:45:49.4056690Z /Applications/Xcode_26.3.app/Contents/Developer/Platforms/MacOSX.platform/Developer/SDKs/MacOSX.sdk/usr/include/sys/cdefs.h:227:48: note: expanded from macro '__deprecated_msg'
2026-08-03T23:45:49.4157490Z   227 |         #define __deprecated_msg(_msg) __attribute__((__deprecated__(_msg)))
2026-08-03T23:45:49.4257090Z       |                                                       ^
2026-08-03T23:45:49.4390400Z In file included from /Users/runner/work/KytyPlus/KytyPlus/3rdparty/tracy/public/TracyClient.cpp:23:
2026-08-03T23:45:49.4491440Z /Users/runner/work/KytyPlus/KytyPlus/3rdparty/tracy/public/client/TracyProfiler.cpp:617:27: warning: 'sprintf' is deprecated: This function is provided for compatibility reasons only.  Due to security concerns inherent in the design of sprintf(3), it is highly recommended that you use snprintf(3) instead. [-Wdeprecated-declarations]
2026-08-03T23:45:49.4593270Z   617 |     if( fullName ) ptr += sprintf( ptr, " (%s)", fullName );
2026-08-03T23:45:49.4693560Z       |                           ^
2026-08-03T23:45:49.4795170Z /Applications/Xcode_26.3.app/Contents/Developer/Platforms/MacOSX.platform/Developer/SDKs/MacOSX.sdk/usr/include/_stdio.h:278:1: note: 'sprintf' has been explicitly marked deprecated here
2026-08-03T23:45:49.4903620Z   278 | __deprecated_msg("This function is provided for compatibility reasons only.  Due to security concerns inherent in the design of sprintf(3), it is highly recommended that you use snprintf(3) instead.")
2026-08-03T23:45:49.5003550Z       | ^
2026-08-03T23:45:49.5104460Z /Applications/Xcode_26.3.app/Contents/Developer/Platforms/MacOSX.platform/Developer/SDKs/MacOSX.sdk/usr/include/sys/cdefs.h:227:48: note: expanded from macro '__deprecated_msg'
2026-08-03T23:45:49.5204860Z   227 |         #define __deprecated_msg(_msg) __attribute__((__deprecated__(_msg)))
2026-08-03T23:45:49.5309560Z       |                                                       ^
2026-08-03T23:45:49.5412070Z In file included from /Users/runner/work/KytyPlus/KytyPlus/3rdparty/tracy/public/TracyClient.cpp:23:
2026-08-03T23:45:49.5516960Z /Users/runner/work/KytyPlus/KytyPlus/3rdparty/tracy/public/client/TracyProfiler.cpp:618:12: warning: 'sprintf' is deprecated: This function is provided for compatibility reasons only.  Due to security concerns inherent in the design of sprintf(3), it is highly recommended that you use snprintf(3) instead. [-Wdeprecated-declarations]
2026-08-03T23:45:49.5622650Z   618 |     ptr += sprintf( ptr, "\n" );
2026-08-03T23:45:49.5724280Z       |            ^
2026-08-03T23:45:49.5825820Z /Applications/Xcode_26.3.app/Contents/Developer/Platforms/MacOSX.platform/Developer/SDKs/MacOSX.sdk/usr/include/_stdio.h:278:1: note: 'sprintf' has been explicitly marked deprecated here
2026-08-03T23:45:49.5927850Z   278 | __deprecated_msg("This function is provided for compatibility reasons only.  Due to security concerns inherent in the design of sprintf(3), it is highly recommended that you use snprintf(3) instead.")
2026-08-03T23:45:49.6029210Z       | ^
2026-08-03T23:45:49.6130530Z /Applications/Xcode_26.3.app/Contents/Developer/Platforms/MacOSX.platform/Developer/SDKs/MacOSX.sdk/usr/include/sys/cdefs.h:227:48: note: expanded from macro '__deprecated_msg'
2026-08-03T23:45:49.6232230Z   227 |         #define __deprecated_msg(_msg) __attribute__((__deprecated__(_msg)))
2026-08-03T23:45:49.6333450Z       |                                                       ^
2026-08-03T23:45:49.6434570Z In file included from /Users/runner/work/KytyPlus/KytyPlus/3rdparty/tracy/public/TracyClient.cpp:23:
2026-08-03T23:45:49.6536570Z /Users/runner/work/KytyPlus/KytyPlus/3rdparty/tracy/public/client/TracyProfiler.cpp:623:12: warning: 'sprintf' is deprecated: This function is provided for compatibility reasons only.  Due to security concerns inherent in the design of sprintf(3), it is highly recommended that you use snprintf(3) instead. [-Wdeprecated-declarations]
2026-08-03T23:45:49.6638470Z   623 |     ptr += sprintf( ptr, "Arch: x64\n" );
2026-08-03T23:45:49.6739680Z       |            ^
2026-08-03T23:45:49.6841150Z /Applications/Xcode_26.3.app/Contents/Developer/Platforms/MacOSX.platform/Developer/SDKs/MacOSX.sdk/usr/include/_stdio.h:278:1: note: 'sprintf' has been explicitly marked deprecated here
2026-08-03T23:45:49.6943400Z   278 | __deprecated_msg("This function is provided for compatibility reasons only.  Due to security concerns inherent in the design of sprintf(3), it is highly recommended that you use snprintf(3) instead.")
2026-08-03T23:45:49.7045010Z       | ^
2026-08-03T23:45:49.7146370Z /Applications/Xcode_26.3.app/Contents/Developer/Platforms/MacOSX.platform/Developer/SDKs/MacOSX.sdk/usr/include/sys/cdefs.h:227:48: note: expanded from macro '__deprecated_msg'
2026-08-03T23:45:49.7247890Z   227 |         #define __deprecated_msg(_msg) __attribute__((__deprecated__(_msg)))
2026-08-03T23:45:49.7349130Z       |                                                       ^
2026-08-03T23:45:49.7450620Z In file included from /Users/runner/work/KytyPlus/KytyPlus/3rdparty/tracy/public/TracyClient.cpp:23:
2026-08-03T23:45:49.7575290Z /Users/runner/work/KytyPlus/KytyPlus/3rdparty/tracy/public/client/TracyProfiler.cpp:642:12: warning: 'sprintf' is deprecated: This function is provided for compatibility reasons only.  Due to security concerns inherent in the design of sprintf(3), it is highly recommended that you use snprintf(3) instead. [-Wdeprecated-declarations]
2026-08-03T23:45:49.7677340Z   642 |     ptr += sprintf( ptr, "CPU: %s\n", cpuModel );
2026-08-03T23:45:49.7778480Z       |            ^
2026-08-03T23:45:49.7880070Z /Applications/Xcode_26.3.app/Contents/Developer/Platforms/MacOSX.platform/Developer/SDKs/MacOSX.sdk/usr/include/_stdio.h:278:1: note: 'sprintf' has been explicitly marked deprecated here
2026-08-03T23:45:49.7981980Z   278 | __deprecated_msg("This function is provided for compatibility reasons only.  Due to security concerns inherent in the design of sprintf(3), it is highly recommended that you use snprintf(3) instead.")
2026-08-03T23:45:49.8083460Z       | ^
2026-08-03T23:45:49.8184740Z /Applications/Xcode_26.3.app/Contents/Developer/Platforms/MacOSX.platform/Developer/SDKs/MacOSX.sdk/usr/include/sys/cdefs.h:227:48: note: expanded from macro '__deprecated_msg'
2026-08-03T23:45:49.8286160Z   227 |         #define __deprecated_msg(_msg) __attribute__((__deprecated__(_msg)))
2026-08-03T23:45:49.8387700Z       |                                                       ^
2026-08-03T23:45:49.8489100Z In file included from /Users/runner/work/KytyPlus/KytyPlus/3rdparty/tracy/public/TracyClient.cpp:23:
2026-08-03T23:45:49.8618970Z /Users/runner/work/KytyPlus/KytyPlus/3rdparty/tracy/public/client/TracyProfiler.cpp:712:12: warning: 'sprintf' is deprecated: This function is provided for compatibility reasons only.  Due to security concerns inherent in the design of sprintf(3), it is highly recommended that you use snprintf(3) instead. [-Wdeprecated-declarations]
2026-08-03T23:45:49.8721430Z   712 |     ptr += sprintf( ptr, "CPU cores: %i\n", std::thread::hardware_concurrency() );
2026-08-03T23:45:49.8822510Z       |            ^
2026-08-03T23:45:49.8823250Z /Applications/Xcode_26.3.app/Contents/Developer/Platforms/MacOSX.platform/Developer/SDKs/MacOSX.sdk/usr/include/_stdio.h:278:1: note: 'sprintf' has been explicitly marked deprecated here
2026-08-03T23:45:49.8924980Z   278 | __deprecated_msg("This function is provided for compatibility reasons only.  Due to security concerns inherent in the design of sprintf(3), it is highly recommended that you use snprintf(3) instead.")
2026-08-03T23:45:49.9026230Z       | ^
2026-08-03T23:45:49.9127440Z /Applications/Xcode_26.3.app/Contents/Developer/Platforms/MacOSX.platform/Developer/SDKs/MacOSX.sdk/usr/include/sys/cdefs.h:227:48: note: expanded from macro '__deprecated_msg'
2026-08-03T23:45:49.9228870Z   227 |         #define __deprecated_msg(_msg) __attribute__((__deprecated__(_msg)))
2026-08-03T23:45:49.9329920Z       |                                                       ^
2026-08-03T23:45:49.9430990Z In file included from /Users/runner/work/KytyPlus/KytyPlus/3rdparty/tracy/public/TracyClient.cpp:23:
2026-08-03T23:45:49.9545060Z /Users/runner/work/KytyPlus/KytyPlus/3rdparty/tracy/public/client/TracyProfiler.cpp:731:12: warning: 'sprintf' is deprecated: This function is provided for compatibility reasons only.  Due to security concerns inherent in the design of sprintf(3), it is highly recommended that you use snprintf(3) instead. [-Wdeprecated-declarations]
2026-08-03T23:45:49.9659170Z   731 |     ptr += sprintf( ptr, "RAM: %zu MB\n", memSize / 1024 / 1024 );
2026-08-03T23:45:49.9764440Z       |            ^
2026-08-03T23:45:49.9865540Z /Applications/Xcode_26.3.app/Contents/Developer/Platforms/MacOSX.platform/Developer/SDKs/MacOSX.sdk/usr/include/_stdio.h:278:1: note: 'sprintf' has been explicitly marked deprecated here
2026-08-03T23:45:49.9967160Z   278 | __deprecated_msg("This function is provided for compatibility reasons only.  Due to security concerns inherent in the design of sprintf(3), it is highly recommended that you use snprintf(3) instead.")
2026-08-03T23:45:50.0068340Z       | ^
2026-08-03T23:45:50.0169530Z /Applications/Xcode_26.3.app/Contents/Developer/Platforms/MacOSX.platform/Developer/SDKs/MacOSX.sdk/usr/include/sys/cdefs.h:227:48: note: expanded from macro '__deprecated_msg'
2026-08-03T23:45:50.0270930Z   227 |         #define __deprecated_msg(_msg) __attribute__((__deprecated__(_msg)))
2026-08-03T23:45:50.0372030Z       |                                                       ^
2026-08-03T23:45:50.0473110Z In file included from /Users/runner/work/KytyPlus/KytyPlus/3rdparty/tracy/public/TracyClient.cpp:24:
2026-08-03T23:45:50.0574950Z /Users/runner/work/KytyPlus/KytyPlus/3rdparty/tracy/public/client/TracyCallstack.cpp:1600:33: warning: 'sprintf' is deprecated: This function is provided for compatibility reasons only.  Due to security concerns inherent in the design of sprintf(3), it is highly recommended that you use snprintf(3) instead. [-Wdeprecated-declarations]
2026-08-03T23:45:50.0676830Z  1600 |             const auto offlen = sprintf( buf, " + %td", symoff );
2026-08-03T23:45:50.0777860Z       |                                 ^
2026-08-03T23:45:50.0879230Z /Applications/Xcode_26.3.app/Contents/Developer/Platforms/MacOSX.platform/Developer/SDKs/MacOSX.sdk/usr/include/_stdio.h:278:1: note: 'sprintf' has been explicitly marked deprecated here
2026-08-03T23:45:50.0981710Z   278 | __deprecated_msg("This function is provided for compatibility reasons only.  Due to security concerns inherent in the design of sprintf(3), it is highly recommended that you use snprintf(3) instead.")
2026-08-03T23:45:50.1114090Z       | ^
2026-08-03T23:45:50.1215550Z /Applications/Xcode_26.3.app/Contents/Developer/Platforms/MacOSX.platform/Developer/SDKs/MacOSX.sdk/usr/include/sys/cdefs.h:227:48: note: expanded from macro '__deprecated_msg'
2026-08-03T23:45:50.1316960Z   227 |         #define __deprecated_msg(_msg) __attribute__((__deprecated__(_msg)))
2026-08-03T23:45:50.1418200Z       |                                                       ^
2026-08-03T23:45:50.1519410Z In file included from /Users/runner/work/KytyPlus/KytyPlus/3rdparty/tracy/public/TracyClient.cpp:28:
2026-08-03T23:45:50.1621640Z /Users/runner/work/KytyPlus/KytyPlus/3rdparty/tracy/public/common/TracySocket.cpp:180:5: warning: 'sprintf' is deprecated: This function is provided for compatibility reasons only.  Due to security concerns inherent in the design of sprintf(3), it is highly recommended that you use snprintf(3) instead. [-Wdeprecated-declarations]
2026-08-03T23:45:50.1723400Z   180 |     sprintf( portbuf, "%" PRIu16, port );
2026-08-03T23:45:50.1824370Z       |     ^
2026-08-03T23:45:50.1925740Z /Applications/Xcode_26.3.app/Contents/Developer/Platforms/MacOSX.platform/Developer/SDKs/MacOSX.sdk/usr/include/_stdio.h:278:1: note: 'sprintf' has been explicitly marked deprecated here
2026-08-03T23:45:50.2027570Z   278 | __deprecated_msg("This function is provided for compatibility reasons only.  Due to security concerns inherent in the design of sprintf(3), it is highly recommended that you use snprintf(3) instead.")
2026-08-03T23:45:50.2129020Z       | ^
2026-08-03T23:45:50.2230970Z /Applications/Xcode_26.3.app/Contents/Developer/Platforms/MacOSX.platform/Developer/SDKs/MacOSX.sdk/usr/include/sys/cdefs.h:227:48: note: expanded from macro '__deprecated_msg'
2026-08-03T23:45:50.2332570Z   227 |         #define __deprecated_msg(_msg) __attribute__((__deprecated__(_msg)))
2026-08-03T23:45:50.2433770Z       |                                                       ^
2026-08-03T23:45:50.2535060Z In file included from /Users/runner/work/KytyPlus/KytyPlus/3rdparty/tracy/public/TracyClient.cpp:28:
2026-08-03T23:45:50.2637270Z /Users/runner/work/KytyPlus/KytyPlus/3rdparty/tracy/public/common/TracySocket.cpp:252:5: warning: 'sprintf' is deprecated: This function is provided for compatibility reasons only.  Due to security concerns inherent in the design of sprintf(3), it is highly recommended that you use snprintf(3) instead. [-Wdeprecated-declarations]
2026-08-03T23:45:50.2739200Z   252 |     sprintf( portbuf, "%" PRIu16, port );
2026-08-03T23:45:50.2851140Z       |     ^
2026-08-03T23:45:50.2952630Z /Applications/Xcode_26.3.app/Contents/Developer/Platforms/MacOSX.platform/Developer/SDKs/MacOSX.sdk/usr/include/_stdio.h:278:1: note: 'sprintf' has been explicitly marked deprecated here
2026-08-03T23:45:50.3054510Z   278 | __deprecated_msg("This function is provided for compatibility reasons only.  Due to security concerns inherent in the design of sprintf(3), it is highly recommended that you use snprintf(3) instead.")
2026-08-03T23:45:50.3157470Z       | ^
2026-08-03T23:45:50.3259030Z /Applications/Xcode_26.3.app/Contents/Developer/Platforms/MacOSX.platform/Developer/SDKs/MacOSX.sdk/usr/include/sys/cdefs.h:227:48: note: expanded from macro '__deprecated_msg'
2026-08-03T23:45:50.3361080Z   227 |         #define __deprecated_msg(_msg) __attribute__((__deprecated__(_msg)))
2026-08-03T23:45:50.3463160Z       |                                                       ^
2026-08-03T23:45:50.3564860Z In file included from /Users/runner/work/KytyPlus/KytyPlus/3rdparty/tracy/public/TracyClient.cpp:28:
2026-08-03T23:45:50.3667300Z /Users/runner/work/KytyPlus/KytyPlus/3rdparty/tracy/public/common/TracySocket.cpp:481:5: warning: 'sprintf' is deprecated: This function is provided for compatibility reasons only.  Due to security concerns inherent in the design of sprintf(3), it is highly recommended that you use snprintf(3) instead. [-Wdeprecated-declarations]
2026-08-03T23:45:50.3769990Z   481 |     sprintf( portbuf, "%" PRIu16, port );
2026-08-03T23:45:50.3883600Z       |     ^
2026-08-03T23:45:50.3985230Z /Applications/Xcode_26.3.app/Contents/Developer/Platforms/MacOSX.platform/Developer/SDKs/MacOSX.sdk/usr/include/_stdio.h:278:1: note: 'sprintf' has been explicitly marked deprecated here
2026-08-03T23:45:50.3986370Z   278 | __deprecated_msg("This function is provided for compatibility reasons only.  Due to security concerns inherent in the design of sprintf(3), it is highly recommended that you use snprintf(3) instead.")
2026-08-03T23:45:50.3986990Z       | ^
2026-08-03T23:45:50.3988030Z /Applications/Xcode_26.3.app/Contents/Developer/Platforms/MacOSX.platform/Developer/SDKs/MacOSX.sdk/usr/include/sys/cdefs.h:227:48: note: expanded from macro '__deprecated_msg'
2026-08-03T23:45:50.4089470Z   227 |         #define __deprecated_msg(_msg) __attribute__((__deprecated__(_msg)))
2026-08-03T23:45:50.4190620Z       |                                                       ^
2026-08-03T23:45:50.4293150Z In file included from /Users/runner/work/KytyPlus/KytyPlus/3rdparty/tracy/public/TracyClient.cpp:28:
2026-08-03T23:45:50.4407230Z /Users/runner/work/KytyPlus/KytyPlus/3rdparty/tracy/public/common/TracySocket.cpp:593:5: warning: 'sprintf' is deprecated: This function is provided for compatibility reasons only.  Due to security concerns inherent in the design of sprintf(3), it is highly recommended that you use snprintf(3) instead. [-Wdeprecated-declarations]
2026-08-03T23:45:50.4518390Z   593 |     sprintf( portbuf, "%" PRIu16, port );
2026-08-03T23:45:50.4619520Z       |     ^
2026-08-03T23:45:50.4721700Z /Applications/Xcode_26.3.app/Contents/Developer/Platforms/MacOSX.platform/Developer/SDKs/MacOSX.sdk/usr/include/_stdio.h:278:1: note: 'sprintf' has been explicitly marked deprecated here
2026-08-03T23:45:50.4823980Z   278 | __deprecated_msg("This function is provided for compatibility reasons only.  Due to security concerns inherent in the design of sprintf(3), it is highly recommended that you use snprintf(3) instead.")
2026-08-03T23:45:50.4948060Z       | ^
2026-08-03T23:45:50.5049840Z /Applications/Xcode_26.3.app/Contents/Developer/Platforms/MacOSX.platform/Developer/SDKs/MacOSX.sdk/usr/include/sys/cdefs.h:227:48: note: expanded from macro '__deprecated_msg'
2026-08-03T23:45:50.5151510Z   227 |         #define __deprecated_msg(_msg) __attribute__((__deprecated__(_msg)))
2026-08-03T23:45:50.5252700Z       |                                                       ^
2026-08-03T23:45:50.5354010Z In file included from /Users/runner/work/KytyPlus/KytyPlus/3rdparty/tracy/public/TracyClient.cpp:23:
2026-08-03T23:45:50.5455530Z /Users/runner/work/KytyPlus/KytyPlus/3rdparty/tracy/public/client/TracyProfiler.cpp:294:13: warning: unused function 'EnsureReadable' [-Wunused-function]
2026-08-03T23:45:50.5556970Z   294 | static bool EnsureReadable( uintptr_t address )
2026-08-03T23:45:50.5658210Z       |             ^~~~~~~~~~~~~~
2026-08-03T23:45:50.5759210Z 16 warnings generated.
2026-08-03T23:45:50.5860670Z [324/716] Building C object 3rdparty/SDL2/CMakeFiles/SDL2-static.dir/src/loadso/dlopen/SDL_sysloadso.c.o
2026-08-03T23:45:50.5962420Z [325/716] Building C object 3rdparty/SDL2/CMakeFiles/SDL2-static.dir/src/video/SDL_blit_auto.c.o
2026-08-03T23:45:50.6063790Z [326/716] Building C object 3rdparty/SDL2/CMakeFiles/SDL2-static.dir/src/video/dummy/SDL_nullevents.c.o
2026-08-03T23:45:50.6165310Z [327/716] Building C object 3rdparty/SDL2/CMakeFiles/SDL2-static.dir/src/joystick/virtual/SDL_virtualjoystick.c.o
2026-08-03T23:45:50.6266740Z [328/716] Building C object 3rdparty/SDL2/CMakeFiles/SDL2-static.dir/src/video/dummy/SDL_nullframebuffer.c.o
2026-08-03T23:45:50.6368430Z [329/716] Building C object 3rdparty/SDL2/CMakeFiles/SDL2-static.dir/src/video/offscreen/SDL_offscreenevents.c.o
2026-08-03T23:45:50.6479210Z [330/716] Building C object 3rdparty/SDL2/CMakeFiles/SDL2-static.dir/src/video/offscreen/SDL_offscreenframebuffer.c.o
2026-08-03T23:45:50.6580810Z [331/716] Building C object 3rdparty/SDL2/CMakeFiles/SDL2-static.dir/src/video/offscreen/SDL_offscreenopengles.c.o
2026-08-03T23:45:50.6682860Z [332/716] Building C object 3rdparty/SDL2/CMakeFiles/SDL2-static.dir/src/video/offscreen/SDL_offscreenvideo.c.o
2026-08-03T23:45:50.6784400Z [333/716] Building C object 3rdparty/SDL2/CMakeFiles/SDL2-static.dir/src/video/yuv2rgb/yuv_rgb_sse.c.o
2026-08-03T23:45:50.6885780Z [334/716] Building C object 3rdparty/SDL2/CMakeFiles/SDL2-static.dir/src/video/offscreen/SDL_offscreenwindow.c.o
2026-08-03T23:45:50.7007820Z [335/716] Building C object 3rdparty/SDL2/CMakeFiles/SDL2-static.dir/src/video/dummy/SDL_nullvideo.c.o
2026-08-03T23:45:50.7008460Z [336/716] Building C object 3rdparty/SDL2/CMakeFiles/SDL2-static.dir/src/joystick/hidapi/SDL_hidapi_8bitdo.c.o
2026-08-03T23:45:50.7109710Z [337/716] Building C object 3rdparty/SDL2/CMakeFiles/SDL2-static.dir/src/video/yuv2rgb/yuv_rgb_std.c.o
2026-08-03T23:45:50.7211040Z [338/716] Building C object 3rdparty/SDL2/CMakeFiles/SDL2-static.dir/src/joystick/hidapi/SDL_hidapi_combined.c.o
2026-08-03T23:45:50.7317980Z [339/716] Building C object 3rdparty/SDL2/CMakeFiles/SDL2-static.dir/src/joystick/hidapi/SDL_hidapi_gamecube.c.o
2026-08-03T23:45:50.7419230Z [340/716] Building C object 3rdparty/SDL2/CMakeFiles/SDL2-static.dir/src/joystick/hidapi/SDL_hidapi_luna.c.o
2026-08-03T23:45:50.7520600Z [341/716] Building C object 3rdparty/SDL2/CMakeFiles/SDL2-static.dir/src/joystick/hidapi/SDL_hidapi_ps3.c.o
2026-08-03T23:45:50.7621940Z [342/716] Building C object 3rdparty/SDL2/CMakeFiles/SDL2-static.dir/src/joystick/hidapi/SDL_hidapi_ps4.c.o
2026-08-03T23:45:50.7723180Z [343/716] Building C object 3rdparty/SDL2/CMakeFiles/SDL2-static.dir/src/joystick/hidapi/SDL_hidapi_ps5.c.o
2026-08-03T23:45:50.7840470Z [344/716] Building C object 3rdparty/SDL2/CMakeFiles/SDL2-static.dir/src/joystick/hidapi/SDL_hidapi_rumble.c.o
2026-08-03T23:45:50.7946980Z [345/716] Building C object 3rdparty/SDL2/CMakeFiles/SDL2-static.dir/src/file/cocoa/SDL_rwopsbundlesupport.m.o
2026-08-03T23:45:50.8057770Z [346/716] Building C object 3rdparty/SDL2/CMakeFiles/SDL2-static.dir/src/joystick/hidapi/SDL_hidapi_stadia.c.o
2026-08-03T23:45:50.8157960Z [347/716] Building C object 3rdparty/SDL2/CMakeFiles/SDL2-static.dir/src/joystick/hidapi/SDL_hidapi_shield.c.o
2026-08-03T23:45:50.8259190Z [348/716] Building C object 3rdparty/SDL2/CMakeFiles/SDL2-static.dir/src/joystick/hidapi/SDL_hidapi_steam.c.o
2026-08-03T23:45:50.8359760Z [349/716] Building C object 3rdparty/SDL2/CMakeFiles/SDL2-static.dir/src/joystick/hidapi/SDL_hidapi_steamdeck.c.o
2026-08-03T23:45:50.8461330Z [350/716] Building C object 3rdparty/SDL2/CMakeFiles/SDL2-static.dir/src/joystick/hidapi/SDL_hidapi_xbox360.c.o
2026-08-03T23:45:50.8562780Z [351/716] Building C object 3rdparty/SDL2/CMakeFiles/SDL2-static.dir/src/joystick/hidapi/SDL_hidapi_xbox360w.c.o
2026-08-03T23:45:50.8663500Z [352/716] Building C object 3rdparty/SDL2/CMakeFiles/SDL2-static.dir/src/audio/coreaudio/SDL_coreaudio.m.o
2026-08-03T23:45:50.8764040Z [353/716] Building C object 3rdparty/SDL2/CMakeFiles/SDL2-static.dir/src/joystick/hidapi/SDL_hidapi_wii.c.o
2026-08-03T23:45:50.8864720Z [354/716] Building C object 3rdparty/SDL2/CMakeFiles/SDL2-static.dir/src/joystick/hidapi/SDL_hidapi_xboxone.c.o
2026-08-03T23:45:50.8965290Z [355/716] Building C object 3rdparty/SDL2/CMakeFiles/SDL2-static.dir/src/misc/macosx/SDL_sysurl.m.o
2026-08-03T23:45:50.9065920Z [356/716] Building C object 3rdparty/SDL2/CMakeFiles/SDL2-static.dir/src/joystick/hidapi/SDL_hidapi_switch.c.o
2026-08-03T23:45:50.9168860Z [357/716] Building C object 3rdparty/SDL2/CMakeFiles/SDL2-static.dir/src/joystick/darwin/SDL_iokitjoystick.c.o
2026-08-03T23:45:50.9270380Z [358/716] Building C object 3rdparty/SDL2/CMakeFiles/SDL2-static.dir/src/power/macosx/SDL_syspower.c.o
2026-08-03T23:45:50.9370850Z [359/716] Building C object 3rdparty/SDL2/CMakeFiles/SDL2-static.dir/src/joystick/hidapi/SDL_hidapijoystick.c.o
2026-08-03T23:45:50.9472260Z [360/716] Building C object 3rdparty/SDL2/CMakeFiles/SDL2-static.dir/src/timer/unix/SDL_systimer.c.o
2026-08-03T23:45:50.9573040Z [361/716] Building C object 3rdparty/SDL2/CMakeFiles/SDL2-static.dir/src/haptic/darwin/SDL_syshaptic.c.o
2026-08-03T23:45:51.0944690Z [362/716] Building C object 3rdparty/SDL2/CMakeFiles/SDL2-static.dir/src/locale/macosx/SDL_syslocale.m.o
2026-08-03T23:45:51.1547860Z [363/716] Building C object 3rdparty/SDL2/CMakeFiles/SDL2-static.dir/src/filesystem/cocoa/SDL_sysfilesystem.m.o
2026-08-03T23:45:51.6402250Z [364/716] Building C object 3rdparty/SDL2/CMakeFiles/SDL2-static.dir/src/joystick/iphoneos/SDL_mfijoystick.m.o
2026-08-03T23:45:51.6536200Z /Users/runner/work/KytyPlus/KytyPlus/3rdparty/SDL2/src/joystick/iphoneos/SDL_mfijoystick.m:504:27: warning: 'gamepad' is deprecated: first deprecated in macOS 10.12 [-Wdeprecated-declarations]
2026-08-03T23:45:51.6638290Z   504 |     } else if (controller.gamepad) {
2026-08-03T23:45:51.6740090Z       |                           ^~~~~~~
2026-08-03T23:45:51.6841160Z       |                           extendedGamepad
2026-08-03T23:45:51.6942970Z /Applications/Xcode_26.3.app/Contents/Developer/Platforms/MacOSX.platform/Developer/SDKs/MacOSX.sdk/System/Library/Frameworks/GameController.framework/Headers/GCController.h:229:62: note: 'gamepad' has been explicitly marked deprecated here
2026-08-03T23:45:51.7044900Z   229 | @property (nonatomic, strong, readonly, nullable) GCGamepad *gamepad API_DEPRECATED_WITH_REPLACEMENT("extendedGamepad", macos(10.9, 10.12), ios(7.0, 10.0), tvos(7.0, 10.0));
2026-08-03T23:45:51.7146340Z       |                                                              ^
2026-08-03T23:45:51.7247230Z /Users/runner/work/KytyPlus/KytyPlus/3rdparty/SDL2/src/joystick/iphoneos/SDL_mfijoystick.m:634:27: warning: 'gamepad' is deprecated: first deprecated in macOS 10.12 [-Wdeprecated-declarations]
2026-08-03T23:45:51.7348110Z   634 |     } else if (controller.gamepad) {
2026-08-03T23:45:51.7447940Z       |                           ^~~~~~~
2026-08-03T23:45:51.7549320Z       |                           extendedGamepad
2026-08-03T23:45:51.7650900Z /Applications/Xcode_26.3.app/Contents/Developer/Platforms/MacOSX.platform/Developer/SDKs/MacOSX.sdk/System/Library/Frameworks/GameController.framework/Headers/GCController.h:229:62: note: 'gamepad' has been explicitly marked deprecated here
2026-08-03T23:45:51.7759250Z   229 | @property (nonatomic, strong, readonly, nullable) GCGamepad *gamepad API_DEPRECATED_WITH_REPLACEMENT("extendedGamepad", macos(10.9, 10.12), ios(7.0, 10.0), tvos(7.0, 10.0));
2026-08-03T23:45:51.7861050Z       |                                                              ^
2026-08-03T23:45:51.7962800Z /Users/runner/work/KytyPlus/KytyPlus/3rdparty/SDL2/src/joystick/iphoneos/SDL_mfijoystick.m:800:24: warning: 'controllerPausedHandler' is deprecated: first deprecated in macOS 10.15 - Use the Menu button found on the controller's input profile, if it exists. [-Wdeprecated-declarations]
2026-08-03T23:45:51.8064560Z   800 |             controller.controllerPausedHandler = nil;
2026-08-03T23:45:51.8165580Z       |                        ^
2026-08-03T23:45:51.8267200Z /Applications/Xcode_26.3.app/Contents/Developer/Platforms/MacOSX.platform/Developer/SDKs/MacOSX.sdk/System/Library/Frameworks/GameController.framework/Headers/GCController.h:158:46: note: 'controllerPausedHandler' has been explicitly marked deprecated here
2026-08-03T23:45:51.8369250Z   158 | @property (nonatomic, copy, nullable) void (^controllerPausedHandler)(GCController *controller) API_DEPRECATED("Use the Menu button found on the controller's input profile, if it exists.", macos(10.9, 10.15), ios(7.0, 13.0), tvos(9.0, 13.0));
2026-08-03T23:45:51.8470780Z       |                                              ^
2026-08-03T23:45:51.8572500Z /Users/runner/work/KytyPlus/KytyPlus/3rdparty/SDL2/src/joystick/iphoneos/SDL_mfijoystick.m:1019:28: warning: 'controllerPausedHandler' is deprecated: first deprecated in macOS 10.15 - Use the Menu button found on the controller's input profile, if it exists. [-Wdeprecated-declarations]
2026-08-03T23:45:51.8675470Z  1019 |                 controller.controllerPausedHandler = ^(GCController *c) {
2026-08-03T23:45:51.8799410Z       |                            ^
2026-08-03T23:45:51.8901430Z /Applications/Xcode_26.3.app/Contents/Developer/Platforms/MacOSX.platform/Developer/SDKs/MacOSX.sdk/System/Library/Frameworks/GameController.framework/Headers/GCController.h:158:46: note: 'controllerPausedHandler' has been explicitly marked deprecated here
2026-08-03T23:45:51.9002030Z   158 | @property (nonatomic, copy, nullable) void (^controllerPausedHandler)(GCController *controller) API_DEPRECATED("Use the Menu button found on the controller's input profile, if it exists.", macos(10.9, 10.15), ios(7.0, 13.0), tvos(9.0, 13.0));
2026-08-03T23:45:51.9102510Z       |                                              ^
2026-08-03T23:45:51.9204760Z /Users/runner/work/KytyPlus/KytyPlus/3rdparty/SDL2/src/joystick/iphoneos/SDL_mfijoystick.m:1261:31: warning: 'gamepad' is deprecated: first deprecated in macOS 10.12 [-Wdeprecated-declarations]
2026-08-03T23:45:51.9306110Z  1261 |         } else if (controller.gamepad) {
2026-08-03T23:45:51.9406980Z       |                               ^~~~~~~
2026-08-03T23:45:51.9507930Z       |                               extendedGamepad
2026-08-03T23:45:51.9609320Z /Applications/Xcode_26.3.app/Contents/Developer/Platforms/MacOSX.platform/Developer/SDKs/MacOSX.sdk/System/Library/Frameworks/GameController.framework/Headers/GCController.h:229:62: note: 'gamepad' has been explicitly marked deprecated here
2026-08-03T23:45:51.9709760Z   229 | @property (nonatomic, strong, readonly, nullable) GCGamepad *gamepad API_DEPRECATED_WITH_REPLACEMENT("extendedGamepad", macos(10.9, 10.12), ios(7.0, 10.0), tvos(7.0, 10.0));
2026-08-03T23:45:51.9811870Z       |                                                              ^
2026-08-03T23:45:51.9913820Z /Users/runner/work/KytyPlus/KytyPlus/3rdparty/SDL2/src/joystick/iphoneos/SDL_mfijoystick.m:1263:13: warning: 'GCGamepad' is deprecated: first deprecated in macOS 10.12 [-Wdeprecated-declarations]
2026-08-03T23:45:52.0014010Z  1263 |             GCGamepad *gamepad = controller.gamepad;
2026-08-03T23:45:52.0115500Z       |             ^~~~~~~~~
2026-08-03T23:45:52.0216090Z       |             GCExtendedGamepad
2026-08-03T23:45:52.0316900Z /Applications/Xcode_26.3.app/Contents/Developer/Platforms/MacOSX.platform/Developer/SDKs/MacOSX.sdk/System/Library/Frameworks/GameController.framework/Headers/GCGamepad.h:27:12: note: 'GCGamepad' has been explicitly marked deprecated here
2026-08-03T23:45:52.0424420Z    27 | @interface GCGamepad : GCPhysicalInputProfile
2026-08-03T23:45:52.0525430Z       |            ^
2026-08-03T23:45:52.0627300Z /Users/runner/work/KytyPlus/KytyPlus/3rdparty/SDL2/src/joystick/iphoneos/SDL_mfijoystick.m:1263:45: warning: 'gamepad' is deprecated: first deprecated in macOS 10.12 [-Wdeprecated-declarations]
2026-08-03T23:45:52.0729910Z  1263 |             GCGamepad *gamepad = controller.gamepad;
2026-08-03T23:45:52.0831480Z       |                                             ^~~~~~~
2026-08-03T23:45:52.0932930Z       |                                             extendedGamepad
2026-08-03T23:45:52.1034560Z /Applications/Xcode_26.3.app/Contents/Developer/Platforms/MacOSX.platform/Developer/SDKs/MacOSX.sdk/System/Library/Frameworks/GameController.framework/Headers/GCController.h:229:62: note: 'gamepad' has been explicitly marked deprecated here
2026-08-03T23:45:52.1136520Z   229 | @property (nonatomic, strong, readonly, nullable) GCGamepad *gamepad API_DEPRECATED_WITH_REPLACEMENT("extendedGamepad", macos(10.9, 10.12), ios(7.0, 10.0), tvos(7.0, 10.0));
2026-08-03T23:45:52.1237940Z       |                                                              ^
2026-08-03T23:45:52.1339580Z /Users/runner/work/KytyPlus/KytyPlus/3rdparty/SDL2/src/joystick/iphoneos/SDL_mfijoystick.m:1803:24: warning: 'controllerPausedHandler' is deprecated: first deprecated in macOS 10.15 - Use the Menu button found on the controller's input profile, if it exists. [-Wdeprecated-declarations]
2026-08-03T23:45:52.1441720Z  1803 |             controller.controllerPausedHandler = nil;
2026-08-03T23:45:52.1542750Z       |                        ^
2026-08-03T23:45:52.1644320Z /Applications/Xcode_26.3.app/Contents/Developer/Platforms/MacOSX.platform/Developer/SDKs/MacOSX.sdk/System/Library/Frameworks/GameController.framework/Headers/GCController.h:158:46: note: 'controllerPausedHandler' has been explicitly marked deprecated here
2026-08-03T23:45:52.1746770Z   158 | @property (nonatomic, copy, nullable) void (^controllerPausedHandler)(GCController *controller) API_DEPRECATED("Use the Menu button found on the controller's input profile, if it exists.", macos(10.9, 10.15), ios(7.0, 13.0), tvos(9.0, 13.0));
2026-08-03T23:45:52.1849890Z       |                                              ^
2026-08-03T23:45:52.1953050Z /Users/runner/work/KytyPlus/KytyPlus/3rdparty/SDL2/src/joystick/iphoneos/SDL_mfijoystick.m:2035:20: warning: 'gamepad' is deprecated: first deprecated in macOS 10.12 [-Wdeprecated-declarations]
2026-08-03T23:45:52.2055820Z  2035 |     if (controller.gamepad) {
2026-08-03T23:45:52.2156920Z       |                    ^~~~~~~
2026-08-03T23:45:52.2258170Z       |                    extendedGamepad
2026-08-03T23:45:52.2360770Z /Applications/Xcode_26.3.app/Contents/Developer/Platforms/MacOSX.platform/Developer/SDKs/MacOSX.sdk/System/Library/Frameworks/GameController.framework/Headers/GCController.h:229:62: note: 'gamepad' has been explicitly marked deprecated here
2026-08-03T23:45:52.2462840Z   229 | @property (nonatomic, strong, readonly, nullable) GCGamepad *gamepad API_DEPRECATED_WITH_REPLACEMENT("extendedGamepad", macos(10.9, 10.12), ios(7.0, 10.0), tvos(7.0, 10.0));
2026-08-03T23:45:52.2564370Z       |                                                              ^
2026-08-03T23:45:52.2666090Z /Users/runner/work/KytyPlus/KytyPlus/3rdparty/SDL2/src/joystick/iphoneos/SDL_mfijoystick.m:2036:27: warning: 'gamepad' is deprecated: first deprecated in macOS 10.12 [-Wdeprecated-declarations]
2026-08-03T23:45:52.2767510Z  2036 |         return controller.gamepad.dpad;
2026-08-03T23:45:52.2868880Z       |                           ^~~~~~~
2026-08-03T23:45:52.2970020Z       |                           extendedGamepad
2026-08-03T23:45:52.3080800Z /Applications/Xcode_26.3.app/Contents/Developer/Platforms/MacOSX.platform/Developer/SDKs/MacOSX.sdk/System/Library/Frameworks/GameController.framework/Headers/GCController.h:229:62: note: 'gamepad' has been explicitly marked deprecated here
2026-08-03T23:45:52.3182790Z   229 | @property (nonatomic, strong, readonly, nullable) GCGamepad *gamepad API_DEPRECATED_WITH_REPLACEMENT("extendedGamepad", macos(10.9, 10.12), ios(7.0, 10.0), tvos(7.0, 10.0));
2026-08-03T23:45:52.3285140Z       |                                                              ^
2026-08-03T23:45:52.3389600Z 10 warnings generated.
2026-08-03T23:45:52.3490840Z [365/716] Building C object 3rdparty/SDL2/CMakeFiles/SDL2-static.dir/src/video/cocoa/SDL_cocoaclipboard.m.o
2026-08-03T23:45:52.3592310Z [366/716] Building C object 3rdparty/SDL2/CMakeFiles/SDL2-static.dir/src/video/cocoa/SDL_cocoaevents.m.o
2026-08-03T23:45:52.3694190Z /Users/runner/work/KytyPlus/KytyPlus/3rdparty/SDL2/src/video/cocoa/SDL_cocoaevents.m:307:36: warning: 'NSApplicationActivateIgnoringOtherApps' is deprecated: first deprecated in macOS 14.0 - ignoringOtherApps is deprecated in macOS 14 and will have no effect. [-Wdeprecated-declarations]
2026-08-03T23:45:52.3796190Z   307 |             [i activateWithOptions:NSApplicationActivateIgnoringOtherApps];
2026-08-03T23:45:52.3897330Z       |                                    ^
2026-08-03T23:45:52.3998970Z /Applications/Xcode_26.3.app/Contents/Developer/Platforms/MacOSX.platform/Developer/SDKs/MacOSX.sdk/System/Library/Frameworks/AppKit.framework/Headers/NSRunningApplication.h:27:5: note: 'NSApplicationActivateIgnoringOtherApps' has been explicitly marked deprecated here
2026-08-03T23:45:52.4101740Z    27 |     NSApplicationActivateIgnoringOtherApps API_DEPRECATED("ignoringOtherApps is deprecated in macOS 14 and will have no effect.", macos(10.6, 14.0)) = 1 << 1
2026-08-03T23:45:52.4203160Z       |     ^
2026-08-03T23:45:52.4304190Z 1 warning generated.
2026-08-03T23:45:52.4405440Z [367/716] Building C object 3rdparty/SDL2/CMakeFiles/SDL2-static.dir/src/video/cocoa/SDL_cocoamessagebox.m.o
2026-08-03T23:45:52.4506890Z [368/716] Building C object 3rdparty/SDL2/CMakeFiles/SDL2-static.dir/src/video/cocoa/SDL_cocoakeyboard.m.o
2026-08-03T23:45:52.9359190Z [369/716] Building C object 3rdparty/SDL2/CMakeFiles/SDL2-static.dir/src/video/cocoa/SDL_cocoametalview.m.o
2026-08-03T23:45:53.2096630Z [370/716] Building C object 3rdparty/SDL2/CMakeFiles/SDL2-static.dir/src/video/cocoa/SDL_cocoamodes.m.o
2026-08-03T23:45:53.2227320Z /Users/runner/work/KytyPlus/KytyPlus/3rdparty/SDL2/src/video/cocoa/SDL_cocoamodes.m:93:23: warning: 'CVDisplayLinkGetNominalOutputVideoRefreshPeriod' is deprecated: first deprecated in macOS 15.0 - use NSView.displayLink(target:selector:), NSWindow.displayLink(target:selector:), or NSScreen.displayLink(target:selector:)  [-Wdeprecated-declarations]
2026-08-03T23:45:53.2229230Z    93 |         CVTime time = CVDisplayLinkGetNominalOutputVideoRefreshPeriod(link);
2026-08-03T23:45:53.2330230Z       |                       ^
2026-08-03T23:45:53.2432080Z /Applications/Xcode_26.3.app/Contents/Developer/Platforms/MacOSX.platform/Developer/SDKs/MacOSX.sdk/System/Library/Frameworks/CoreVideo.framework/Headers/CVDisplayLink.h:182:18: note: 'CVDisplayLinkGetNominalOutputVideoRefreshPeriod' has been explicitly marked deprecated here
2026-08-03T23:45:53.2534150Z   182 | CV_EXPORT CVTime CVDisplayLinkGetNominalOutputVideoRefreshPeriod( CVDisplayLinkRef CV_NONNULL displayLink );
2026-08-03T23:45:53.2636100Z       |                  ^
2026-08-03T23:45:53.2738320Z /Users/runner/work/KytyPlus/KytyPlus/3rdparty/SDL2/src/video/cocoa/SDL_cocoamodes.m:122:23: warning: 'CGDisplayModeCopyPixelEncoding' is deprecated: first deprecated in macOS 10.11 - No longer supported [-Wdeprecated-declarations]
2026-08-03T23:45:53.2839990Z   122 |     CFStringRef fmt = CGDisplayModeCopyPixelEncoding(vidmode);
2026-08-03T23:45:53.2941090Z       |                       ^
2026-08-03T23:45:53.3042760Z /Applications/Xcode_26.3.app/Contents/Developer/Platforms/MacOSX.platform/Developer/SDKs/MacOSX.sdk/System/Library/Frameworks/CoreGraphics.framework/Headers/CGDirectDisplay.h:177:34: note: 'CGDisplayModeCopyPixelEncoding' has been explicitly marked deprecated here
2026-08-03T23:45:53.3144410Z   177 | CG_EXTERN CFStringRef __nullable CGDisplayModeCopyPixelEncoding(
2026-08-03T23:45:53.3246250Z       |                                  ^
2026-08-03T23:45:53.3348150Z /Users/runner/work/KytyPlus/KytyPlus/3rdparty/SDL2/src/video/cocoa/SDL_cocoamodes.m:284:32: warning: 'CGDisplayIOServicePort' is deprecated: first deprecated in macOS 10.9 - No longer supported [-Wdeprecated-declarations]
2026-08-03T23:45:53.3450370Z   284 |     io_service_t servicePort = CGDisplayIOServicePort(displayID);
2026-08-03T23:45:53.3552210Z       |                                ^
2026-08-03T23:45:53.3654030Z /Applications/Xcode_26.3.app/Contents/Developer/Platforms/MacOSX.platform/Developer/SDKs/MacOSX.sdk/System/Library/Frameworks/CoreGraphics.framework/Headers/CGDisplayConfiguration.h:372:24: note: 'CGDisplayIOServicePort' has been explicitly marked deprecated here
2026-08-03T23:45:53.3755850Z   372 | CG_EXTERN io_service_t CGDisplayIOServicePort(CGDirectDisplayID display)
2026-08-03T23:45:53.3857120Z       |                        ^
2026-08-03T23:45:53.3963070Z /Users/runner/work/KytyPlus/KytyPlus/3rdparty/SDL2/src/video/cocoa/SDL_cocoamodes.m:354:13: warning: 'CVDisplayLinkCreateWithCGDisplay' is deprecated: first deprecated in macOS 15.0 - use NSView.displayLink(target:selector:), NSWindow.displayLink(target:selector:), or NSScreen.displayLink(target:selector:)  [-Wdeprecated-declarations]
2026-08-03T23:45:53.4065000Z   354 |             CVDisplayLinkCreateWithCGDisplay(displays[i], &link);
2026-08-03T23:45:53.4167760Z       |             ^
2026-08-03T23:45:53.4269550Z /Applications/Xcode_26.3.app/Contents/Developer/Platforms/MacOSX.platform/Developer/SDKs/MacOSX.sdk/System/Library/Frameworks/CoreVideo.framework/Headers/CVDisplayLink.h:89:20: note: 'CVDisplayLinkCreateWithCGDisplay' has been explicitly marked deprecated here
2026-08-03T23:45:53.4371750Z    89 | CV_EXPORT CVReturn CVDisplayLinkCreateWithCGDisplay(
2026-08-03T23:45:53.4441680Z       |                    ^
2026-08-03T23:45:53.4546490Z /Users/runner/work/KytyPlus/KytyPlus/3rdparty/SDL2/src/video/cocoa/SDL_cocoamodes.m:360:17: warning: 'CVDisplayLinkRelease' is deprecated: first deprecated in macOS 15.0 - use NSView.displayLink(target:selector:), NSWindow.displayLink(target:selector:), or NSScreen.displayLink(target:selector:)  [-Wdeprecated-declarations]
2026-08-03T23:45:53.4650450Z   360 |                 CVDisplayLinkRelease(link);
2026-08-03T23:45:53.4751510Z       |                 ^
2026-08-03T23:45:53.4853340Z /Applications/Xcode_26.3.app/Contents/Developer/Platforms/MacOSX.platform/Developer/SDKs/MacOSX.sdk/System/Library/Frameworks/CoreVideo.framework/Headers/CVDisplayLink.h:249:16: note: 'CVDisplayLinkRelease' has been explicitly marked deprecated here
2026-08-03T23:45:53.4955480Z   249 | CV_EXPORT void CVDisplayLinkRelease( CV_RELEASES_ARGUMENT CVDisplayLinkRef CV_NULLABLE displayLink );
2026-08-03T23:45:53.5057830Z       |                ^
2026-08-03T23:45:53.5163740Z /Users/runner/work/KytyPlus/KytyPlus/3rdparty/SDL2/src/video/cocoa/SDL_cocoamodes.m:367:13: warning: 'CVDisplayLinkRelease' is deprecated: first deprecated in macOS 15.0 - use NSView.displayLink(target:selector:), NSWindow.displayLink(target:selector:), or NSScreen.displayLink(target:selector:)  [-Wdeprecated-declarations]
2026-08-03T23:45:53.5269620Z   367 |             CVDisplayLinkRelease(link);
2026-08-03T23:45:53.5371160Z       |             ^
2026-08-03T23:45:53.5563470Z /Applications/Xcode_26.3.app/Contents/Developer/Platforms/MacOSX.platform/Developer/SDKs/MacOSX.sdk/System/Library/Frameworks/CoreVideo.framework/Headers/CVDisplayLink.h:249:16: note: 'CVDisplayLinkRelease' has been explicitly marked deprecated here
2026-08-03T23:45:53.5566690Z   249 | CV_EXPORT void CVDisplayLinkRelease( CV_RELEASES_ARGUMENT CVDisplayLinkRef CV_NULLABLE displayLink );
2026-08-03T23:45:53.5669040Z       |                ^
2026-08-03T23:45:53.5773320Z /Users/runner/work/KytyPlus/KytyPlus/3rdparty/SDL2/src/video/cocoa/SDL_cocoamodes.m:512:5: warning: 'CVDisplayLinkCreateWithCGDisplay' is deprecated: first deprecated in macOS 15.0 - use NSView.displayLink(target:selector:), NSWindow.displayLink(target:selector:), or NSScreen.displayLink(target:selector:)  [-Wdeprecated-declarations]
2026-08-03T23:45:53.5876720Z   512 |     CVDisplayLinkCreateWithCGDisplay(data->display, &link);
2026-08-03T23:45:53.5979160Z       |     ^
2026-08-03T23:45:53.6081690Z /Applications/Xcode_26.3.app/Contents/Developer/Platforms/MacOSX.platform/Developer/SDKs/MacOSX.sdk/System/Library/Frameworks/CoreVideo.framework/Headers/CVDisplayLink.h:89:20: note: 'CVDisplayLinkCreateWithCGDisplay' has been explicitly marked deprecated here
2026-08-03T23:45:53.6183590Z    89 | CV_EXPORT CVReturn CVDisplayLinkCreateWithCGDisplay(
2026-08-03T23:45:53.6284780Z       |                    ^
2026-08-03T23:45:53.6387190Z /Users/runner/work/KytyPlus/KytyPlus/3rdparty/SDL2/src/video/cocoa/SDL_cocoamodes.m:580:5: warning: 'CVDisplayLinkRelease' is deprecated: first deprecated in macOS 15.0 - use NSView.displayLink(target:selector:), NSWindow.displayLink(target:selector:), or NSScreen.displayLink(target:selector:)  [-Wdeprecated-declarations]
2026-08-03T23:45:53.6495810Z   580 |     CVDisplayLinkRelease(link);
2026-08-03T23:45:53.6597090Z       |     ^
2026-08-03T23:45:53.6698600Z /Applications/Xcode_26.3.app/Contents/Developer/Platforms/MacOSX.platform/Developer/SDKs/MacOSX.sdk/System/Library/Frameworks/CoreVideo.framework/Headers/CVDisplayLink.h:249:16: note: 'CVDisplayLinkRelease' has been explicitly marked deprecated here
2026-08-03T23:45:53.6800740Z   249 | CV_EXPORT void CVDisplayLinkRelease( CV_RELEASES_ARGUMENT CVDisplayLinkRef CV_NULLABLE displayLink );
2026-08-03T23:45:53.6866700Z       |                ^
2026-08-03T23:45:53.6967610Z 8 warnings generated.
2026-08-03T23:45:53.7068300Z [371/716] Building C object 3rdparty/SDL2/CMakeFiles/SDL2-static.dir/src/video/cocoa/SDL_cocoamouse.m.o
2026-08-03T23:45:53.7168810Z [372/716] Building C object 3rdparty/SDL2/CMakeFiles/SDL2-static.dir/src/video/cocoa/SDL_cocoaopengles.m.o
2026-08-03T23:45:53.7269840Z [373/716] Building C object 3rdparty/SDL2/CMakeFiles/SDL2-static.dir/src/video/cocoa/SDL_cocoaopengl.m.o
2026-08-03T23:45:54.2426130Z [374/716] Building C object 3rdparty/SDL2/CMakeFiles/SDL2-static.dir/src/video/cocoa/SDL_cocoashape.m.o
2026-08-03T23:45:54.2526890Z /Users/runner/work/KytyPlus/KytyPlus/3rdparty/SDL2/src/video/cocoa/SDL_cocoashape.m:67:38: warning: 'graphicsContext' is deprecated: first deprecated in macOS 10.14 - Add instances of NSView to display content in a window. [-Wdeprecated-declarations]
2026-08-03T23:45:54.2626410Z    67 |     data.context = [windata.nswindow graphicsContext];
2026-08-03T23:45:54.2743560Z       |                                      ^
2026-08-03T23:45:54.2845250Z /Applications/Xcode_26.3.app/Contents/Developer/Platforms/MacOSX.platform/Developer/SDKs/MacOSX.sdk/System/Library/Frameworks/AppKit.framework/Headers/NSWindow.h:1019:59: note: property 'graphicsContext' is declared deprecated here
2026-08-03T23:45:54.2945380Z  1019 | @property (nullable, readonly, strong) NSGraphicsContext *graphicsContext API_DEPRECATED("Add instances of NSView to display content in a window.", macos(10.0,10.14));
2026-08-03T23:45:54.3046810Z       |                                                           ^
2026-08-03T23:45:54.3148380Z /Applications/Xcode_26.3.app/Contents/Developer/Platforms/MacOSX.platform/Developer/SDKs/MacOSX.sdk/System/Library/Frameworks/AppKit.framework/Headers/NSWindow.h:1019:59: note: 'graphicsContext' has been explicitly marked deprecated here
2026-08-03T23:45:54.3248070Z 1 warning generated.
2026-08-03T23:45:54.3349700Z [375/716] Building C object 3rdparty/SDL2/CMakeFiles/SDL2-static.dir/src/thread/pthread/SDL_systhread.c.o
2026-08-03T23:45:54.3952290Z [376/716] Building C object 3rdparty/SDL2/CMakeFiles/SDL2-static.dir/src/thread/pthread/SDL_sysmutex.c.o
2026-08-03T23:45:54.4754380Z [377/716] Building C object 3rdparty/SDL2/CMakeFiles/SDL2-static.dir/src/thread/pthread/SDL_syscond.c.o
2026-08-03T23:45:54.5455860Z [378/716] Building C object 3rdparty/SDL2/CMakeFiles/SDL2-static.dir/src/thread/pthread/SDL_systls.c.o
2026-08-03T23:45:54.5656530Z [379/716] Building C object 3rdparty/SDL2/CMakeFiles/SDL2-static.dir/src/video/cocoa/SDL_cocoavulkan.m.o
2026-08-03T23:45:54.6268380Z [380/716] Building C object 3rdparty/SDL2/CMakeFiles/SDL2-static.dir/src/thread/pthread/SDL_syssem.c.o
2026-08-03T23:45:54.6269130Z [381/716] Building C object 3rdparty/SDL2/CMakeFiles/SDL2-static.dir/src/sensor/dummy/SDL_dummysensor.c.o
2026-08-03T23:45:54.7175120Z [382/716] Building C object 3rdparty/SDL2/CMakeFiles/SDL2-static.dir/src/video/cocoa/SDL_cocoavideo.m.o
2026-08-03T23:45:54.9531330Z [383/716] Building C object 3rdparty/SDL2/CMakeFiles/SDL2-static.dir/src/render/metal/SDL_render_metal.m.o
2026-08-03T23:45:55.4262030Z [384/716] Building C object 3rdparty/SDL2/CMakeFiles/SDL2-static.dir/src/video/cocoa/SDL_cocoawindow.m.o
2026-08-03T23:45:55.4365570Z /Users/runner/work/KytyPlus/KytyPlus/3rdparty/SDL2/src/video/cocoa/SDL_cocoawindow.m:164:47: warning: 'NSFilenamesPboardType' is deprecated: first deprecated in macOS 10.14 - Create multiple pasteboard items with NSPasteboardTypeFileURL or kUTTypeFileURL instead [-Wdeprecated-declarations]
2026-08-03T23:45:55.4497160Z   164 |     NSArray *types = [NSArray arrayWithObject:NSFilenamesPboardType];
2026-08-03T23:45:55.4605110Z       |                                               ^
2026-08-03T23:45:55.4725640Z /Applications/Xcode_26.3.app/Contents/Developer/Platforms/MacOSX.platform/Developer/SDKs/MacOSX.sdk/System/Library/Frameworks/AppKit.framework/Headers/NSPasteboard.h:505:32: note: 'NSFilenamesPboardType' has been explicitly marked deprecated here
2026-08-03T23:45:55.4852880Z   505 | APPKIT_EXTERN NSPasteboardType NSFilenamesPboardType API_DEPRECATED("Create multiple pasteboard items with NSPasteboardTypeFileURL or kUTTypeFileURL instead", macos(10.0,10.14));
2026-08-03T23:45:55.4948070Z       |                                ^
2026-08-03T23:45:55.5072510Z /Users/runner/work/KytyPlus/KytyPlus/3rdparty/SDL2/src/video/cocoa/SDL_cocoawindow.m:182:45: warning: 'NSFilenamesPboardType' is deprecated: first deprecated in macOS 10.14 - Create multiple pasteboard items with NSPasteboardTypeFileURL or kUTTypeFileURL instead [-Wdeprecated-declarations]
2026-08-03T23:45:55.5198170Z   182 |     SDL_assert([desiredType isEqualToString:NSFilenamesPboardType]);
2026-08-03T23:45:55.5331910Z       |                                             ^
2026-08-03T23:45:55.5444270Z /Applications/Xcode_26.3.app/Contents/Developer/Platforms/MacOSX.platform/Developer/SDKs/MacOSX.sdk/System/Library/Frameworks/AppKit.framework/Headers/NSPasteboard.h:505:32: note: 'NSFilenamesPboardType' has been explicitly marked deprecated here
2026-08-03T23:45:55.5561330Z   505 | APPKIT_EXTERN NSPasteboardType NSFilenamesPboardType API_DEPRECATED("Create multiple pasteboard items with NSPasteboardTypeFileURL or kUTTypeFileURL instead", macos(10.0,10.14));
2026-08-03T23:45:55.5680710Z       |                                ^
2026-08-03T23:45:55.5783000Z /Users/runner/work/KytyPlus/KytyPlus/3rdparty/SDL2/src/video/cocoa/SDL_cocoawindow.m:534:11: warning: 'setAcceptsTouchEvents:' is deprecated: first deprecated in macOS 10.12.2 - Use allowedTouchTypes instead [-Wdeprecated-declarations]
2026-08-03T23:45:55.5814190Z   534 |     [view setAcceptsTouchEvents:YES];
2026-08-03T23:45:55.5918210Z       |           ^
2026-08-03T23:45:55.6020130Z /Applications/Xcode_26.3.app/Contents/Developer/Platforms/MacOSX.platform/Developer/SDKs/MacOSX.sdk/System/Library/Frameworks/AppKit.framework/Headers/NSView.h:231:16: note: property 'acceptsTouchEvents' is declared deprecated here
2026-08-03T23:45:55.6121970Z   231 | @property BOOL acceptsTouchEvents API_DEPRECATED("Use allowedTouchTypes instead", macos(10.6,10.12.2));
2026-08-03T23:45:55.6223230Z       |                ^
2026-08-03T23:45:55.6324980Z /Applications/Xcode_26.3.app/Contents/Developer/Platforms/MacOSX.platform/Developer/SDKs/MacOSX.sdk/System/Library/Frameworks/AppKit.framework/Headers/NSView.h:231:16: note: 'setAcceptsTouchEvents:' has been explicitly marked deprecated here
2026-08-03T23:45:55.6427190Z /Users/runner/work/KytyPlus/KytyPlus/3rdparty/SDL2/src/video/cocoa/SDL_cocoawindow.m:1758:15: warning: 'setOneShot:' is deprecated: first deprecated in macOS 10.14 - This property does not do anything and should not be used [-Wdeprecated-declarations]
2026-08-03T23:45:55.6529360Z  1758 |     [nswindow setOneShot:NO];
2026-08-03T23:45:55.6630700Z       |               ^
2026-08-03T23:45:55.6732430Z /Applications/Xcode_26.3.app/Contents/Developer/Platforms/MacOSX.platform/Developer/SDKs/MacOSX.sdk/System/Library/Frameworks/AppKit.framework/Headers/NSWindow.h:1021:35: note: property 'oneShot' is declared deprecated here
2026-08-03T23:45:55.6835260Z  1021 | @property (getter=isOneShot) BOOL oneShot API_DEPRECATED("This property does not do anything and should not be used", macos(10.0,10.14));
2026-08-03T23:45:55.6938080Z       |                                   ^
2026-08-03T23:45:55.7042180Z /Applications/Xcode_26.3.app/Contents/Developer/Platforms/MacOSX.platform/Developer/SDKs/MacOSX.sdk/System/Library/Frameworks/AppKit.framework/Headers/NSWindow.h:1021:35: note: 'setOneShot:' has been explicitly marked deprecated here
2026-08-03T23:45:55.7145930Z /Users/runner/work/KytyPlus/KytyPlus/3rdparty/SDL2/src/video/cocoa/SDL_cocoawindow.m:2240:27: warning: variable length array folded to constant array as an extension [-Wgnu-folding-constant]
2026-08-03T23:45:55.7247610Z  2240 |     CGGammaValue redTable[tableSize];
2026-08-03T23:45:55.7349460Z       |                           ^~~~~~~~~
2026-08-03T23:45:55.7451260Z /Users/runner/work/KytyPlus/KytyPlus/3rdparty/SDL2/src/video/cocoa/SDL_cocoawindow.m:2241:29: warning: variable length array folded to constant array as an extension [-Wgnu-folding-constant]
2026-08-03T23:45:55.7585830Z  2241 |     CGGammaValue greenTable[tableSize];
2026-08-03T23:45:55.7708460Z       |                             ^~~~~~~~~
2026-08-03T23:45:55.7814860Z /Users/runner/work/KytyPlus/KytyPlus/3rdparty/SDL2/src/video/cocoa/SDL_cocoawindow.m:2242:28: warning: variable length array folded to constant array as an extension [-Wgnu-folding-constant]
2026-08-03T23:45:55.7915330Z  2242 |     CGGammaValue blueTable[tableSize];
2026-08-03T23:45:55.8017730Z       |                            ^~~~~~~~~
2026-08-03T23:45:55.8039640Z /Users/runner/work/KytyPlus/KytyPlus/3rdparty/SDL2/src/video/cocoa/SDL_cocoawindow.m:2339:27: warning: variable length array folded to constant array as an extension [-Wgnu-folding-constant]
2026-08-03T23:45:55.8166540Z  2339 |     CGGammaValue redTable[tableSize];
2026-08-03T23:45:55.8269080Z       |                           ^~~~~~~~~
2026-08-03T23:45:55.8371930Z /Users/runner/work/KytyPlus/KytyPlus/3rdparty/SDL2/src/video/cocoa/SDL_cocoawindow.m:2340:29: warning: variable length array folded to constant array as an extension [-Wgnu-folding-constant]
2026-08-03T23:45:55.8474100Z  2340 |     CGGammaValue greenTable[tableSize];
2026-08-03T23:45:55.8584830Z       |                             ^~~~~~~~~
2026-08-03T23:45:55.8690300Z /Users/runner/work/KytyPlus/KytyPlus/3rdparty/SDL2/src/video/cocoa/SDL_cocoawindow.m:2341:28: warning: variable length array folded to constant array as an extension [-Wgnu-folding-constant]
2026-08-03T23:45:55.8792770Z  2341 |     CGGammaValue blueTable[tableSize];
2026-08-03T23:45:55.8893970Z       |                            ^~~~~~~~~
2026-08-03T23:45:55.8996230Z /Users/runner/work/KytyPlus/KytyPlus/3rdparty/SDL2/src/video/cocoa/SDL_cocoawindow.m:2501:85: warning: 'kUTTypeFileURL' is deprecated: first deprecated in macOS 12.0 - Use UTTypeFileURL or UTType.fileURL (swift) instead. [-Wdeprecated-declarations]
2026-08-03T23:45:55.9098380Z  2501 |         [data.nswindow registerForDraggedTypes:[NSArray arrayWithObject:(NSString *)kUTTypeFileURL]];
2026-08-03T23:45:55.9199670Z       |                                                                                     ^
2026-08-03T23:45:55.9301650Z /Applications/Xcode_26.3.app/Contents/Developer/Platforms/MacOSX.platform/Developer/SDKs/MacOSX.sdk/System/Library/Frameworks/CoreServices.framework/Frameworks/LaunchServices.framework/Headers/UTCoreTypes.h:211:26: note: 'kUTTypeFileURL' has been explicitly marked deprecated here
2026-08-03T23:45:55.9403990Z   211 | extern const CFStringRef kUTTypeFileURL                              API_DEPRECATED("Use UTTypeFileURL or UTType.fileURL (swift) instead.", ios(3.0, 15.0), macos(10.4, 12.0), tvos(9.0, 15.0), watchos(1.0, 8.0));
2026-08-03T23:45:55.9512240Z       |                          ^
2026-08-03T23:45:55.9624280Z 11 warnings generated.
2026-08-03T23:45:55.9730420Z [385/716] Linking CXX static library 3rdparty/SPIRV-Tools/source/libSPIRV-Tools.a
2026-08-03T23:46:00.8815250Z [386/716] Building CXX object 3rdparty/SPIRV-Tools/source/opt/CMakeFiles/SPIRV-Tools-opt.dir/fix_func_call_arguments.cpp.o
2026-08-03T23:46:00.9422100Z [387/716] Building CXX object 3rdparty/SPIRV-Tools/source/opt/CMakeFiles/SPIRV-Tools-opt.dir/analyze_live_input_pass.cpp.o
2026-08-03T23:46:02.5693440Z [388/716] Building CXX object 3rdparty/SPIRV-Tools/source/opt/CMakeFiles/SPIRV-Tools-opt.dir/basic_block.cpp.o
2026-08-03T23:46:04.2910830Z [389/716] Building CXX object 3rdparty/SPIRV-Tools/source/opt/CMakeFiles/SPIRV-Tools-opt.dir/amd_ext_to_khr.cpp.o
2026-08-03T23:46:04.8889490Z [390/716] Building CXX object 3rdparty/SPIRV-Tools/source/opt/CMakeFiles/SPIRV-Tools-opt.dir/aggressive_dead_code_elim_pass.cpp.o
2026-08-03T23:46:06.3302920Z [391/716] Building CXX object 3rdparty/SPIRV-Tools/source/opt/CMakeFiles/SPIRV-Tools-opt.dir/block_merge_pass.cpp.o
2026-08-03T23:46:07.6490340Z [392/716] Building CXX object 3rdparty/SPIRV-Tools/source/opt/CMakeFiles/SPIRV-Tools-opt.dir/block_merge_util.cpp.o
2026-08-03T23:46:09.5000010Z [393/716] Building CXX object 3rdparty/SPIRV-Tools/source/opt/CMakeFiles/SPIRV-Tools-opt.dir/build_module.cpp.o
2026-08-03T23:46:11.3136200Z [394/716] Building CXX object 3rdparty/SPIRV-Tools/source/opt/CMakeFiles/SPIRV-Tools-opt.dir/cfg_cleanup_pass.cpp.o
2026-08-03T23:46:12.2281030Z [395/716] Building CXX object 3rdparty/SPIRV-Tools/source/opt/CMakeFiles/SPIRV-Tools-opt.dir/ccp_pass.cpp.o
2026-08-03T23:46:15.9027110Z [396/716] Building CXX object 3rdparty/SPIRV-Tools/source/opt/CMakeFiles/SPIRV-Tools-opt.dir/code_sink.cpp.o
2026-08-03T23:46:16.8168430Z [397/716] Building CXX object 3rdparty/SPIRV-Tools/source/opt/CMakeFiles/SPIRV-Tools-opt.dir/cfg.cpp.o
2026-08-03T23:46:17.2039840Z [398/716] Building CXX object 3rdparty/SPIRV-Tools/source/opt/CMakeFiles/SPIRV-Tools-opt.dir/compact_ids_pass.cpp.o
2026-08-03T23:46:17.5258020Z [399/716] Building CXX object 3rdparty/SPIRV-Tools/source/opt/CMakeFiles/SPIRV-Tools-opt.dir/combine_access_chains.cpp.o
2026-08-03T23:46:17.8040380Z [400/716] Building CXX object 3rdparty/SPIRV-Tools/source/opt/CMakeFiles/SPIRV-Tools-opt.dir/composite.cpp.o
2026-08-03T23:46:20.1787320Z [401/716] Building CXX object 3rdparty/SPIRV-Tools/source/opt/CMakeFiles/SPIRV-Tools-opt.dir/control_dependence.cpp.o
2026-08-03T23:46:23.5218430Z [402/716] Building CXX object 3rdparty/SPIRV-Tools/source/opt/CMakeFiles/SPIRV-Tools-opt.dir/constants.cpp.o
2026-08-03T23:46:23.9864030Z [403/716] Building CXX object 3rdparty/SPIRV-Tools/source/opt/CMakeFiles/SPIRV-Tools-opt.dir/convert_to_sampled_image_pass.cpp.o
2026-08-03T23:46:25.8806220Z [404/716] Building CXX object 3rdparty/SPIRV-Tools/source/opt/CMakeFiles/SPIRV-Tools-opt.dir/convert_to_half_pass.cpp.o
2026-08-03T23:46:28.0698670Z [405/716] Building CXX object 3rdparty/SPIRV-Tools/source/opt/CMakeFiles/SPIRV-Tools-opt.dir/const_folding_rules.cpp.o
2026-08-03T23:46:28.5819490Z [406/716] Building CXX object 3rdparty/SPIRV-Tools/source/opt/CMakeFiles/SPIRV-Tools-opt.dir/copy_prop_arrays.cpp.o
2026-08-03T23:46:30.6423150Z [407/716] Building CXX object 3rdparty/SPIRV-Tools/source/opt/CMakeFiles/SPIRV-Tools-opt.dir/dataflow.cpp.o
2026-08-03T23:46:32.5171540Z [408/716] Building CXX object 3rdparty/SPIRV-Tools/source/opt/CMakeFiles/SPIRV-Tools-opt.dir/dead_insert_elim_pass.cpp.o
2026-08-03T23:46:33.3509540Z [409/716] Building CXX object 3rdparty/SPIRV-Tools/source/opt/CMakeFiles/SPIRV-Tools-opt.dir/dead_branch_elim_pass.cpp.o
2026-08-03T23:46:33.9260510Z [410/716] Building CXX object 3rdparty/SPIRV-Tools/source/opt/CMakeFiles/SPIRV-Tools-opt.dir/dead_variable_elimination.cpp.o
2026-08-03T23:46:36.1064380Z [411/716] Building CXX object 3rdparty/SPIRV-Tools/source/opt/CMakeFiles/SPIRV-Tools-opt.dir/decoration_manager.cpp.o
2026-08-03T23:46:36.1267950Z [412/716] Building CXX object 3rdparty/SPIRV-Tools/source/opt/CMakeFiles/SPIRV-Tools-opt.dir/def_use_manager.cpp.o
2026-08-03T23:46:38.9399270Z [413/716] Building CXX object 3rdparty/SPIRV-Tools/source/opt/CMakeFiles/SPIRV-Tools-opt.dir/debug_info_manager.cpp.o
2026-08-03T23:46:39.5359450Z [414/716] Building CXX object 3rdparty/SPIRV-Tools/source/opt/CMakeFiles/SPIRV-Tools-opt.dir/desc_sroa_util.cpp.o
2026-08-03T23:46:40.8336360Z [415/716] Building CXX object 3rdparty/SPIRV-Tools/source/opt/CMakeFiles/SPIRV-Tools-opt.dir/desc_sroa.cpp.o
2026-08-03T23:46:41.8726700Z [416/716] Building CXX object 3rdparty/SPIRV-Tools/source/opt/CMakeFiles/SPIRV-Tools-opt.dir/dominator_analysis.cpp.o
2026-08-03T23:46:44.5691720Z [417/716] Building CXX object 3rdparty/SPIRV-Tools/source/opt/CMakeFiles/SPIRV-Tools-opt.dir/eliminate_dead_constant_pass.cpp.o
2026-08-03T23:46:44.8604130Z [418/716] Building CXX object 3rdparty/SPIRV-Tools/source/opt/CMakeFiles/SPIRV-Tools-opt.dir/eliminate_dead_functions_pass.cpp.o
2026-08-03T23:46:44.9414910Z [419/716] Building CXX object 3rdparty/SPIRV-Tools/source/opt/CMakeFiles/SPIRV-Tools-opt.dir/dominator_tree.cpp.o
2026-08-03T23:46:46.2760380Z [420/716] Building CXX object 3rdparty/SPIRV-Tools/source/opt/CMakeFiles/SPIRV-Tools-opt.dir/eliminate_dead_functions_util.cpp.o
2026-08-03T23:46:47.5198860Z [421/716] Building CXX object 3rdparty/SPIRV-Tools/source/opt/CMakeFiles/SPIRV-Tools-opt.dir/feature_manager.cpp.o
2026-08-03T23:46:48.2519790Z [422/716] Building CXX object 3rdparty/SPIRV-Tools/source/opt/CMakeFiles/SPIRV-Tools-opt.dir/eliminate_dead_io_components_pass.cpp.o
2026-08-03T23:46:50.6872370Z [423/716] Building CXX object 3rdparty/SPIRV-Tools/source/opt/CMakeFiles/SPIRV-Tools-opt.dir/eliminate_dead_output_stores_pass.cpp.o
2026-08-03T23:46:51.6144230Z [424/716] Building CXX object 3rdparty/SPIRV-Tools/source/opt/CMakeFiles/SPIRV-Tools-opt.dir/eliminate_dead_members_pass.cpp.o
2026-08-03T23:46:52.2488620Z [425/716] Building CXX object 3rdparty/SPIRV-Tools/source/opt/CMakeFiles/SPIRV-Tools-opt.dir/fix_storage_class.cpp.o
2026-08-03T23:46:53.2843030Z [426/716] Building CXX object 3rdparty/SPIRV-Tools/source/opt/CMakeFiles/SPIRV-Tools-opt.dir/flatten_decoration_pass.cpp.o
2026-08-03T23:46:53.9776850Z [427/716] Building CXX object 3rdparty/SPIRV-Tools/source/opt/CMakeFiles/SPIRV-Tools-opt.dir/fold.cpp.o
2026-08-03T23:46:57.2225240Z [428/716] Building CXX object 3rdparty/SPIRV-Tools/source/opt/CMakeFiles/SPIRV-Tools-opt.dir/freeze_spec_constant_value_pass.cpp.o
2026-08-03T23:46:57.9264310Z [429/716] Building CXX object 3rdparty/SPIRV-Tools/source/opt/CMakeFiles/SPIRV-Tools-opt.dir/fold_spec_constant_op_and_composite_pass.cpp.o
2026-08-03T23:46:59.7078130Z [430/716] Building CXX object 3rdparty/SPIRV-Tools/source/opt/CMakeFiles/SPIRV-Tools-opt.dir/function.cpp.o
2026-08-03T23:47:00.9647670Z [431/716] Building CXX object 3rdparty/SPIRV-Tools/source/opt/CMakeFiles/SPIRV-Tools-opt.dir/graphics_robust_access_pass.cpp.o
2026-08-03T23:47:03.3739700Z [432/716] Building CXX object 3rdparty/SPIRV-Tools/source/opt/CMakeFiles/SPIRV-Tools-opt.dir/inline_exhaustive_pass.cpp.o
2026-08-03T23:47:04.0713140Z [433/716] Building CXX object 3rdparty/SPIRV-Tools/source/opt/CMakeFiles/SPIRV-Tools-opt.dir/if_conversion.cpp.o
2026-08-03T23:47:04.3794460Z [434/716] Building CXX object 3rdparty/SPIRV-Tools/source/opt/CMakeFiles/SPIRV-Tools-opt.dir/folding_rules.cpp.o
2026-08-03T23:47:05.1110450Z [435/716] Building CXX object 3rdparty/SPIRV-Tools/source/opt/CMakeFiles/SPIRV-Tools-opt.dir/inline_opaque_pass.cpp.o
2026-08-03T23:47:05.9118790Z [436/716] Building CXX object 3rdparty/SPIRV-Tools/source/opt/CMakeFiles/SPIRV-Tools-opt.dir/instruction_list.cpp.o
2026-08-03T23:47:09.2872740Z [437/716] Building CXX object 3rdparty/SPIRV-Tools/source/opt/CMakeFiles/SPIRV-Tools-opt.dir/inline_pass.cpp.o
2026-08-03T23:47:11.3113650Z [438/716] Building CXX object 3rdparty/SPIRV-Tools/source/opt/CMakeFiles/SPIRV-Tools-opt.dir/instruction.cpp.o
2026-08-03T23:47:12.2714980Z [439/716] Building CXX object 3rdparty/SPIRV-Tools/source/opt/CMakeFiles/SPIRV-Tools-opt.dir/interp_fixup_pass.cpp.o
2026-08-03T23:47:12.4178780Z [440/716] Building CXX object 3rdparty/SPIRV-Tools/source/opt/CMakeFiles/SPIRV-Tools-opt.dir/interface_var_sroa.cpp.o
2026-08-03T23:47:13.7934690Z [441/716] Building CXX object 3rdparty/SPIRV-Tools/source/opt/CMakeFiles/SPIRV-Tools-opt.dir/invocation_interlock_placement_pass.cpp.o
2026-08-03T23:47:15.2836410Z [442/716] Building CXX object 3rdparty/SPIRV-Tools/source/opt/CMakeFiles/SPIRV-Tools-opt.dir/opextinst_forward_ref_fixup_pass.cpp.o
2026-08-03T23:47:18.3020710Z [443/716] Building CXX object 3rdparty/SPIRV-Tools/source/opt/CMakeFiles/SPIRV-Tools-opt.dir/ir_loader.cpp.o
2026-08-03T23:47:18.3122730Z [444/716] Building CXX object 3rdparty/SPIRV-Tools/source/opt/CMakeFiles/SPIRV-Tools-opt.dir/licm_pass.cpp.o
2026-08-03T23:47:20.1290300Z [445/716] Building CXX object 3rdparty/SPIRV-Tools/source/opt/CMakeFiles/SPIRV-Tools-opt.dir/liveness.cpp.o
2026-08-03T23:47:22.5479650Z [446/716] Building CXX object 3rdparty/SPIRV-Tools/source/opt/CMakeFiles/SPIRV-Tools-opt.dir/ir_context.cpp.o
2026-08-03T23:47:24.0110060Z [447/716] Building CXX object 3rdparty/SPIRV-Tools/source/opt/CMakeFiles/SPIRV-Tools-opt.dir/local_access_chain_convert_pass.cpp.o
2026-08-03T23:47:24.7437780Z [448/716] Building CXX object 3rdparty/SPIRV-Tools/source/opt/CMakeFiles/SPIRV-Tools-opt.dir/local_redundancy_elimination.cpp.o
2026-08-03T23:47:25.9657710Z [449/716] Building CXX object 3rdparty/SPIRV-Tools/source/opt/CMakeFiles/SPIRV-Tools-opt.dir/local_single_block_elim_pass.cpp.o
2026-08-03T23:47:27.5128620Z [450/716] Building CXX object 3rdparty/SPIRV-Tools/source/opt/CMakeFiles/SPIRV-Tools-opt.dir/local_single_store_elim_pass.cpp.o
2026-08-03T23:47:29.8641040Z [451/716] Building CXX object 3rdparty/SPIRV-Tools/source/opt/CMakeFiles/SPIRV-Tools-opt.dir/loop_dependence.cpp.o
2026-08-03T23:47:30.0012150Z [452/716] Building CXX object 3rdparty/SPIRV-Tools/source/opt/CMakeFiles/SPIRV-Tools-opt.dir/loop_dependence_helpers.cpp.o
2026-08-03T23:47:33.9811060Z [453/716] Building CXX object 3rdparty/SPIRV-Tools/source/opt/CMakeFiles/SPIRV-Tools-opt.dir/loop_descriptor.cpp.o
2026-08-03T23:47:34.2427020Z [454/716] Building CXX object 3rdparty/SPIRV-Tools/source/opt/CMakeFiles/SPIRV-Tools-opt.dir/loop_fission.cpp.o
2026-08-03T23:47:35.6701910Z [455/716] Building CXX object 3rdparty/SPIRV-Tools/source/opt/CMakeFiles/SPIRV-Tools-opt.dir/loop_fusion_pass.cpp.o
2026-08-03T23:47:36.3352070Z [456/716] Building CXX object 3rdparty/SPIRV-Tools/source/opt/CMakeFiles/SPIRV-Tools-opt.dir/loop_fusion.cpp.o
2026-08-03T23:47:40.2698470Z [457/716] Building CXX object 3rdparty/SPIRV-Tools/source/opt/CMakeFiles/SPIRV-Tools-opt.dir/loop_peeling.cpp.o
2026-08-03T23:47:42.0133790Z [458/716] Building CXX object 3rdparty/SPIRV-Tools/source/opt/CMakeFiles/SPIRV-Tools-opt.dir/loop_unroller.cpp.o
2026-08-03T23:47:43.3841910Z [459/716] Building CXX object 3rdparty/SPIRV-Tools/source/opt/CMakeFiles/SPIRV-Tools-opt.dir/loop_utils.cpp.o
2026-08-03T23:47:44.0247550Z [460/716] Building CXX object 3rdparty/SPIRV-Tools/source/opt/CMakeFiles/SPIRV-Tools-opt.dir/mem_pass.cpp.o
2026-08-03T23:47:46.0937180Z [461/716] Building CXX object 3rdparty/SPIRV-Tools/source/opt/CMakeFiles/SPIRV-Tools-opt.dir/loop_unswitch_pass.cpp.o
2026-08-03T23:47:48.3766830Z [462/716] Building CXX object 3rdparty/SPIRV-Tools/source/opt/CMakeFiles/SPIRV-Tools-opt.dir/modify_maximal_reconvergence.cpp.o
2026-08-03T23:47:50.4189520Z [463/716] Building CXX object 3rdparty/SPIRV-Tools/source/opt/CMakeFiles/SPIRV-Tools-opt.dir/module.cpp.o
2026-08-03T23:47:50.8360200Z [464/716] Building CXX object 3rdparty/SPIRV-Tools/source/opt/CMakeFiles/SPIRV-Tools-opt.dir/merge_return_pass.cpp.o
2026-08-03T23:47:52.3849710Z [465/716] Building CXX object 3rdparty/SPIRV-Tools/source/opt/CMakeFiles/SPIRV-Tools-opt.dir/pass.cpp.o
2026-08-03T23:47:53.6861360Z [466/716] Building CXX object 3rdparty/SPIRV-Tools/source/opt/CMakeFiles/SPIRV-Tools-opt.dir/pass_manager.cpp.o
2026-08-03T23:47:54.6876760Z [467/716] Building CXX object 3rdparty/SPIRV-Tools/source/opt/CMakeFiles/SPIRV-Tools-opt.dir/optimizer.cpp.o
2026-08-03T23:47:57.4815260Z [468/716] Building CXX object 3rdparty/SPIRV-Tools/source/opt/CMakeFiles/SPIRV-Tools-opt.dir/private_to_local_pass.cpp.o
2026-08-03T23:47:58.5997680Z [469/716] Building CXX object 3rdparty/SPIRV-Tools/source/opt/CMakeFiles/SPIRV-Tools-opt.dir/propagator.cpp.o
2026-08-03T23:47:59.2992950Z [470/716] Building CXX object 3rdparty/SPIRV-Tools/source/opt/CMakeFiles/SPIRV-Tools-opt.dir/reduce_load_size.cpp.o
2026-08-03T23:47:59.6910400Z [471/716] Building CXX object 3rdparty/SPIRV-Tools/source/opt/CMakeFiles/SPIRV-Tools-opt.dir/redundancy_elimination.cpp.o
2026-08-03T23:48:03.4199410Z [472/716] Building CXX object 3rdparty/SPIRV-Tools/source/opt/CMakeFiles/SPIRV-Tools-opt.dir/register_pressure.cpp.o
2026-08-03T23:48:03.8542050Z [473/716] Building CXX object 3rdparty/SPIRV-Tools/source/opt/CMakeFiles/SPIRV-Tools-opt.dir/relax_float_ops_pass.cpp.o
2026-08-03T23:48:04.3811700Z [474/716] Building CXX object 3rdparty/SPIRV-Tools/source/opt/CMakeFiles/SPIRV-Tools-opt.dir/remove_dontinline_pass.cpp.o
2026-08-03T23:48:05.2033720Z [475/716] Building CXX object 3rdparty/SPIRV-Tools/source/opt/CMakeFiles/SPIRV-Tools-opt.dir/canonicalize_ids_pass.cpp.o
2026-08-03T23:48:06.4136150Z [476/716] Building CXX object 3rdparty/SPIRV-Tools/source/opt/CMakeFiles/SPIRV-Tools-opt.dir/remove_duplicates_pass.cpp.o
2026-08-03T23:48:09.4668230Z [477/716] Building CXX object 3rdparty/SPIRV-Tools/source/opt/CMakeFiles/SPIRV-Tools-opt.dir/remove_unused_interface_variables_pass.cpp.o
2026-08-03T23:48:10.0049870Z [478/716] Building CXX object 3rdparty/SPIRV-Tools/source/opt/CMakeFiles/SPIRV-Tools-opt.dir/replace_invalid_opc.cpp.o
2026-08-03T23:48:11.3164630Z [479/716] Building CXX object 3rdparty/SPIRV-Tools/source/opt/CMakeFiles/SPIRV-Tools-opt.dir/replace_desc_array_access_using_var_index.cpp.o
2026-08-03T23:48:12.3665880Z [480/716] Building CXX object 3rdparty/SPIRV-Tools/source/opt/CMakeFiles/SPIRV-Tools-opt.dir/resolve_binding_conflicts_pass.cpp.o
2026-08-03T23:48:12.4872220Z [481/716] Building CXX object 3rdparty/SPIRV-Tools/source/opt/CMakeFiles/SPIRV-Tools-opt.dir/scalar_analysis_simplification.cpp.o
2026-08-03T23:48:13.0423590Z [482/716] Building CXX object 3rdparty/SPIRV-Tools/source/opt/CMakeFiles/SPIRV-Tools-opt.dir/scalar_analysis.cpp.o
2026-08-03T23:48:16.9407830Z [483/716] Building CXX object 3rdparty/SPIRV-Tools/source/opt/CMakeFiles/SPIRV-Tools-opt.dir/set_spec_constant_default_value_pass.cpp.o
2026-08-03T23:48:18.3403140Z [484/716] Building CXX object 3rdparty/SPIRV-Tools/source/opt/CMakeFiles/SPIRV-Tools-opt.dir/scalar_replacement_pass.cpp.o
2026-08-03T23:48:18.6510410Z [485/716] Building CXX object 3rdparty/SPIRV-Tools/source/opt/CMakeFiles/SPIRV-Tools-opt.dir/simplification_pass.cpp.o
2026-08-03T23:48:19.8337760Z [486/716] Building CXX object 3rdparty/SPIRV-Tools/source/opt/CMakeFiles/SPIRV-Tools-opt.dir/spread_volatile_semantics.cpp.o
2026-08-03T23:48:20.8102100Z [487/716] Building CXX object 3rdparty/SPIRV-Tools/source/opt/CMakeFiles/SPIRV-Tools-opt.dir/split_combined_image_sampler_pass.cpp.o
2026-08-03T23:48:23.6070580Z [488/716] Building CXX object 3rdparty/SPIRV-Tools/source/opt/CMakeFiles/SPIRV-Tools-opt.dir/strength_reduction_pass.cpp.o
2026-08-03T23:48:23.8595350Z [489/716] Building CXX object 3rdparty/SPIRV-Tools/source/opt/CMakeFiles/SPIRV-Tools-opt.dir/strip_debug_info_pass.cpp.o
2026-08-03T23:48:24.6285050Z [490/716] Building CXX object 3rdparty/SPIRV-Tools/source/opt/CMakeFiles/SPIRV-Tools-opt.dir/strip_nonsemantic_info_pass.cpp.o
2026-08-03T23:48:24.7203360Z [491/716] Building CXX object 3rdparty/SPIRV-Tools/source/opt/CMakeFiles/SPIRV-Tools-opt.dir/ssa_rewrite_pass.cpp.o
2026-08-03T23:48:26.3124240Z [492/716] Building CXX object 3rdparty/SPIRV-Tools/source/opt/CMakeFiles/SPIRV-Tools-opt.dir/struct_cfg_analysis.cpp.o
2026-08-03T23:48:28.1819210Z [493/716] Building CXX object 3rdparty/SPIRV-Tools/source/opt/CMakeFiles/SPIRV-Tools-opt.dir/switch_descriptorset_pass.cpp.o
2026-08-03T23:48:28.4832550Z [494/716] Building CXX object 3rdparty/SPIRV-Tools/source/opt/CMakeFiles/SPIRV-Tools-opt.dir/struct_packing_pass.cpp.o
2026-08-03T23:48:31.2676010Z [495/716] Building CXX object 3rdparty/SPIRV-Tools/source/opt/CMakeFiles/SPIRV-Tools-opt.dir/trim_capabilities_pass.cpp.o
2026-08-03T23:48:31.4194060Z [496/716] Building CXX object 3rdparty/SPIRV-Tools/source/opt/CMakeFiles/SPIRV-Tools-opt.dir/types.cpp.o
2026-08-03T23:48:32.3442840Z [497/716] Building CXX object 3rdparty/SPIRV-Tools/source/opt/CMakeFiles/SPIRV-Tools-opt.dir/type_manager.cpp.o
2026-08-03T23:48:34.2357880Z [498/716] Building CXX object 3rdparty/SPIRV-Tools/source/opt/CMakeFiles/SPIRV-Tools-opt.dir/unify_const_pass.cpp.o
2026-08-03T23:48:37.8108500Z [499/716] Building CXX object 3rdparty/SPIRV-Tools/source/opt/CMakeFiles/SPIRV-Tools-opt.dir/upgrade_memory_model.cpp.o
2026-08-03T23:48:37.8697570Z [500/716] Building CXX object 3rdparty/SPIRV-Tools/source/opt/CMakeFiles/SPIRV-Tools-opt.dir/value_number_table.cpp.o
2026-08-03T23:48:37.9910440Z [501/716] Linking CXX static library 3rdparty/spdlog/libspdlog.a
2026-08-03T23:48:38.0715450Z [502/716] Linking CXX static library 3rdparty/tracy/libTracyClient.a
2026-08-03T23:48:38.3853600Z [503/716] Building CXX object 3rdparty/SPIRV-Tools/source/opt/CMakeFiles/SPIRV-Tools-opt.dir/workaround1209.cpp.o
2026-08-03T23:48:38.4379270Z [504/716] Building CXX object 3rdparty/SPIRV-Tools/source/opt/CMakeFiles/SPIRV-Tools-opt.dir/vector_dce.cpp.o
2026-08-03T23:48:38.9262110Z [505/716] Building C object 3rdparty/xxHash/build/cmake/CMakeFiles/xxhash.dir/Users/runner/work/KytyPlus/KytyPlus/3rdparty/xxHash/xxhash.c.o
2026-08-03T23:48:40.5925700Z [506/716] Building CXX object common/CMakeFiles/common.dir/assert.cpp.o
2026-08-03T23:48:40.7653660Z [507/716] Building CXX object common/CMakeFiles/common.dir/commonSubsystem.cpp.o
2026-08-03T23:48:41.2332870Z [508/716] Building CXX object 3rdparty/SPIRV-Tools/source/opt/CMakeFiles/SPIRV-Tools-opt.dir/wrap_opkill.cpp.o
2026-08-03T23:48:41.2533480Z [509/716] Building CXX object common/CMakeFiles/common.dir/debug.cpp.o
2026-08-03T23:48:41.5067320Z [510/716] Building CXX object common/CMakeFiles/common.dir/hostException.cpp.o
2026-08-03T23:48:41.5512680Z [511/716] Building CXX object common/CMakeFiles/common.dir/dateTime.cpp.o
2026-08-03T23:48:42.5931270Z [512/716] Building CXX object common/CMakeFiles/common.dir/emulatorConfig.cpp.o
2026-08-03T23:48:42.7328450Z [513/716] Building CXX object common/CMakeFiles/common.dir/platform/sysLinuxDbg.cpp.o
2026-08-03T23:48:42.7429960Z /Users/runner/work/KytyPlus/KytyPlus/src/common/platform/sysLinuxDbg.cpp:107:11: warning: 'sprintf' is deprecated: This function is provided for compatibility reasons only.  Due to security concerns inherent in the design of sprintf(3), it is highly recommended that you use snprintf(3) instead. [-Wdeprecated-declarations]
2026-08-03T23:48:42.7529920Z   107 |         result = sprintf(str, "/proc/%d/exe", static_cast<int>(pid));
2026-08-03T23:48:42.7630560Z       |                  ^
2026-08-03T23:48:42.7734310Z /Applications/Xcode_26.3.app/Contents/Developer/Platforms/MacOSX.platform/Developer/SDKs/MacOSX.sdk/usr/include/_stdio.h:278:1: note: 'sprintf' has been explicitly marked deprecated here
2026-08-03T23:48:42.7888120Z   278 | __deprecated_msg("This function is provided for compatibility reasons only.  Due to security concerns inherent in the design of sprintf(3), it is highly recommended that you use snprintf(3) instead.")
2026-08-03T23:48:42.7986720Z       | ^
2026-08-03T23:48:42.8088970Z /Applications/Xcode_26.3.app/Contents/Developer/Platforms/MacOSX.platform/Developer/SDKs/MacOSX.sdk/usr/include/sys/cdefs.h:227:48: note: expanded from macro '__deprecated_msg'
2026-08-03T23:48:42.8190760Z   227 |         #define __deprecated_msg(_msg) __attribute__((__deprecated__(_msg)))
2026-08-03T23:48:42.8291520Z       |                                                       ^
2026-08-03T23:48:42.8393360Z /Users/runner/work/KytyPlus/KytyPlus/src/common/platform/sysLinuxDbg.cpp:116:11: warning: 'sprintf' is deprecated: This function is provided for compatibility reasons only.  Due to security concerns inherent in the design of sprintf(3), it is highly recommended that you use snprintf(3) instead. [-Wdeprecated-declarations]
2026-08-03T23:48:42.8394690Z   116 |         result = sprintf(str, "/proc/%d/maps", static_cast<int>(pid));
2026-08-03T23:48:42.8495680Z       |                  ^
2026-08-03T23:48:42.8594620Z /Applications/Xcode_26.3.app/Contents/Developer/Platforms/MacOSX.platform/Developer/SDKs/MacOSX.sdk/usr/include/_stdio.h:278:1: note: 'sprintf' has been explicitly marked deprecated here
2026-08-03T23:48:42.8696500Z   278 | __deprecated_msg("This function is provided for compatibility reasons only.  Due to security concerns inherent in the design of sprintf(3), it is highly recommended that you use snprintf(3) instead.")
2026-08-03T23:48:42.8798240Z       | ^
2026-08-03T23:48:42.8917780Z /Applications/Xcode_26.3.app/Contents/Developer/Platforms/MacOSX.platform/Developer/SDKs/MacOSX.sdk/usr/include/sys/cdefs.h:227:48: note: expanded from macro '__deprecated_msg'
2026-08-03T23:48:42.9020370Z   227 |         #define __deprecated_msg(_msg) __attribute__((__deprecated__(_msg)))
2026-08-03T23:48:42.9121150Z       |                                                       ^
2026-08-03T23:48:42.9223010Z 2 warnings generated.
2026-08-03T23:48:43.9029460Z [514/716] Building CXX object common/CMakeFiles/common.dir/file.cpp.o
2026-08-03T23:48:44.3168390Z [515/716] Building CXX object common/CMakeFiles/common.dir/logging/log.cpp.o
2026-08-03T23:48:44.3973430Z [516/716] Building CXX object common/CMakeFiles/common.dir/platform/sysWindowsDbg.cpp.o
2026-08-03T23:48:44.4577390Z [517/716] Building CXX object common/CMakeFiles/common.dir/platform/sysWindowsFileIO.cpp.o
2026-08-03T23:48:44.5180220Z [518/716] Building CXX object common/CMakeFiles/common.dir/platform/sysWindowsVirtual.cpp.o
2026-08-03T23:48:45.3105040Z [519/716] Building CXX object common/CMakeFiles/common.dir/platform/sysLinuxFileIO.cpp.o
2026-08-03T23:48:45.8896520Z [520/716] Building CXX object common/CMakeFiles/common.dir/platform/sysLinuxVirtual.cpp.o
2026-08-03T23:48:46.3162510Z [521/716] Building CXX object common/CMakeFiles/common.dir/openWorldMemory.cpp.o
2026-08-03T23:48:46.6078880Z [522/716] Building CXX object common/CMakeFiles/common.dir/subsystems.cpp.o
2026-08-03T23:48:46.6483040Z [523/716] Building CXX object common/CMakeFiles/common.dir/profiler.cpp.o
2026-08-03T23:48:46.7206510Z [524/716] Building CXX object common/CMakeFiles/common.dir/virtualMemory.cpp.o
2026-08-03T23:48:46.8514380Z [525/716] Linking C static library 3rdparty/libLibAtrac9.a
2026-08-03T23:48:46.9017650Z [526/716] Building CXX object common/CMakeFiles/common.dir/mmuVirtualMemory.cpp.o
2026-08-03T23:48:47.0135960Z [527/716] Building CXX object common/CMakeFiles/common.dir/systemInfo.cpp.o
2026-08-03T23:48:47.2253060Z [528/716] Linking C static library 3rdparty/xxHash/build/cmake/libxxhash.a
2026-08-03T23:48:47.3084090Z [529/716] Linking C static library 3rdparty/SDL2/libSDL2.a
2026-08-03T23:48:47.3186380Z /Applications/Xcode_26.3.app/Contents/Developer/Toolchains/XcodeDefault.xctoolchain/usr/bin/ranlib: file: 3rdparty/SDL2/libSDL2.a(SDL_audiodev.c.o) has no symbols
2026-08-03T23:48:47.3290720Z /Applications/Xcode_26.3.app/Contents/Developer/Toolchains/XcodeDefault.xctoolchain/usr/bin/ranlib: file: 3rdparty/SDL2/libSDL2.a(SDL_keysym_to_scancode.c.o) has no symbols
2026-08-03T23:48:47.3400630Z /Applications/Xcode_26.3.app/Contents/Developer/Toolchains/XcodeDefault.xctoolchain/usr/bin/ranlib: file: 3rdparty/SDL2/libSDL2.a(SDL_scancode_tables.c.o) has no symbols
2026-08-03T23:48:47.3503710Z /Applications/Xcode_26.3.app/Contents/Developer/Toolchains/XcodeDefault.xctoolchain/usr/bin/ranlib: file: 3rdparty/SDL2/libSDL2.a(imKStoUCS.c.o) has no symbols
2026-08-03T23:48:47.3615120Z /Applications/Xcode_26.3.app/Contents/Developer/Toolchains/XcodeDefault.xctoolchain/usr/bin/ranlib: file: 3rdparty/SDL2/libSDL2.a(SDL_d3dmath.c.o) has no symbols
2026-08-03T23:48:47.3718500Z /Applications/Xcode_26.3.app/Contents/Developer/Toolchains/XcodeDefault.xctoolchain/usr/bin/ranlib: file: 3rdparty/SDL2/libSDL2.a(SDL_render_d3d.c.o) has no symbols
2026-08-03T23:48:47.3825320Z /Applications/Xcode_26.3.app/Contents/Developer/Toolchains/XcodeDefault.xctoolchain/usr/bin/ranlib: file: 3rdparty/SDL2/libSDL2.a(SDL_shaders_d3d.c.o) has no symbols
2026-08-03T23:48:47.3930040Z /Applications/Xcode_26.3.app/Contents/Developer/Toolchains/XcodeDefault.xctoolchain/usr/bin/ranlib: file: 3rdparty/SDL2/libSDL2.a(SDL_render_d3d11.c.o) has no symbols
2026-08-03T23:48:47.4032910Z /Applications/Xcode_26.3.app/Contents/Developer/Toolchains/XcodeDefault.xctoolchain/usr/bin/ranlib: file: 3rdparty/SDL2/libSDL2.a(SDL_shaders_d3d11.c.o) has no symbols
2026-08-03T23:48:47.4136510Z /Applications/Xcode_26.3.app/Contents/Developer/Toolchains/XcodeDefault.xctoolchain/usr/bin/ranlib: file: 3rdparty/SDL2/libSDL2.a(SDL_render_d3d12.c.o) has no symbols
2026-08-03T23:48:47.4239690Z /Applications/Xcode_26.3.app/Contents/Developer/Toolchains/XcodeDefault.xctoolchain/usr/bin/ranlib: file: 3rdparty/SDL2/libSDL2.a(SDL_shaders_d3d12.c.o) has no symbols
2026-08-03T23:48:47.4344280Z /Applications/Xcode_26.3.app/Contents/Developer/Toolchains/XcodeDefault.xctoolchain/usr/bin/ranlib: file: 3rdparty/SDL2/libSDL2.a(SDL_render_gles.c.o) has no symbols
2026-08-03T23:48:47.4449210Z /Applications/Xcode_26.3.app/Contents/Developer/Toolchains/XcodeDefault.xctoolchain/usr/bin/ranlib: file: 3rdparty/SDL2/libSDL2.a(SDL_render_ps2.c.o) has no symbols
2026-08-03T23:48:47.4552360Z /Applications/Xcode_26.3.app/Contents/Developer/Toolchains/XcodeDefault.xctoolchain/usr/bin/ranlib: file: 3rdparty/SDL2/libSDL2.a(SDL_render_psp.c.o) has no symbols
2026-08-03T23:48:47.4654400Z /Applications/Xcode_26.3.app/Contents/Developer/Toolchains/XcodeDefault.xctoolchain/usr/bin/ranlib: file: 3rdparty/SDL2/libSDL2.a(SDL_render_vita_gxm.c.o) has no symbols
2026-08-03T23:48:47.4756650Z /Applications/Xcode_26.3.app/Contents/Developer/Toolchains/XcodeDefault.xctoolchain/usr/bin/ranlib: file: 3rdparty/SDL2/libSDL2.a(SDL_render_vita_gxm_memory.c.o) has no symbols
2026-08-03T23:48:47.4838290Z /Applications/Xcode_26.3.app/Contents/Developer/Toolchains/XcodeDefault.xctoolchain/usr/bin/ranlib: file: 3rdparty/SDL2/libSDL2.a(SDL_render_vita_gxm_tools.c.o) has no symbols
2026-08-03T23:48:47.4939060Z /Applications/Xcode_26.3.app/Contents/Developer/Toolchains/XcodeDefault.xctoolchain/usr/bin/ranlib: file: 3rdparty/SDL2/libSDL2.a(SDL_mslibc.c.o) has no symbols
2026-08-03T23:48:47.5045010Z /Applications/Xcode_26.3.app/Contents/Developer/Toolchains/XcodeDefault.xctoolchain/usr/bin/ranlib: file: 3rdparty/SDL2/libSDL2.a(yuv_rgb_lsx.c.o) has no symbols
2026-08-03T23:48:47.5148910Z /Applications/Xcode_26.3.app/Contents/Developer/Toolchains/XcodeDefault.xctoolchain/usr/bin/ranlib: file: 3rdparty/SDL2/libSDL2.a(SDL_audiodev.c.o) has no symbols
2026-08-03T23:48:47.5264080Z /Applications/Xcode_26.3.app/Contents/Developer/Toolchains/XcodeDefault.xctoolchain/usr/bin/ranlib: file: 3rdparty/SDL2/libSDL2.a(SDL_keysym_to_scancode.c.o) has no symbols
2026-08-03T23:48:47.5368500Z /Applications/Xcode_26.3.app/Contents/Developer/Toolchains/XcodeDefault.xctoolchain/usr/bin/ranlib: file: 3rdparty/SDL2/libSDL2.a(SDL_scancode_tables.c.o) has no symbols
2026-08-03T23:48:47.5473070Z /Applications/Xcode_26.3.app/Contents/Developer/Toolchains/XcodeDefault.xctoolchain/usr/bin/ranlib: file: 3rdparty/SDL2/libSDL2.a(imKStoUCS.c.o) has no symbols
2026-08-03T23:48:47.5577300Z /Applications/Xcode_26.3.app/Contents/Developer/Toolchains/XcodeDefault.xctoolchain/usr/bin/ranlib: file: 3rdparty/SDL2/libSDL2.a(SDL_d3dmath.c.o) has no symbols
2026-08-03T23:48:47.5683540Z /Applications/Xcode_26.3.app/Contents/Developer/Toolchains/XcodeDefault.xctoolchain/usr/bin/ranlib: file: 3rdparty/SDL2/libSDL2.a(SDL_render_d3d.c.o) has no symbols
2026-08-03T23:48:47.5785660Z /Applications/Xcode_26.3.app/Contents/Developer/Toolchains/XcodeDefault.xctoolchain/usr/bin/ranlib: file: 3rdparty/SDL2/libSDL2.a(SDL_shaders_d3d.c.o) has no symbols
2026-08-03T23:48:47.5905990Z /Applications/Xcode_26.3.app/Contents/Developer/Toolchains/XcodeDefault.xctoolchain/usr/bin/ranlib: file: 3rdparty/SDL2/libSDL2.a(SDL_render_d3d11.c.o) has no symbols
2026-08-03T23:48:47.6009870Z /Applications/Xcode_26.3.app/Contents/Developer/Toolchains/XcodeDefault.xctoolchain/usr/bin/ranlib: file: 3rdparty/SDL2/libSDL2.a(SDL_shaders_d3d11.c.o) has no symbols
2026-08-03T23:48:47.6137140Z /Applications/Xcode_26.3.app/Contents/Developer/Toolchains/XcodeDefault.xctoolchain/usr/bin/ranlib: file: 3rdparty/SDL2/libSDL2.a(SDL_render_d3d12.c.o) has no symbols
2026-08-03T23:48:47.6265600Z /Applications/Xcode_26.3.app/Contents/Developer/Toolchains/XcodeDefault.xctoolchain/usr/bin/ranlib: file: 3rdparty/SDL2/libSDL2.a(SDL_shaders_d3d12.c.o) has no symbols
2026-08-03T23:48:47.6367860Z /Applications/Xcode_26.3.app/Contents/Developer/Toolchains/XcodeDefault.xctoolchain/usr/bin/ranlib: file: 3rdparty/SDL2/libSDL2.a(SDL_render_gles.c.o) has no symbols
2026-08-03T23:48:47.6485660Z /Applications/Xcode_26.3.app/Contents/Developer/Toolchains/XcodeDefault.xctoolchain/usr/bin/ranlib: file: 3rdparty/SDL2/libSDL2.a(SDL_render_ps2.c.o) has no symbols
2026-08-03T23:48:47.6588200Z /Applications/Xcode_26.3.app/Contents/Developer/Toolchains/XcodeDefault.xctoolchain/usr/bin/ranlib: file: 3rdparty/SDL2/libSDL2.a(SDL_render_psp.c.o) has no symbols
2026-08-03T23:48:47.6692050Z /Applications/Xcode_26.3.app/Contents/Developer/Toolchains/XcodeDefault.xctoolchain/usr/bin/ranlib: file: 3rdparty/SDL2/libSDL2.a(SDL_render_vita_gxm.c.o) has no symbols
2026-08-03T23:48:47.6806470Z /Applications/Xcode_26.3.app/Contents/Developer/Toolchains/XcodeDefault.xctoolchain/usr/bin/ranlib: file: 3rdparty/SDL2/libSDL2.a(SDL_render_vita_gxm_memory.c.o) has no symbols
2026-08-03T23:48:47.6908770Z /Applications/Xcode_26.3.app/Contents/Developer/Toolchains/XcodeDefault.xctoolchain/usr/bin/ranlib: file: 3rdparty/SDL2/libSDL2.a(SDL_render_vita_gxm_tools.c.o) has no symbols
2026-08-03T23:48:47.7011130Z /Applications/Xcode_26.3.app/Contents/Developer/Toolchains/XcodeDefault.xctoolchain/usr/bin/ranlib: file: 3rdparty/SDL2/libSDL2.a(SDL_mslibc.c.o) has no symbols
2026-08-03T23:48:47.7012650Z /Applications/Xcode_26.3.app/Contents/Developer/Toolchains/XcodeDefault.xctoolchain/usr/bin/ranlib: file: 3rdparty/SDL2/libSDL2.a(yuv_rgb_lsx.c.o) has no symbols
2026-08-03T23:48:47.7114860Z [530/716] Generate kytyGitVersion.h
2026-08-03T23:48:47.7217530Z [531/716] Building CXX object common/CMakeFiles/common.dir/timer.cpp.o
2026-08-03T23:48:48.7067820Z [532/716] Building CXX object common/CMakeFiles/common.dir/threads.cpp.o
2026-08-03T23:48:48.8662310Z [533/716] Linking CXX static library common/libcommon.a
2026-08-03T23:48:48.8663290Z /Applications/Xcode_26.3.app/Contents/Developer/Toolchains/XcodeDefault.xctoolchain/usr/bin/ranlib: file: common/libcommon.a(sysWindowsDbg.cpp.o) has no symbols
2026-08-03T23:48:48.8664270Z /Applications/Xcode_26.3.app/Contents/Developer/Toolchains/XcodeDefault.xctoolchain/usr/bin/ranlib: file: common/libcommon.a(sysWindowsFileIO.cpp.o) has no symbols
2026-08-03T23:48:48.8665380Z /Applications/Xcode_26.3.app/Contents/Developer/Toolchains/XcodeDefault.xctoolchain/usr/bin/ranlib: file: common/libcommon.a(sysWindowsVirtual.cpp.o) has no symbols
2026-08-03T23:48:48.8667090Z /Applications/Xcode_26.3.app/Contents/Developer/Toolchains/XcodeDefault.xctoolchain/usr/bin/ranlib: file: common/libcommon.a(sysWindowsDbg.cpp.o) has no symbols
2026-08-03T23:48:48.8668170Z /Applications/Xcode_26.3.app/Contents/Developer/Toolchains/XcodeDefault.xctoolchain/usr/bin/ranlib: file: common/libcommon.a(sysWindowsFileIO.cpp.o) has no symbols
2026-08-03T23:48:48.8669300Z /Applications/Xcode_26.3.app/Contents/Developer/Toolchains/XcodeDefault.xctoolchain/usr/bin/ranlib: file: common/libcommon.a(sysWindowsVirtual.cpp.o) has no symbols
2026-08-03T23:48:50.2467540Z [534/716] Linking CXX static library 3rdparty/SPIRV-Tools/source/opt/libSPIRV-Tools-opt.a
2026-08-03T23:48:50.7463140Z [535/716] Generating gpu_tiler_shaders/gpu_tiler_standard4_spv.h
2026-08-03T23:48:50.7568150Z /Users/runner/work/KytyPlus/KytyPlus/src/graphics/host_gpu/shaders/gpu_tiler_standard4.comp
2026-08-03T23:48:50.7970800Z [536/716] Generating gpu_tiler_shaders/gpu_tiler_standard64_3d_spv.h
2026-08-03T23:48:50.8075410Z /Users/runner/work/KytyPlus/KytyPlus/src/graphics/host_gpu/shaders/gpu_tiler_standard64_3d.comp
2026-08-03T23:48:50.8177560Z [537/716] Generating gpu_tiler_shaders/gpu_tiler_standard64_spv.h
2026-08-03T23:48:50.8282420Z /Users/runner/work/KytyPlus/KytyPlus/src/graphics/host_gpu/shaders/gpu_tiler_standard64.comp
2026-08-03T23:48:50.8886380Z [538/716] Generating gpu_tiler_shaders/gpu_tiler_standard256_spv.h
2026-08-03T23:48:50.8987010Z /Users/runner/work/KytyPlus/KytyPlus/src/graphics/host_gpu/shaders/gpu_tiler_standard256.comp
2026-08-03T23:48:50.9803780Z [539/716] Generating gpu_tiler_shaders/gpu_tiler_standard4_3d_spv.h
2026-08-03T23:48:50.9925720Z /Users/runner/work/KytyPlus/KytyPlus/src/graphics/host_gpu/shaders/gpu_tiler_standard4_3d.comp
2026-08-03T23:48:51.2553460Z [540/716] Generating gpu_tiler_shaders/gpu_tiler_depth_spv.h
2026-08-03T23:48:51.2666360Z /Users/runner/work/KytyPlus/KytyPlus/src/graphics/host_gpu/shaders/gpu_tiler_depth.comp
2026-08-03T23:48:51.2799800Z [541/716] Generating gpu_tiler_shaders/gpu_tiler_prt_spv.h
2026-08-03T23:48:51.2914890Z /Users/runner/work/KytyPlus/KytyPlus/src/graphics/host_gpu/shaders/gpu_tiler_prt.comp
2026-08-03T23:48:51.3034880Z [542/716] Generating gpu_tiler_shaders/gpu_tiler_prt_3d_spv.h
2026-08-03T23:48:51.3167690Z /Users/runner/work/KytyPlus/KytyPlus/src/graphics/host_gpu/shaders/gpu_tiler_prt_3d.comp
2026-08-03T23:48:51.3407990Z [543/716] Generating gpu_tiler_shaders/gpu_tiler_promote_d16_spv.h
2026-08-03T23:48:51.3523020Z /Users/runner/work/KytyPlus/KytyPlus/src/graphics/host_gpu/shaders/gpu_tiler_promote_d16.comp
2026-08-03T23:48:51.3647930Z [544/716] Generating gpu_tiler_shaders/gpu_tiler_render_target_spv.h
2026-08-03T23:48:51.3753820Z /Users/runner/work/KytyPlus/KytyPlus/src/graphics/host_gpu/shaders/gpu_tiler_render_target.comp
2026-08-03T23:48:51.4544500Z [545/716] Generating gpu_tiler_shaders/gpu_tiler_demote_d16_spv.h
2026-08-03T23:48:51.4646000Z /Users/runner/work/KytyPlus/KytyPlus/src/graphics/host_gpu/shaders/gpu_tiler_demote_d16.comp
2026-08-03T23:48:51.4748070Z [546/716] Generating gpu_tiler_shaders/gpu_tiler_swap_bgra16_spv.h
2026-08-03T23:48:51.4845980Z /Users/runner/work/KytyPlus/KytyPlus/src/graphics/host_gpu/shaders/gpu_tiler_swap_bgra16.comp
2026-08-03T23:48:51.5064450Z [547/716] Generating gpu_blit_shaders/gpu_blit_fs_triangle_spv.h
2026-08-03T23:48:51.5166640Z /Users/runner/work/KytyPlus/KytyPlus/src/graphics/host_gpu/shaders/gpu_blit_fs_triangle.vert
2026-08-03T23:48:51.5564350Z [548/716] Generating gpu_blit_shaders/gpu_blit_color_to_ms_depth_spv.h
2026-08-03T23:48:51.5687050Z /Users/runner/work/KytyPlus/KytyPlus/src/graphics/host_gpu/shaders/gpu_blit_color_to_ms_depth.frag
2026-08-03T23:48:52.5053460Z [549/716] Building CXX object CMakeFiles/kyty_emulator.dir/graphics/guest_gpu/command_processor/pm4Dispatch.cpp.o
2026-08-03T23:48:52.5156810Z [550/716] Building CXX object CMakeFiles/kyty_emulator.dir/graphics/guest_gpu/gpu_format.cpp.o
2026-08-03T23:48:53.9373960Z [551/716] Building CXX object CMakeFiles/kyty_emulator.dir/graphics/guest_gpu/command_processor/pm4SoftIgnoreProbe.cpp.o
2026-08-03T23:48:54.0989510Z [552/716] Building CXX object CMakeFiles/kyty_emulator.dir/graphics/guest_gpu/gpu_translator.cpp.o
2026-08-03T23:48:55.4819630Z [553/716] Building CXX object CMakeFiles/kyty_emulator.dir/main.cpp.o
2026-08-03T23:48:55.5623520Z [554/716] Building CXX object CMakeFiles/kyty_emulator.dir/graphics/host_gpu/hostMemory.cpp.o
2026-08-03T23:48:55.8369830Z [555/716] Building CXX object CMakeFiles/kyty_emulator.dir/graphics/guest_gpu/pm4.cpp.o
2026-08-03T23:48:58.0671520Z [556/716] Building CXX object CMakeFiles/kyty_emulator.dir/graphics/host_gpu/pageManager.cpp.o
2026-08-03T23:48:59.3069560Z [557/716] Building CXX object CMakeFiles/kyty_emulator.dir/graphics/guest_gpu/tile.cpp.o
2026-08-03T23:49:00.5752800Z [558/716] Building CXX object CMakeFiles/kyty_emulator.dir/graphics/host_gpu/memoryTracker.cpp.o
2026-08-03T23:49:03.8161320Z [559/716] Building CXX object CMakeFiles/kyty_emulator.dir/graphics/guest_gpu/command_processor/pm4Handlers.cpp.o
2026-08-03T23:49:05.3433080Z [560/716] Building CXX object CMakeFiles/kyty_emulator.dir/graphics/guest_gpu/graphicsRun.cpp.o
2026-08-03T23:49:05.3533380Z In file included from /Users/runner/work/KytyPlus/KytyPlus/src/graphics/guest_gpu/graphicsRun.cpp:9:
2026-08-03T23:49:05.3635380Z /Users/runner/work/KytyPlus/KytyPlus/src/graphics/guest_gpu/command_processor/commandProcessor.h:186:7: warning: private field 'm_memory_barrier_coalesced' is not used [-Wunused-private-field]
2026-08-03T23:49:05.3735510Z   186 |         bool m_memory_barrier_coalesced = false;
2026-08-03T23:49:05.3835840Z       |              ^
2026-08-03T23:49:05.3936940Z 1 warning generated.
2026-08-03T23:49:05.4137640Z [561/716] Building CXX object CMakeFiles/kyty_emulator.dir/graphics/host_gpu/renderer/cache/resourceMutex.cpp.o
2026-08-03T23:49:09.7766310Z [562/716] Building CXX object CMakeFiles/kyty_emulator.dir/graphics/host_gpu/renderer/cache/gpuResourceManager.cpp.o
2026-08-03T23:49:13.2236590Z [563/716] Building CXX object CMakeFiles/kyty_emulator.dir/graphics/host_gpu/renderer/cache/samplerCache.cpp.o
2026-08-03T23:49:14.0877980Z [564/716] Building CXX object CMakeFiles/kyty_emulator.dir/graphics/host_gpu/renderer/cache/bufferCache.cpp.o
2026-08-03T23:49:14.9279120Z [565/716] Building CXX object CMakeFiles/kyty_emulator.dir/graphics/host_gpu/renderer/cache/streamBuffer.cpp.o
2026-08-03T23:49:19.3778500Z [566/716] Building CXX object CMakeFiles/kyty_emulator.dir/graphics/host_gpu/renderer/cache/textureCache.cpp.o
2026-08-03T23:49:19.6248460Z [567/716] Building CXX object CMakeFiles/kyty_emulator.dir/graphics/host_gpu/renderer/colorRenderTarget.cpp.o
2026-08-03T23:49:23.1912730Z [568/716] Building CXX object CMakeFiles/kyty_emulator.dir/graphics/host_gpu/renderer/commandScheduler.cpp.o
2026-08-03T23:49:23.9069170Z [569/716] Building CXX object CMakeFiles/kyty_emulator.dir/graphics/host_gpu/renderer/context.cpp.o
2026-08-03T23:49:25.4501200Z [570/716] Building CXX object CMakeFiles/kyty_emulator.dir/graphics/host_gpu/renderer/debug.cpp.o
2026-08-03T23:49:25.9831380Z [571/716] Building CXX object CMakeFiles/kyty_emulator.dir/graphics/host_gpu/renderer/image/blitHelper.cpp.o
2026-08-03T23:49:29.4922430Z [572/716] Building CXX object CMakeFiles/kyty_emulator.dir/graphics/host_gpu/renderer/depthRenderTarget.cpp.o
2026-08-03T23:49:32.6922650Z [573/716] Building CXX object CMakeFiles/kyty_emulator.dir/graphics/host_gpu/renderer/image/tiler.cpp.o
2026-08-03T23:49:32.9234240Z [574/716] Building CXX object CMakeFiles/kyty_emulator.dir/graphics/host_gpu/renderer/image/imageView.cpp.o
2026-08-03T23:49:33.5343930Z [575/716] Building CXX object CMakeFiles/kyty_emulator.dir/graphics/host_gpu/renderer/image/image.cpp.o
2026-08-03T23:49:33.9555120Z [576/716] Building CXX object CMakeFiles/kyty_emulator.dir/graphics/host_gpu/renderer/image/textureCommon.cpp.o
2026-08-03T23:49:35.5215420Z [577/716] Building CXX object CMakeFiles/kyty_emulator.dir/graphics/host_gpu/renderer/masterSemaphore.cpp.o
2026-08-03T23:49:40.6895390Z [578/716] Building CXX object CMakeFiles/kyty_emulator.dir/graphics/host_gpu/renderer/pipeline/shaderResourceBarrier.cpp.o
2026-08-03T23:49:41.7378800Z [579/716] Building CXX object CMakeFiles/kyty_emulator.dir/graphics/host_gpu/renderer/pipeline/shaderSubgroup.cpp.o
2026-08-03T23:49:43.6128000Z [580/716] Building CXX object CMakeFiles/kyty_emulator.dir/graphics/host_gpu/renderer/pipeline/descriptorCache.cpp.o
2026-08-03T23:49:45.6010050Z [581/716] Building CXX object CMakeFiles/kyty_emulator.dir/graphics/host_gpu/renderer/pipeline/descriptors.cpp.o
2026-08-03T23:49:45.6976040Z [582/716] Building CXX object CMakeFiles/kyty_emulator.dir/graphics/host_gpu/renderer/pipeline/pipelineCache.cpp.o
2026-08-03T23:49:48.4414600Z [583/716] Building CXX object CMakeFiles/kyty_emulator.dir/graphics/host_gpu/renderer/pipelineCacheData.cpp.o
2026-08-03T23:49:52.2838560Z [584/716] Building CXX object CMakeFiles/kyty_emulator.dir/graphics/host_gpu/renderer/renderContext.cpp.o
2026-08-03T23:49:52.6352610Z [585/716] Building CXX object CMakeFiles/kyty_emulator.dir/graphics/host_gpu/renderer/pipeline/shaders.cpp.o
2026-08-03T23:49:54.7233820Z [586/716] Building CXX object CMakeFiles/kyty_emulator.dir/graphics/host_gpu/renderer/renderCompute.cpp.o
2026-08-03T23:49:57.5999640Z [587/716] Building CXX object CMakeFiles/kyty_emulator.dir/graphics/host_gpu/renderer/renderDraw.cpp.o
2026-08-03T23:49:57.9495360Z [588/716] Building CXX object CMakeFiles/kyty_emulator.dir/graphics/host_gpu/renderer/sync.cpp.o
2026-08-03T23:50:03.4538100Z [589/716] Building CXX object CMakeFiles/kyty_emulator.dir/graphics/host_gpu/vulkanCommon.cpp.o
2026-08-03T23:50:04.0107850Z [590/716] Building CXX object CMakeFiles/kyty_emulator.dir/graphics/presentation/renderDoc.cpp.o
2026-08-03T23:50:06.5067550Z [591/716] Building CXX object CMakeFiles/kyty_emulator.dir/graphics/host_gpu/vma.cpp.o
2026-08-03T23:50:10.2567850Z [592/716] Building CXX object CMakeFiles/kyty_emulator.dir/graphics/presentation/videoOut.cpp.o
2026-08-03T23:50:10.3296840Z [593/716] Building CXX object CMakeFiles/kyty_emulator.dir/graphics/shader/recompiler/ExecMask.cpp.o
2026-08-03T23:50:10.5743590Z [594/716] Building CXX object CMakeFiles/kyty_emulator.dir/graphics/presentation/window/swapchain.cpp.o
2026-08-03T23:50:15.6665970Z [595/716] Building CXX object CMakeFiles/kyty_emulator.dir/graphics/rt/hardware.cpp.o
2026-08-03T23:50:15.8877430Z [596/716] Building CXX object CMakeFiles/kyty_emulator.dir/graphics/shader/recompiler/cfg/ShaderCFG.cpp.o
2026-08-03T23:50:16.1799670Z [597/716] Building CXX object CMakeFiles/kyty_emulator.dir/graphics/presentation/window/vulkanWindow.cpp.o
2026-08-03T23:50:16.1901480Z /Users/runner/work/KytyPlus/KytyPlus/src/graphics/presentation/window/vulkanWindow.cpp:606:14: warning: 'enabledLayerCount' is deprecated: ignored [-Wdeprecated-declarations]
2026-08-03T23:50:16.2003490Z   606 |         create_info.enabledLayerCount   = 0;
2026-08-03T23:50:16.2105530Z       |                     ^
2026-08-03T23:50:16.2209080Z /Users/runner/work/KytyPlus/KytyPlus/3rdparty/Vulkan-Headers/include/vulkan/vulkan_structs.hpp:38633:5: note: 'enabledLayerCount' has been explicitly marked deprecated here
2026-08-03T23:50:16.2312040Z  38633 |     VULKAN_HPP_DEPRECATED( "ignored" ) uint32_t enabledLayerCount               = {};
2026-08-03T23:50:16.2413270Z        |     ^
2026-08-03T23:50:16.2516390Z /Users/runner/work/KytyPlus/KytyPlus/3rdparty/Vulkan-Headers/include/vulkan/vulkan_hpp_macros.hpp:213:42: note: expanded from macro 'VULKAN_HPP_DEPRECATED'
2026-08-03T23:50:16.2619070Z   213 | #  define VULKAN_HPP_DEPRECATED( msg ) [[deprecated( msg )]]
2026-08-03T23:50:16.2720370Z       |                                          ^
2026-08-03T23:50:16.2825920Z /Users/runner/work/KytyPlus/KytyPlus/src/graphics/presentation/window/vulkanWindow.cpp:607:14: warning: 'ppEnabledLayerNames' is deprecated: ignored [-Wdeprecated-declarations]
2026-08-03T23:50:16.2928220Z   607 |         create_info.ppEnabledLayerNames = nullptr;
2026-08-03T23:50:16.3030000Z       |                     ^
2026-08-03T23:50:16.3138790Z /Users/runner/work/KytyPlus/KytyPlus/3rdparty/Vulkan-Headers/include/vulkan/vulkan_structs.hpp:38634:5: note: 'ppEnabledLayerNames' has been explicitly marked deprecated here
2026-08-03T23:50:16.3242120Z  38634 |     VULKAN_HPP_DEPRECATED( "ignored" ) const char * const * ppEnabledLayerNames = {};
2026-08-03T23:50:16.3344390Z        |     ^
2026-08-03T23:50:16.3447760Z /Users/runner/work/KytyPlus/KytyPlus/3rdparty/Vulkan-Headers/include/vulkan/vulkan_hpp_macros.hpp:213:42: note: expanded from macro 'VULKAN_HPP_DEPRECATED'
2026-08-03T23:50:16.3550350Z   213 | #  define VULKAN_HPP_DEPRECATED( msg ) [[deprecated( msg )]]
2026-08-03T23:50:16.3651780Z       |                                          ^
2026-08-03T23:50:16.3754040Z 2 warnings generated.
2026-08-03T23:50:17.5554730Z [598/716] Building CXX object CMakeFiles/kyty_emulator.dir/graphics/shader/recompiler/decompiler/ExportOps.cpp.o
2026-08-03T23:50:17.6565840Z [599/716] Building CXX object CMakeFiles/kyty_emulator.dir/graphics/shader/recompiler/decompiler/ImageOps.cpp.o
2026-08-03T23:50:17.6669670Z [600/716] Building CXX object CMakeFiles/kyty_emulator.dir/graphics/shader/recompiler/ShaderRecompiler.cpp.o
2026-08-03T23:50:18.1833410Z [601/716] Building CXX object CMakeFiles/kyty_emulator.dir/graphics/shader/recompiler/decompiler/MemoryOps.cpp.o
2026-08-03T23:50:19.1449180Z [602/716] Building CXX object CMakeFiles/kyty_emulator.dir/graphics/presentation/window/window.cpp.o
2026-08-03T23:50:19.3760550Z [603/716] Building CXX object CMakeFiles/kyty_emulator.dir/graphics/shader/recompiler/emitter/SpirvBuilder.cpp.o
2026-08-03T23:50:19.4663340Z [604/716] Building CXX object CMakeFiles/kyty_emulator.dir/graphics/shader/recompiler/decompiler/ScalarAluOps.cpp.o
2026-08-03T23:50:19.7989880Z [605/716] Building CXX object CMakeFiles/kyty_emulator.dir/graphics/shader/recompiler/decompiler/VectorAluOps.cpp.o
2026-08-03T23:50:20.2939210Z [606/716] Building CXX object CMakeFiles/kyty_emulator.dir/graphics/shader/recompiler/decompiler/ShaderDecoder.cpp.o
2026-08-03T23:50:22.1290700Z [607/716] Building CXX object CMakeFiles/kyty_emulator.dir/graphics/shader/recompiler/emitter/SpirvEmitter.cpp.o
2026-08-03T23:50:22.6229170Z [608/716] Building CXX object CMakeFiles/kyty_emulator.dir/graphics/shader/recompiler/emitter/spirvEmitterAluOps.cpp.o
2026-08-03T23:50:22.8568220Z [609/716] Building CXX object CMakeFiles/kyty_emulator.dir/graphics/shader/recompiler/emitter/spirvEmitterControlFlow.cpp.o
2026-08-03T23:50:22.8669150Z [610/716] Building CXX object CMakeFiles/kyty_emulator.dir/graphics/shader/recompiler/emitter/spirvEmitterExport.cpp.o
2026-08-03T23:50:24.4270500Z [611/716] Building CXX object CMakeFiles/kyty_emulator.dir/graphics/shader/recompiler/emitter/spirvEmitterFlowOps.cpp.o
2026-08-03T23:50:25.2347890Z [612/716] Building CXX object CMakeFiles/kyty_emulator.dir/graphics/shader/recompiler/emitter/spirvEmitterImageOps.cpp.o
2026-08-03T23:50:25.6891610Z [613/716] Building CXX object CMakeFiles/kyty_emulator.dir/graphics/shader/recompiler/emitter/spirvEmitterMemory.cpp.o
2026-08-03T23:50:25.8805220Z [614/716] Building CXX object CMakeFiles/kyty_emulator.dir/graphics/shader/recompiler/emitter/spirvEmitterAnalysis.cpp.o
2026-08-03T23:50:27.0850270Z [615/716] Building CXX object CMakeFiles/kyty_emulator.dir/graphics/shader/recompiler/emitter/spirvEmitterModule.cpp.o
2026-08-03T23:50:27.5908850Z [616/716] Building CXX object CMakeFiles/kyty_emulator.dir/graphics/shader/recompiler/emitter/spirvEmitterValues.cpp.o
2026-08-03T23:50:27.6755180Z [617/716] Building CXX object CMakeFiles/kyty_emulator.dir/graphics/shader/recompiler/emitter/spirvEmitterImageHelpers.cpp.o
2026-08-03T23:50:28.2714710Z [618/716] Building CXX object CMakeFiles/kyty_emulator.dir/graphics/shader/recompiler/ir/BindingLayout.cpp.o
2026-08-03T23:50:28.8627400Z [619/716] Building CXX object CMakeFiles/kyty_emulator.dir/graphics/shader/recompiler/ir/ResourceMaterialization.cpp.o
2026-08-03T23:50:29.8701090Z [620/716] Building CXX object CMakeFiles/kyty_emulator.dir/graphics/shader/recompiler/ir/ResourceTracking.cpp.o
2026-08-03T23:50:30.3176650Z [621/716] Building CXX object CMakeFiles/kyty_emulator.dir/graphics/shader/recompiler/ir/ShaderIRLog.cpp.o
2026-08-03T23:50:30.8905220Z [622/716] Building CXX object CMakeFiles/kyty_emulator.dir/graphics/shader/recompiler/ir/ShaderIRMemory.cpp.o
2026-08-03T23:50:31.4407690Z [623/716] Building CXX object CMakeFiles/kyty_emulator.dir/graphics/shader/recompiler/ir/ShaderIROpcodes.cpp.o
2026-08-03T23:50:31.6561550Z [624/716] Building CXX object CMakeFiles/kyty_emulator.dir/graphics/shader/recompiler/ir/ScalarProvenance.cpp.o
2026-08-03T23:50:33.2385800Z [625/716] Building CXX object CMakeFiles/kyty_emulator.dir/graphics/shader/recompiler/ir/ShaderInfoCollection.cpp.o
2026-08-03T23:50:33.5638140Z [626/716] Building CXX object CMakeFiles/kyty_emulator.dir/graphics/shader/recompiler/ir/SrtPatcher.cpp.o
2026-08-03T23:50:33.8107090Z [627/716] Building CXX object CMakeFiles/kyty_emulator.dir/graphics/shader/recompiler/ir/ShaderIR.cpp.o
2026-08-03T23:50:34.2417390Z [628/716] Building CXX object CMakeFiles/kyty_emulator.dir/graphics/shader/shaderBindings.cpp.o
2026-08-03T23:50:34.4850430Z [629/716] Building CXX object CMakeFiles/kyty_emulator.dir/graphics/shader/recompiler/ir/SrtWalker.cpp.o
2026-08-03T23:50:34.9397610Z [630/716] Building CXX object CMakeFiles/kyty_emulator.dir/graphics/shader/shaderVertexMetadata.cpp.o
2026-08-03T23:50:35.8165990Z [631/716] Building CXX object CMakeFiles/kyty_emulator.dir/graphics/shader/shaderStageRuntime.cpp.o
2026-08-03T23:50:39.3042120Z [632/716] Building CXX object CMakeFiles/kyty_emulator.dir/kernel/eventFlag.cpp.o
2026-08-03T23:50:40.7290310Z [633/716] Building CXX object CMakeFiles/kyty_emulator.dir/kernel/eventQueue.cpp.o
2026-08-03T23:50:41.5581990Z [634/716] Building CXX object CMakeFiles/kyty_emulator.dir/kernel/fileSystem.cpp.o
2026-08-03T23:50:46.6827220Z [635/716] Building CXX object CMakeFiles/kyty_emulator.dir/kernel/semaphore.cpp.o
2026-08-03T23:50:47.0946170Z [636/716] Building CXX object CMakeFiles/kyty_emulator.dir/graphics/shader/shader.cpp.o
2026-08-03T23:50:48.1456990Z [637/716] Building CXX object CMakeFiles/kyty_emulator.dir/kernel/pthread.cpp.o
2026-08-03T23:50:53.1130070Z [638/716] Building CXX object CMakeFiles/kyty_emulator.dir/kernel/memory.cpp.o
2026-08-03T23:50:53.3541160Z [639/716] Building CXX object CMakeFiles/kyty_emulator.dir/libs/ajm.cpp.o
2026-08-03T23:50:55.1014460Z [640/716] Building CXX object CMakeFiles/kyty_emulator.dir/libs/avPlayer.cpp.o
2026-08-03T23:50:55.1752520Z [641/716] Building CXX object CMakeFiles/kyty_emulator.dir/libs/errno.cpp.o
2026-08-03T23:50:56.8068880Z [642/716] Building CXX object CMakeFiles/kyty_emulator.dir/libs/agc.cpp.o
2026-08-03T23:50:56.9895110Z [643/716] Building CXX object CMakeFiles/kyty_emulator.dir/libs/audio.cpp.o
2026-08-03T23:50:57.1000490Z [644/716] Building CXX object CMakeFiles/kyty_emulator.dir/libs/gta3Mission.cpp.o
2026-08-03T23:50:57.1101100Z FAILED: [code=1] CMakeFiles/kyty_emulator.dir/libs/gta3Mission.cpp.o 
2026-08-03T23:50:57.1208880Z /usr/bin/clang++ -DTRACY_DELAYED_INIT -DTRACY_ENABLE -DTRACY_MANUAL_LIFETIME -DTRACY_ON_DEMAND -I/Users/runner/work/KytyPlus/KytyPlus/src/../3rdparty/gtest/include -I/Users/runner/work/KytyPlus/KytyPlus/src/../3rdparty/gtest -I/Users/runner/work/KytyPlus/KytyPlus/src/../3rdparty/fmt/include -I/Users/runner/work/KytyPlus/KytyPlus/src/../3rdparty/magic_enum/include/magic_enum -I/Users/runner/work/KytyPlus/KytyPlus/_Build/macos -I/Users/runner/work/KytyPlus/KytyPlus/src -I/Users/runner/work/KytyPlus/KytyPlus/src/../3rdparty/SDL2/include -I/Users/runner/work/KytyPlus/KytyPlus/src/../3rdparty/VulkanMemoryAllocator/include -I/Users/runner/work/KytyPlus/KytyPlus/src/../3rdparty/SPIRV-Tools/include -I/Users/runner/work/KytyPlus/KytyPlus/src/../3rdparty/xxhash -I/Users/runner/work/KytyPlus/KytyPlus/src/../3rdparty/cpuinfo/include -I/Users/runner/work/KytyPlus/KytyPlus/src/../3rdparty/stb -I/Users/runner/work/KytyPlus/KytyPlus/3rdparty/fmt/include -I/Users/runner/work/KytyPlus/KytyPlus/3rdparty/Vulkan-Headers/include -I/Users/runner/work/KytyPlus/KytyPlus/3rdparty/SPIRV-Tools/include -I/Users/runner/work/KytyPlus/KytyPlus/3rdparty/SPIRV-Headers/include -I/Users/runner/work/KytyPlus/KytyPlus/_Build/macos/3rdparty/SDL2/include -I/Users/runner/work/KytyPlus/KytyPlus/_Build/macos/3rdparty/SDL2/include/SDL2 -I/Users/runner/work/KytyPlus/KytyPlus/_Build/macos/3rdparty/SDL2/include-config-release/SDL2 -I/Users/runner/work/KytyPlus/KytyPlus/3rdparty/xxHash -I/Users/runner/work/KytyPlus/KytyPlus/3rdparty/ffmpeg-core/include -I/Users/runner/work/KytyPlus/KytyPlus/3rdparty/nlohmann_json/include -I/Users/runner/work/KytyPlus/KytyPlus/3rdparty/LibAtrac9/C/src -isystem /Users/runner/work/KytyPlus/KytyPlus/3rdparty/tracy/public -fno-rtti -fno-exceptions -fcolor-diagnostics -finput-charset=UTF-8 -fexec-charset=UTF-8 -g -fno-strict-aliasing -fno-omit-frame-pointer -Wall -fmessage-length=0 -O3 -DNDEBUG -std=c++20 -arch x86_64 -MD -MT CMakeFiles/kyty_emulator.dir/libs/gta3Mission.cpp.o -MF CMakeFiles/kyty_emulator.dir/libs/gta3Mission.cpp.o.d -o CMakeFiles/kyty_emulator.dir/libs/gta3Mission.cpp.o -c /Users/runner/work/KytyPlus/KytyPlus/src/libs/gta3Mission.cpp
2026-08-03T23:50:57.1302780Z /Users/runner/work/KytyPlus/KytyPlus/src/libs/gta3Mission.cpp:363:21: error: no viable overloaded '='
2026-08-03T23:50:57.1403040Z   363 |     m_activeMission = GTAMissionState{};
2026-08-03T23:50:57.1504250Z       |     ~~~~~~~~~~~~~~~ ^ ~~~~~~~~~~~~~~~~~
2026-08-03T23:50:57.1605030Z /Users/runner/work/KytyPlus/KytyPlus/src/libs/gta3Mission.h:61:8: note: candidate function (the implicit copy assignment operator) not viable: no known conversion from 'GTAMissionState' to 'const GTAMissionInstance' for 1st argument
2026-08-03T23:50:57.1709720Z    61 | struct GTAMissionInstance {
2026-08-03T23:50:57.1810610Z       |        ^~~~~~~~~~~~~~~~~~
2026-08-03T23:50:57.1913250Z /Users/runner/work/KytyPlus/KytyPlus/src/libs/gta3Mission.h:61:8: note: candidate function (the implicit move assignment operator) not viable: no known conversion from 'GTAMissionState' to 'GTAMissionInstance' for 1st argument
2026-08-03T23:50:57.2012760Z    61 | struct GTAMissionInstance {
2026-08-03T23:50:57.2112720Z       |        ^~~~~~~~~~~~~~~~~~
2026-08-03T23:50:57.2214810Z /Users/runner/work/KytyPlus/KytyPlus/src/libs/gta3Mission.cpp:377:43: error: return type of out-of-line definition of 'Kyty::Libs::GTA3MissionSystem::GetActiveMissionState' differs from that in the declaration
2026-08-03T23:50:57.2314970Z   377 | const GTAMissionState* GTA3MissionSystem::GetActiveMissionState() const {
2026-08-03T23:50:57.2415480Z       |       ~~~~~~~~~~~~~~~~                    ^
2026-08-03T23:50:57.2516780Z /Users/runner/work/KytyPlus/KytyPlus/src/libs/gta3Mission.h:110:31: note: previous declaration is here
2026-08-03T23:50:57.2617700Z   110 |     const GTAMissionInstance* GetActiveMissionState() const;
2026-08-03T23:50:57.2717780Z       |           ~~~~~~~~~~~~~~~~~~~ ^
2026-08-03T23:50:57.2820720Z /Users/runner/work/KytyPlus/KytyPlus/src/libs/gta3Mission.cpp:378:12: error: cannot initialize return object of type 'const GTAMissionState *' with an rvalue of type 'const GTAMissionInstance *'
2026-08-03T23:50:57.2920360Z   378 |     return m_hasActiveMission ? &m_activeMission : nullptr;
2026-08-03T23:50:57.3019960Z       |            ^~~~~~~~~~~~~~~~~~~~~~~~~~~~~~~~~~~~~~~~~~~~~~~
2026-08-03T23:50:57.3121850Z /Users/runner/work/KytyPlus/KytyPlus/src/libs/gta3Mission.cpp:381:37: error: return type of out-of-line definition of 'Kyty::Libs::GTA3MissionSystem::GetActiveMissionState' differs from that in the declaration
2026-08-03T23:50:57.3221780Z   381 | GTAMissionState* GTA3MissionSystem::GetActiveMissionState() {
2026-08-03T23:50:57.3323200Z       | ~~~~~~~~~~~~~~~~                    ^
2026-08-03T23:50:57.3423850Z /Users/runner/work/KytyPlus/KytyPlus/src/libs/gta3Mission.h:111:25: note: previous declaration is here
2026-08-03T23:50:57.3523920Z   111 |     GTAMissionInstance* GetActiveMissionState();
2026-08-03T23:50:57.3624110Z       |     ~~~~~~~~~~~~~~~~~~~ ^
2026-08-03T23:50:57.3726370Z /Users/runner/work/KytyPlus/KytyPlus/src/libs/gta3Mission.cpp:382:12: error: cannot initialize return object of type 'GTAMissionState *' with an rvalue of type 'GTAMissionInstance *'
2026-08-03T23:50:57.3826460Z   382 |     return m_hasActiveMission ? &m_activeMission : nullptr;
2026-08-03T23:50:57.3927540Z       |            ^~~~~~~~~~~~~~~~~~~~~~~~~~~~~~~~~~~~~~~~~~~~~~~
2026-08-03T23:50:57.4028710Z 5 errors generated.
2026-08-03T23:50:58.5103690Z [645/716] Building CXX object CMakeFiles/kyty_emulator.dir/libs/dialog.cpp.o
2026-08-03T23:50:58.6176520Z [646/716] Building CXX object CMakeFiles/kyty_emulator.dir/libs/controller.cpp.o
2026-08-03T23:50:59.7805940Z [647/716] Building CXX object CMakeFiles/kyty_emulator.dir/libs/guestPrintf.cpp.o
2026-08-03T23:51:00.0563780Z [648/716] Building CXX object CMakeFiles/kyty_emulator.dir/libs/gta3SaveData.cpp.o
2026-08-03T23:51:00.0668200Z ninja: build stopped: subcommand failed.
2026-08-03T23:51:00.0790110Z ##[error]Process completed with exit code 1.
2026-08-03T23:51:00.1143990Z Post job cleanup.
2026-08-03T23:51:00.1150730Z ##[start-action display=Setup Python;id=__9eef7ee9-0d27-4855-ae2f-98c537437ff5.__actions_setup-python]
2026-08-03T23:51:00.1161140Z ##[end-action id=__9eef7ee9-0d27-4855-ae2f-98c537437ff5.__actions_setup-python;outcome=skipped;conclusion=skipped;duration_ms=0]
2026-08-03T23:51:00.1365360Z Post job cleanup.
2026-08-03T23:51:00.6470370Z [command]/opt/homebrew/bin/git version
2026-08-03T23:51:00.6660030Z git version 2.55.0
2026-08-03T23:51:00.6678360Z Copying '/Users/runner/.gitconfig' to '/Users/runner/work/_temp/e218a486-026a-42d9-8b05-2b9e7baab4e4/.gitconfig'
2026-08-03T23:51:00.6684530Z Temporarily overriding HOME='/Users/runner/work/_temp/e218a486-026a-42d9-8b05-2b9e7baab4e4' before making global git config changes
2026-08-03T23:51:00.6685430Z Adding repository directory to the temporary git global config as a safe directory
2026-08-03T23:51:00.6688030Z [command]/opt/homebrew/bin/git config --global --add safe.directory /Users/runner/work/KytyPlus/KytyPlus
2026-08-03T23:51:00.6798840Z [command]/opt/homebrew/bin/git config --local --name-only --get-regexp core\.sshCommand
2026-08-03T23:51:00.6857630Z [command]/opt/homebrew/bin/git submodule foreach --recursive sh -c "git config --local --name-only --get-regexp 'core\.sshCommand' && git config --local --unset-all 'core.sshCommand' || :"
2026-08-03T23:51:00.7773740Z Entering '3rdparty/LibAtrac9'
2026-08-03T23:51:00.7981640Z Entering '3rdparty/SDL2'
2026-08-03T23:51:00.8202600Z Entering '3rdparty/SPIRV-Headers'
2026-08-03T23:51:00.8420500Z Entering '3rdparty/SPIRV-Tools'
2026-08-03T23:51:00.8657380Z Entering '3rdparty/Vulkan-Headers'
2026-08-03T23:51:00.8878770Z Entering '3rdparty/VulkanMemoryAllocator'
2026-08-03T23:51:00.9132900Z Entering '3rdparty/ffmpeg-core'
2026-08-03T23:51:00.9843510Z Entering '3rdparty/fmt'
2026-08-03T23:51:01.0056740Z Entering '3rdparty/magic_enum'
2026-08-03T23:51:01.0278910Z Entering '3rdparty/nlohmann_json'
2026-08-03T23:51:01.0511810Z Entering '3rdparty/spdlog'
2026-08-03T23:51:01.0777160Z Entering '3rdparty/tracy'
2026-08-03T23:51:01.1078610Z Entering '3rdparty/xxHash'
2026-08-03T23:51:01.1403540Z [command]/opt/homebrew/bin/git config --local --name-only --get-regexp http\.https\:\/\/github\.com\/\.extraheader
2026-08-03T23:51:01.1476280Z http.https://github.com/.extraheader
2026-08-03T23:51:01.1482970Z [command]/opt/homebrew/bin/git config --local --unset-all http.https://github.com/.extraheader
2026-08-03T23:51:01.1567500Z [command]/opt/homebrew/bin/git submodule foreach --recursive sh -c "git config --local --name-only --get-regexp 'http\.https\:\/\/github\.com\/\.extraheader' && git config --local --unset-all 'http.https://github.com/.extraheader' || :"
2026-08-03T23:51:01.2526720Z Entering '3rdparty/LibAtrac9'
2026-08-03T23:51:01.2813060Z http.https://github.com/.extraheader
2026-08-03T23:51:01.3017240Z Entering '3rdparty/SDL2'
2026-08-03T23:51:01.3471290Z http.https://github.com/.extraheader
2026-08-03T23:51:01.3773300Z Entering '3rdparty/SPIRV-Headers'
2026-08-03T23:51:01.3982460Z http.https://github.com/.extraheader
2026-08-03T23:51:01.4145020Z Entering '3rdparty/SPIRV-Tools'
2026-08-03T23:51:01.4320430Z http.https://github.com/.extraheader
2026-08-03T23:51:01.4458060Z Entering '3rdparty/Vulkan-Headers'
2026-08-03T23:51:01.4634650Z http.https://github.com/.extraheader
2026-08-03T23:51:01.4804190Z Entering '3rdparty/VulkanMemoryAllocator'
2026-08-03T23:51:01.5007510Z http.https://github.com/.extraheader
2026-08-03T23:51:01.5166940Z Entering '3rdparty/ffmpeg-core'
2026-08-03T23:51:01.5351730Z http.https://github.com/.extraheader
2026-08-03T23:51:01.5592960Z Entering '3rdparty/fmt'
2026-08-03T23:51:01.5755550Z http.https://github.com/.extraheader
2026-08-03T23:51:01.5956350Z Entering '3rdparty/magic_enum'
2026-08-03T23:51:01.6110200Z http.https://github.com/.extraheader
2026-08-03T23:51:01.6250080Z Entering '3rdparty/nlohmann_json'
2026-08-03T23:51:01.6404010Z http.https://github.com/.extraheader
2026-08-03T23:51:01.6678140Z Entering '3rdparty/spdlog'
2026-08-03T23:51:01.6919860Z http.https://github.com/.extraheader
2026-08-03T23:51:01.7126920Z Entering '3rdparty/tracy'
2026-08-03T23:51:01.7286790Z http.https://github.com/.extraheader
2026-08-03T23:51:01.7427810Z Entering '3rdparty/xxHash'
2026-08-03T23:51:01.7588950Z http.https://github.com/.extraheader
2026-08-03T23:51:01.7752020Z [command]/opt/homebrew/bin/git config --local --name-only --get-regexp ^includeIf\.gitdir:
2026-08-03T23:51:01.7830800Z [command]/opt/homebrew/bin/git submodule foreach --recursive git config --local --show-origin --name-only --get-regexp remote.origin.url
2026-08-03T23:51:01.8930930Z Entering '3rdparty/LibAtrac9'
2026-08-03T23:51:01.9034070Z file:/Users/runner/work/KytyPlus/KytyPlus/.git/modules/3rdparty/LibAtrac9/config	remote.origin.url
2026-08-03T23:51:01.9123730Z Entering '3rdparty/SDL2'
2026-08-03T23:51:01.9217950Z file:/Users/runner/work/KytyPlus/KytyPlus/.git/modules/3rdparty/SDL2/config	remote.origin.url
2026-08-03T23:51:01.9282340Z Entering '3rdparty/SPIRV-Headers'
2026-08-03T23:51:01.9375970Z file:/Users/runner/work/KytyPlus/KytyPlus/.git/modules/3rdparty/SPIRV-Headers/config	remote.origin.url
2026-08-03T23:51:01.9469480Z Entering '3rdparty/SPIRV-Tools'
2026-08-03T23:51:01.9670410Z file:/Users/runner/work/KytyPlus/KytyPlus/.git/modules/3rdparty/SPIRV-Tools/config	remote.origin.url
2026-08-03T23:51:01.9771820Z Entering '3rdparty/Vulkan-Headers'
2026-08-03T23:51:01.9895530Z file:/Users/runner/work/KytyPlus/KytyPlus/.git/modules/3rdparty/Vulkan-Headers/config	remote.origin.url
2026-08-03T23:51:01.9970240Z Entering '3rdparty/VulkanMemoryAllocator'
2026-08-03T23:51:02.0125470Z file:/Users/runner/work/KytyPlus/KytyPlus/.git/modules/3rdparty/VulkanMemoryAllocator/config	remote.origin.url
2026-08-03T23:51:02.0214830Z Entering '3rdparty/ffmpeg-core'
2026-08-03T23:51:02.0327540Z file:/Users/runner/work/KytyPlus/KytyPlus/.git/modules/3rdparty/ffmpeg-core/config	remote.origin.url
2026-08-03T23:51:02.0417630Z Entering '3rdparty/fmt'
2026-08-03T23:51:02.0514350Z file:/Users/runner/work/KytyPlus/KytyPlus/.git/modules/3rdparty/fmt/config	remote.origin.url
2026-08-03T23:51:02.0576290Z Entering '3rdparty/magic_enum'
2026-08-03T23:51:02.0679780Z file:/Users/runner/work/KytyPlus/KytyPlus/.git/modules/3rdparty/magic_enum/config	remote.origin.url
2026-08-03T23:51:02.0739250Z Entering '3rdparty/nlohmann_json'
2026-08-03T23:51:02.0852250Z file:/Users/runner/work/KytyPlus/KytyPlus/.git/modules/3rdparty/nlohmann_json/config	remote.origin.url
2026-08-03T23:51:02.0921610Z Entering '3rdparty/spdlog'
2026-08-03T23:51:02.1017640Z file:/Users/runner/work/KytyPlus/KytyPlus/.git/modules/3rdparty/spdlog/config	remote.origin.url
2026-08-03T23:51:02.1221160Z Entering '3rdparty/tracy'
2026-08-03T23:51:02.1321390Z file:/Users/runner/work/KytyPlus/KytyPlus/.git/modules/3rdparty/tracy/config	remote.origin.url
2026-08-03T23:51:02.1422980Z Entering '3rdparty/xxHash'
2026-08-03T23:51:02.1658740Z file:/Users/runner/work/KytyPlus/KytyPlus/.git/modules/3rdparty/xxHash/config	remote.origin.url
2026-08-03T23:51:02.1961330Z [command]/opt/homebrew/bin/git config --file /Users/runner/work/KytyPlus/KytyPlus/.git/modules/3rdparty/LibAtrac9/config --name-only --get-regexp ^includeIf\.gitdir:
2026-08-03T23:51:02.1963980Z [command]/opt/homebrew/bin/git config --file /Users/runner/work/KytyPlus/KytyPlus/.git/modules/3rdparty/SDL2/config --name-only --get-regexp ^includeIf\.gitdir:
2026-08-03T23:51:02.1986340Z [command]/opt/homebrew/bin/git config --file /Users/runner/work/KytyPlus/KytyPlus/.git/modules/3rdparty/SPIRV-Headers/config --name-only --get-regexp ^includeIf\.gitdir:
2026-08-03T23:51:02.2062800Z [command]/opt/homebrew/bin/git config --file /Users/runner/work/KytyPlus/KytyPlus/.git/modules/3rdparty/SPIRV-Tools/config --name-only --get-regexp ^includeIf\.gitdir:
2026-08-03T23:51:02.2148030Z [command]/opt/homebrew/bin/git config --file /Users/runner/work/KytyPlus/KytyPlus/.git/modules/3rdparty/Vulkan-Headers/config --name-only --get-regexp ^includeIf\.gitdir:
2026-08-03T23:51:02.2212480Z [command]/opt/homebrew/bin/git config --file /Users/runner/work/KytyPlus/KytyPlus/.git/modules/3rdparty/VulkanMemoryAllocator/config --name-only --get-regexp ^includeIf\.gitdir:
2026-08-03T23:51:02.2280620Z [command]/opt/homebrew/bin/git config --file /Users/runner/work/KytyPlus/KytyPlus/.git/modules/3rdparty/ffmpeg-core/config --name-only --get-regexp ^includeIf\.gitdir:
2026-08-03T23:51:02.2336240Z [command]/opt/homebrew/bin/git config --file /Users/runner/work/KytyPlus/KytyPlus/.git/modules/3rdparty/fmt/config --name-only --get-regexp ^includeIf\.gitdir:
2026-08-03T23:51:02.2388980Z [command]/opt/homebrew/bin/git config --file /Users/runner/work/KytyPlus/KytyPlus/.git/modules/3rdparty/magic_enum/config --name-only --get-regexp ^includeIf\.gitdir:
2026-08-03T23:51:02.2444210Z [command]/opt/homebrew/bin/git config --file /Users/runner/work/KytyPlus/KytyPlus/.git/modules/3rdparty/nlohmann_json/config --name-only --get-regexp ^includeIf\.gitdir:
2026-08-03T23:51:02.2496830Z [command]/opt/homebrew/bin/git config --file /Users/runner/work/KytyPlus/KytyPlus/.git/modules/3rdparty/spdlog/config --name-only --get-regexp ^includeIf\.gitdir:
2026-08-03T23:51:02.2553270Z [command]/opt/homebrew/bin/git config --file /Users/runner/work/KytyPlus/KytyPlus/.git/modules/3rdparty/tracy/config --name-only --get-regexp ^includeIf\.gitdir:
2026-08-03T23:51:02.2609240Z [command]/opt/homebrew/bin/git config --file /Users/runner/work/KytyPlus/KytyPlus/.git/modules/3rdparty/xxHash/config --name-only --get-regexp ^includeIf\.gitdir:
2026-08-03T23:51:02.2769620Z Cleaning up orphan processes
