2026-08-03T23:43:08.8896191Z Current runner version: '2.336.0'
2026-08-03T23:43:08.8920531Z ##[group]Runner Image Provisioner
2026-08-03T23:43:08.8921276Z Hosted Compute Agent
2026-08-03T23:43:08.8921767Z Version: 20260707.563
2026-08-03T23:43:08.8922340Z Commit: 02667638d2b423fbc733a8e32a88b44996a3ba6e
2026-08-03T23:43:08.8922995Z Build Date: 2026-07-07T19:33:50Z
2026-08-03T23:43:08.8924185Z Worker ID: {dce6ab55-48c4-4394-a95c-8223e3a81184}
2026-08-03T23:43:08.8924869Z Azure Region: centralus
2026-08-03T23:43:08.8925373Z ##[endgroup]
2026-08-03T23:43:08.8926697Z ##[group]Operating System
2026-08-03T23:43:08.8927281Z Microsoft Windows Server 2022
2026-08-03T23:43:08.8927807Z 10.0.20348
2026-08-03T23:43:08.8928280Z Datacenter
2026-08-03T23:43:08.8928740Z ##[endgroup]
2026-08-03T23:43:08.8929213Z ##[group]Runner Image
2026-08-03T23:43:08.8929733Z Image: windows-2022
2026-08-03T23:43:08.8930219Z Version: 20260728.258.1
2026-08-03T23:43:08.8931592Z Included Software: https://github.com/actions/runner-images/blob/win22/20260728.258/images/windows/Windows2022-Readme.md
2026-08-03T23:43:08.8933026Z Image Release: https://github.com/actions/runner-images/releases/tag/win22%2F20260728.258
2026-08-03T23:43:08.8933944Z ##[endgroup]
2026-08-03T23:43:08.8935018Z ##[group]GITHUB_TOKEN Permissions
2026-08-03T23:43:08.8937230Z Contents: read
2026-08-03T23:43:08.8937765Z Metadata: read
2026-08-03T23:43:08.8938266Z Packages: read
2026-08-03T23:43:08.8938757Z ##[endgroup]
2026-08-03T23:43:08.8941414Z Secret source: Actions
2026-08-03T23:43:08.8942351Z Prepare workflow directory
2026-08-03T23:43:08.9253923Z Prepare all required actions
2026-08-03T23:43:08.9299611Z Getting action download info
2026-08-03T23:43:09.1696722Z Download action repository 'actions/checkout@v5' (SHA:fbc6f3992d24b796d5a048ff273f7fcc4a7b6c09)
2026-08-03T23:43:09.3336192Z Download action repository 'TheMrMilchmann/setup-msvc-dev@v4.0.0' (SHA:79dac248aac9d0059f86eae9d8b5bfab4e95e97c)
2026-08-03T23:43:09.9394732Z Download action repository 'jakoch/install-vulkan-sdk-action@v1.6.0' (SHA:37effcfa045411f8bfbbda26df2fd1b3bf3436fa)
2026-08-03T23:43:10.2765944Z Download action repository 'jurplel/install-qt-action@v4.3.1' (SHA:48d3ad6db93f3627c8ee7a0454bc6f3744f7e730)
2026-08-03T23:43:12.5699027Z Download action repository 'actions/upload-artifact@v4' (SHA:ea165f8d65b6e75b540449e92b4886f43607fa02)
2026-08-03T23:43:12.8881551Z Getting action download info
2026-08-03T23:43:12.9686567Z Download action repository 'actions/setup-python@v6' (SHA:ece7cb06caefa5fff74198d8649806c4678c61a1)
2026-08-03T23:43:13.0782455Z Download action repository 'jurplel/install-qt-action@v4' (SHA:48d3ad6db93f3627c8ee7a0454bc6f3744f7e730)
2026-08-03T23:43:15.3588719Z Complete job name: Build KytyPS5 (Windows)
2026-08-03T23:43:15.5224053Z ##[group]Run actions/checkout@v5
2026-08-03T23:43:15.5224790Z with:
2026-08-03T23:43:15.5225034Z   submodules: recursive
2026-08-03T23:43:15.5225316Z   repository: Coder787-source/KytyPlus
2026-08-03T23:43:15.5227990Z   token: ***
2026-08-03T23:43:15.5228238Z   ssh-strict: true
2026-08-03T23:43:15.5228474Z   ssh-user: git
2026-08-03T23:43:15.5228703Z   persist-credentials: true
2026-08-03T23:43:15.5228966Z   clean: true
2026-08-03T23:43:15.5229216Z   sparse-checkout-cone-mode: true
2026-08-03T23:43:15.5229495Z   fetch-depth: 1
2026-08-03T23:43:15.5229712Z   fetch-tags: false
2026-08-03T23:43:15.5229948Z   show-progress: true
2026-08-03T23:43:15.5230173Z   lfs: false
2026-08-03T23:43:15.5230390Z   set-safe-directory: true
2026-08-03T23:43:15.5230656Z   allow-unsafe-pr-checkout: false
2026-08-03T23:43:15.5231114Z ##[endgroup]
2026-08-03T23:43:15.6587629Z Syncing repository: Coder787-source/KytyPlus
2026-08-03T23:43:15.6588999Z ##[group]Getting Git version info
2026-08-03T23:43:15.6589438Z Working directory is 'D:\a\KytyPlus\KytyPlus'
2026-08-03T23:43:15.7636530Z [command]"C:\Program Files\Git\bin\git.exe" version
2026-08-03T23:43:16.0779372Z git version 2.55.0.windows.3
2026-08-03T23:43:16.0816303Z ##[endgroup]
2026-08-03T23:43:16.0833857Z Temporarily overriding HOME='D:\a\_temp\f73c4cde-3855-4bee-8dbd-0f4b9029e7d7' before making global git config changes
2026-08-03T23:43:16.0837509Z Adding repository directory to the temporary git global config as a safe directory
2026-08-03T23:43:16.0844988Z [command]"C:\Program Files\Git\bin\git.exe" config --global --add safe.directory D:\a\KytyPlus\KytyPlus
2026-08-03T23:43:16.1344522Z Deleting the contents of 'D:\a\KytyPlus\KytyPlus'
2026-08-03T23:43:16.1350381Z ##[group]Initializing the repository
2026-08-03T23:43:16.1360383Z [command]"C:\Program Files\Git\bin\git.exe" init D:\a\KytyPlus\KytyPlus
2026-08-03T23:43:16.2098875Z Initialized empty Git repository in D:/a/KytyPlus/KytyPlus/.git/
2026-08-03T23:43:16.2139554Z [command]"C:\Program Files\Git\bin\git.exe" remote add origin https://github.com/Coder787-source/KytyPlus
2026-08-03T23:43:16.2661212Z ##[endgroup]
2026-08-03T23:43:16.2661756Z ##[group]Disabling automatic garbage collection
2026-08-03T23:43:16.2670381Z [command]"C:\Program Files\Git\bin\git.exe" config --local gc.auto 0
2026-08-03T23:43:16.2881118Z ##[endgroup]
2026-08-03T23:43:16.2881570Z ##[group]Setting up auth
2026-08-03T23:43:16.2892543Z [command]"C:\Program Files\Git\bin\git.exe" config --local --name-only --get-regexp core\.sshCommand
2026-08-03T23:43:16.3102092Z [command]"C:\Program Files\Git\bin\git.exe" submodule foreach --recursive "sh -c \"git config --local --name-only --get-regexp 'core\.sshCommand' && git config --local --unset-all 'core.sshCommand' || :\""
2026-08-03T23:43:17.6336888Z [command]"C:\Program Files\Git\bin\git.exe" config --local --name-only --get-regexp http\.https\:\/\/github\.com\/\.extraheader
2026-08-03T23:43:17.6557004Z [command]"C:\Program Files\Git\bin\git.exe" submodule foreach --recursive "sh -c \"git config --local --name-only --get-regexp 'http\.https\:\/\/github\.com\/\.extraheader' && git config --local --unset-all 'http.https://github.com/.extraheader' || :\""
2026-08-03T23:43:18.0591599Z [command]"C:\Program Files\Git\bin\git.exe" config --local --name-only --get-regexp ^includeIf\.gitdir:
2026-08-03T23:43:18.0809750Z [command]"C:\Program Files\Git\bin\git.exe" submodule foreach --recursive "git config --local --show-origin --name-only --get-regexp remote.origin.url"
2026-08-03T23:43:18.4808826Z [command]"C:\Program Files\Git\bin\git.exe" config --local http.https://github.com/.extraheader "AUTHORIZATION: basic ***"
2026-08-03T23:43:18.5032224Z ##[endgroup]
2026-08-03T23:43:18.5032901Z ##[group]Fetching the repository
2026-08-03T23:43:18.5046891Z [command]"C:\Program Files\Git\bin\git.exe" -c protocol.version=2 fetch --no-tags --prune --no-recurse-submodules --depth=1 origin +9ad534a966c88e56e1d34c1e31e47eef49afb345:refs/remotes/origin/main
2026-08-03T23:43:23.6420123Z From https://github.com/Coder787-source/KytyPlus
2026-08-03T23:43:23.6420989Z  * [new ref]         9ad534a966c88e56e1d34c1e31e47eef49afb345 -> origin/main
2026-08-03T23:43:23.6446399Z ##[endgroup]
2026-08-03T23:43:23.6447089Z ##[group]Determining the checkout info
2026-08-03T23:43:23.6450211Z ##[endgroup]
2026-08-03T23:43:23.6459060Z [command]"C:\Program Files\Git\bin\git.exe" sparse-checkout disable
2026-08-03T23:43:23.6831514Z [command]"C:\Program Files\Git\bin\git.exe" config --local --unset-all extensions.worktreeConfig
2026-08-03T23:43:23.7046230Z ##[group]Checking out the ref
2026-08-03T23:43:23.7058153Z [command]"C:\Program Files\Git\bin\git.exe" checkout --progress --force -B main refs/remotes/origin/main
2026-08-03T23:43:24.7532197Z Updating files:  25% (626/2433)
2026-08-03T23:43:24.7827154Z Updating files:  26% (633/2433)
2026-08-03T23:43:24.8079104Z Updating files:  27% (657/2433)
2026-08-03T23:43:24.8316971Z Updating files:  28% (682/2433)
2026-08-03T23:43:24.8567139Z Updating files:  29% (706/2433)
2026-08-03T23:43:24.9825852Z Updating files:  30% (730/2433)
2026-08-03T23:43:24.9875483Z Updating files:  31% (755/2433)
2026-08-03T23:43:24.9959190Z Updating files:  32% (779/2433)
2026-08-03T23:43:25.0187773Z Updating files:  33% (803/2433)
2026-08-03T23:43:25.0329075Z Updating files:  34% (828/2433)
2026-08-03T23:43:25.0695431Z Updating files:  35% (852/2433)
2026-08-03T23:43:25.1212301Z Updating files:  36% (876/2433)
2026-08-03T23:43:25.1416344Z Updating files:  37% (901/2433)
2026-08-03T23:43:25.1582174Z Updating files:  38% (925/2433)
2026-08-03T23:43:25.1713704Z Updating files:  39% (949/2433)
2026-08-03T23:43:25.2024535Z Updating files:  40% (974/2433)
2026-08-03T23:43:25.2303856Z Updating files:  41% (998/2433)
2026-08-03T23:43:25.2489585Z Updating files:  42% (1022/2433)
2026-08-03T23:43:25.2656610Z Updating files:  43% (1047/2433)
2026-08-03T23:43:25.2848016Z Updating files:  44% (1071/2433)
2026-08-03T23:43:25.2965260Z Updating files:  45% (1095/2433)
2026-08-03T23:43:25.3056474Z Updating files:  46% (1120/2433)
2026-08-03T23:43:25.3162459Z Updating files:  47% (1144/2433)
2026-08-03T23:43:25.3433791Z Updating files:  48% (1168/2433)
2026-08-03T23:43:25.3676899Z Updating files:  49% (1193/2433)
2026-08-03T23:43:25.3876521Z Updating files:  50% (1217/2433)
2026-08-03T23:43:25.4033025Z Updating files:  51% (1241/2433)
2026-08-03T23:43:25.4148375Z Updating files:  52% (1266/2433)
2026-08-03T23:43:25.4244461Z Updating files:  53% (1290/2433)
2026-08-03T23:43:25.4411715Z Updating files:  54% (1314/2433)
2026-08-03T23:43:25.4577964Z Updating files:  55% (1339/2433)
2026-08-03T23:43:25.4762629Z Updating files:  56% (1363/2433)
2026-08-03T23:43:25.4920752Z Updating files:  57% (1387/2433)
2026-08-03T23:43:25.5015782Z Updating files:  58% (1412/2433)
2026-08-03T23:43:25.5126128Z Updating files:  59% (1436/2433)
2026-08-03T23:43:25.5310677Z Updating files:  60% (1460/2433)
2026-08-03T23:43:25.5454844Z Updating files:  61% (1485/2433)
2026-08-03T23:43:25.5600591Z Updating files:  62% (1509/2433)
2026-08-03T23:43:25.5729118Z Updating files:  63% (1533/2433)
2026-08-03T23:43:25.5864485Z Updating files:  64% (1558/2433)
2026-08-03T23:43:25.5951395Z Updating files:  65% (1582/2433)
2026-08-03T23:43:25.6043020Z Updating files:  66% (1606/2433)
2026-08-03T23:43:25.6180183Z Updating files:  67% (1631/2433)
2026-08-03T23:43:25.6338402Z Updating files:  68% (1655/2433)
2026-08-03T23:43:25.6582566Z Updating files:  69% (1679/2433)
2026-08-03T23:43:25.6632993Z Updating files:  70% (1704/2433)
2026-08-03T23:43:25.6672790Z Updating files:  71% (1728/2433)
2026-08-03T23:43:25.6719484Z Updating files:  72% (1752/2433)
2026-08-03T23:43:25.7423201Z Updating files:  73% (1777/2433)
2026-08-03T23:43:25.9433420Z Updating files:  73% (1791/2433)
2026-08-03T23:43:25.9730908Z Updating files:  74% (1801/2433)
2026-08-03T23:43:26.3639441Z Updating files:  75% (1825/2433)
2026-08-03T23:43:26.3701560Z Updating files:  76% (1850/2433)
2026-08-03T23:43:26.5893095Z Updating files:  77% (1874/2433)
2026-08-03T23:43:26.8484583Z Updating files:  78% (1898/2433)
2026-08-03T23:43:26.8532694Z Updating files:  78% (1906/2433)
2026-08-03T23:43:27.3540409Z Updating files:  79% (1923/2433)
2026-08-03T23:43:27.3603964Z Updating files:  80% (1947/2433)
2026-08-03T23:43:27.3952237Z Updating files:  81% (1971/2433)
2026-08-03T23:43:27.3990681Z Updating files:  82% (1996/2433)
2026-08-03T23:43:27.4035434Z Updating files:  83% (2020/2433)
2026-08-03T23:43:27.4077235Z Updating files:  84% (2044/2433)
2026-08-03T23:43:27.4141803Z Updating files:  85% (2069/2433)
2026-08-03T23:43:27.4196470Z Updating files:  86% (2093/2433)
2026-08-03T23:43:27.4251417Z Updating files:  87% (2117/2433)
2026-08-03T23:43:27.4292704Z Updating files:  88% (2142/2433)
2026-08-03T23:43:27.4341015Z Updating files:  89% (2166/2433)
2026-08-03T23:43:27.4402390Z Updating files:  90% (2190/2433)
2026-08-03T23:43:27.4467475Z Updating files:  91% (2215/2433)
2026-08-03T23:43:27.4535221Z Updating files:  92% (2239/2433)
2026-08-03T23:43:27.4578726Z Updating files:  93% (2263/2433)
2026-08-03T23:43:27.4655358Z Updating files:  94% (2288/2433)
2026-08-03T23:43:27.4717270Z Updating files:  95% (2312/2433)
2026-08-03T23:43:27.4777869Z Updating files:  96% (2336/2433)
2026-08-03T23:43:27.4826390Z Updating files:  97% (2361/2433)
2026-08-03T23:43:27.4870866Z Updating files:  98% (2385/2433)
2026-08-03T23:43:27.4985778Z Updating files:  99% (2409/2433)
2026-08-03T23:43:27.4986701Z Updating files: 100% (2433/2433)
2026-08-03T23:43:27.4987131Z Updating files: 100% (2433/2433), done.
2026-08-03T23:43:27.5121164Z Switched to a new branch 'main'
2026-08-03T23:43:27.5190854Z branch 'main' set up to track 'origin/main'.
2026-08-03T23:43:27.5406788Z ##[endgroup]
2026-08-03T23:43:27.5407189Z ##[group]Setting up auth for fetching submodules
2026-08-03T23:43:27.5415895Z [command]"C:\Program Files\Git\bin\git.exe" config --global http.https://github.com/.extraheader "AUTHORIZATION: basic ***"
2026-08-03T23:43:27.5641623Z [command]"C:\Program Files\Git\bin\git.exe" config --global --unset-all url.https://github.com/.insteadOf
2026-08-03T23:43:27.5849882Z [command]"C:\Program Files\Git\bin\git.exe" config --global --add url.https://github.com/.insteadOf git@github.com:
2026-08-03T23:43:27.6061250Z [command]"C:\Program Files\Git\bin\git.exe" config --global --add url.https://github.com/.insteadOf org-207118432@github.com:
2026-08-03T23:43:27.6266477Z ##[endgroup]
2026-08-03T23:43:27.6266836Z ##[group]Fetching submodules
2026-08-03T23:43:27.6274031Z [command]"C:\Program Files\Git\bin\git.exe" submodule sync --recursive
2026-08-03T23:43:28.0691466Z [command]"C:\Program Files\Git\bin\git.exe" -c protocol.version=2 submodule update --init --force --depth=1 --recursive
2026-08-03T23:43:28.4707742Z Submodule '3rdparty/LibAtrac9' (https://github.com/shadps4-emu/ext-LibAtrac9.git) registered for path '3rdparty/LibAtrac9'
2026-08-03T23:43:28.4720998Z Submodule '3rdparty/SDL2' (https://github.com/libsdl-org/SDL.git) registered for path '3rdparty/SDL2'
2026-08-03T23:43:28.4736138Z Submodule '3rdparty/SPIRV-Headers' (https://github.com/KhronosGroup/SPIRV-Headers.git) registered for path '3rdparty/SPIRV-Headers'
2026-08-03T23:43:28.4750541Z Submodule '3rdparty/SPIRV-Tools' (https://github.com/KhronosGroup/SPIRV-Tools.git) registered for path '3rdparty/SPIRV-Tools'
2026-08-03T23:43:28.4765924Z Submodule '3rdparty/Vulkan-Headers' (https://github.com/KhronosGroup/Vulkan-Headers.git) registered for path '3rdparty/Vulkan-Headers'
2026-08-03T23:43:28.4780521Z Submodule '3rdparty/VulkanMemoryAllocator' (https://github.com/GPUOpen-LibrariesAndSDKs/VulkanMemoryAllocator.git) registered for path '3rdparty/VulkanMemoryAllocator'
2026-08-03T23:43:28.4795640Z Submodule '3rdparty/ffmpeg-core' (https://github.com/shadps4-emu/ext-ffmpeg-core.git) registered for path '3rdparty/ffmpeg-core'
2026-08-03T23:43:28.4810340Z Submodule '3rdparty/fmt' (https://github.com/fmtlib/fmt.git) registered for path '3rdparty/fmt'
2026-08-03T23:43:28.4825983Z Submodule '3rdparty/magic_enum' (https://github.com/Neargye/magic_enum.git) registered for path '3rdparty/magic_enum'
2026-08-03T23:43:28.4841363Z Submodule '3rdparty/nlohmann_json' (https://github.com/nlohmann/json.git) registered for path '3rdparty/nlohmann_json'
2026-08-03T23:43:28.4857456Z Submodule '3rdparty/spdlog' (https://github.com/gabime/spdlog.git) registered for path '3rdparty/spdlog'
2026-08-03T23:43:28.4872893Z Submodule '3rdparty/tracy' (https://github.com/wolfpld/tracy.git) registered for path '3rdparty/tracy'
2026-08-03T23:43:28.4887883Z Submodule '3rdparty/xxHash' (https://github.com/Cyan4973/xxHash.git) registered for path '3rdparty/xxHash'
2026-08-03T23:43:28.5136803Z Cloning into 'D:/a/KytyPlus/KytyPlus/3rdparty/LibAtrac9'...
2026-08-03T23:43:29.0921629Z Cloning into 'D:/a/KytyPlus/KytyPlus/3rdparty/SDL2'...
2026-08-03T23:43:29.9519729Z Cloning into 'D:/a/KytyPlus/KytyPlus/3rdparty/SPIRV-Headers'...
2026-08-03T23:43:30.5459463Z Cloning into 'D:/a/KytyPlus/KytyPlus/3rdparty/SPIRV-Tools'...
2026-08-03T23:43:32.1731543Z Cloning into 'D:/a/KytyPlus/KytyPlus/3rdparty/Vulkan-Headers'...
2026-08-03T23:43:32.9702756Z Cloning into 'D:/a/KytyPlus/KytyPlus/3rdparty/VulkanMemoryAllocator'...
2026-08-03T23:43:33.4879126Z Cloning into 'D:/a/KytyPlus/KytyPlus/3rdparty/ffmpeg-core'...
2026-08-03T23:43:34.2541876Z Cloning into 'D:/a/KytyPlus/KytyPlus/3rdparty/fmt'...
2026-08-03T23:43:34.7394469Z Cloning into 'D:/a/KytyPlus/KytyPlus/3rdparty/magic_enum'...
2026-08-03T23:43:35.3488259Z Cloning into 'D:/a/KytyPlus/KytyPlus/3rdparty/nlohmann_json'...
2026-08-03T23:43:36.0213064Z Cloning into 'D:/a/KytyPlus/KytyPlus/3rdparty/spdlog'...
2026-08-03T23:43:36.5994599Z Cloning into 'D:/a/KytyPlus/KytyPlus/3rdparty/tracy'...
2026-08-03T23:43:37.3338770Z Cloning into 'D:/a/KytyPlus/KytyPlus/3rdparty/xxHash'...
2026-08-03T23:43:38.9320935Z From https://github.com/shadps4-emu/ext-LibAtrac9
2026-08-03T23:43:38.9321424Z  * branch            ec8899dadf393f655f2871a94e0fe4b3d6220c9a -> FETCH_HEAD
2026-08-03T23:43:38.9746997Z Submodule path '3rdparty/LibAtrac9': checked out 'ec8899dadf393f655f2871a94e0fe4b3d6220c9a'
2026-08-03T23:43:41.3433443Z From https://github.com/libsdl-org/SDL
2026-08-03T23:43:41.3433980Z  * branch            4b69833bc54abf3dd3288d4aa7afbba527775e5b -> FETCH_HEAD
2026-08-03T23:43:42.5370923Z Submodule path '3rdparty/SDL2': checked out '4b69833bc54abf3dd3288d4aa7afbba527775e5b'
2026-08-03T23:43:43.6528743Z From https://github.com/KhronosGroup/SPIRV-Headers
2026-08-03T23:43:43.6529219Z  * branch            01e0577914a75a2569c846778c2f93aa8e6feddd -> FETCH_HEAD
2026-08-03T23:43:43.7286831Z Submodule path '3rdparty/SPIRV-Headers': checked out '01e0577914a75a2569c846778c2f93aa8e6feddd'
2026-08-03T23:43:45.1873631Z From https://github.com/KhronosGroup/SPIRV-Tools
2026-08-03T23:43:45.1874148Z  * branch            7f2d9ee926f98fc77a3ed1e1e0f113b8c9c49458 -> FETCH_HEAD
2026-08-03T23:43:45.6138179Z Submodule path '3rdparty/SPIRV-Tools': checked out '7f2d9ee926f98fc77a3ed1e1e0f113b8c9c49458'
2026-08-03T23:43:48.1708610Z From https://github.com/KhronosGroup/Vulkan-Headers
2026-08-03T23:43:48.1709082Z  * branch            2fa203425eb4af9dfc6b03f97ef72b0b5bcb8350 -> FETCH_HEAD
2026-08-03T23:43:48.3664325Z Submodule path '3rdparty/Vulkan-Headers': checked out '2fa203425eb4af9dfc6b03f97ef72b0b5bcb8350'
2026-08-03T23:43:49.3926953Z From https://github.com/GPUOpen-LibrariesAndSDKs/VulkanMemoryAllocator
2026-08-03T23:43:49.3927523Z  * branch            a1d434708c217b2a6c7b365f1fe41fa03a562e59 -> FETCH_HEAD
2026-08-03T23:43:49.6300807Z Submodule path '3rdparty/VulkanMemoryAllocator': checked out 'a1d434708c217b2a6c7b365f1fe41fa03a562e59'
2026-08-03T23:43:49.9258710Z Submodule path '3rdparty/ffmpeg-core': checked out '94dde08c8a9e4271a93a2a7e4159e9fb05d30c0a'
2026-08-03T23:43:50.7704397Z From https://github.com/fmtlib/fmt
2026-08-03T23:43:50.7704814Z  * branch            11ddbcb7898d2d3445d431a54814367b21dee6ad -> FETCH_HEAD
2026-08-03T23:43:50.8448261Z Submodule path '3rdparty/fmt': checked out '11ddbcb7898d2d3445d431a54814367b21dee6ad'
2026-08-03T23:43:51.7140799Z From https://github.com/Neargye/magic_enum
2026-08-03T23:43:51.7141651Z  * branch            1384769c66bd16ec9bb1353f45fe8ec8ccc12dbd -> FETCH_HEAD
2026-08-03T23:43:51.7654865Z Submodule path '3rdparty/magic_enum': checked out '1384769c66bd16ec9bb1353f45fe8ec8ccc12dbd'
2026-08-03T23:43:52.7938659Z From https://github.com/nlohmann/json
2026-08-03T23:43:52.7939100Z  * branch            272411c5e6ea45919af7673524e74e60c62116df -> FETCH_HEAD
2026-08-03T23:43:53.0855339Z Submodule path '3rdparty/nlohmann_json': checked out '272411c5e6ea45919af7673524e74e60c62116df'
2026-08-03T23:43:53.8819857Z From https://github.com/gabime/spdlog
2026-08-03T23:43:53.8820316Z  * branch            8671ca4d492c8ee1cdfd3dd88afb9f88dd268178 -> FETCH_HEAD
2026-08-03T23:43:53.9501956Z Submodule path '3rdparty/spdlog': checked out '8671ca4d492c8ee1cdfd3dd88afb9f88dd268178'
2026-08-03T23:43:54.9463837Z From https://github.com/wolfpld/tracy
2026-08-03T23:43:54.9464341Z  * branch            00c079cec91e6a374519aa5719a073e7f4539c9d -> FETCH_HEAD
2026-08-03T23:43:55.1840706Z Submodule path '3rdparty/tracy': checked out '00c079cec91e6a374519aa5719a073e7f4539c9d'
2026-08-03T23:43:55.9598822Z From https://github.com/Cyan4973/xxHash
2026-08-03T23:43:55.9600280Z  * branch            e573d4d2aaeaba0f3e5a0a9a54144a1f2b4b56e7 -> FETCH_HEAD
2026-08-03T23:43:56.0237540Z Submodule path '3rdparty/xxHash': checked out 'e573d4d2aaeaba0f3e5a0a9a54144a1f2b4b56e7'
2026-08-03T23:43:56.0409668Z [command]"C:\Program Files\Git\bin\git.exe" submodule foreach --recursive "git config --local gc.auto 0"
2026-08-03T23:43:56.4625886Z Entering '3rdparty/LibAtrac9'
2026-08-03T23:43:56.5015541Z Entering '3rdparty/SDL2'
2026-08-03T23:43:56.5401096Z Entering '3rdparty/SPIRV-Headers'
2026-08-03T23:43:56.5776773Z Entering '3rdparty/SPIRV-Tools'
2026-08-03T23:43:56.6146675Z Entering '3rdparty/Vulkan-Headers'
2026-08-03T23:43:56.6514221Z Entering '3rdparty/VulkanMemoryAllocator'
2026-08-03T23:43:56.6914918Z Entering '3rdparty/ffmpeg-core'
2026-08-03T23:43:56.7361992Z Entering '3rdparty/fmt'
2026-08-03T23:43:56.7808009Z Entering '3rdparty/magic_enum'
2026-08-03T23:43:56.8174765Z Entering '3rdparty/nlohmann_json'
2026-08-03T23:43:56.8544473Z Entering '3rdparty/spdlog'
2026-08-03T23:43:56.8910066Z Entering '3rdparty/tracy'
2026-08-03T23:43:56.9277924Z Entering '3rdparty/xxHash'
2026-08-03T23:43:56.9703976Z ##[endgroup]
2026-08-03T23:43:56.9704512Z ##[group]Persisting credentials for submodules
2026-08-03T23:43:56.9714813Z [command]"C:\Program Files\Git\bin\git.exe" submodule foreach --recursive "sh -c \"git config --local --name-only --get-regexp 'url\.https\:\/\/github\.com\/\.insteadOf' && git config --local --unset-all 'url.https://github.com/.insteadOf' || :\""
2026-08-03T23:43:57.3684580Z Entering '3rdparty/LibAtrac9'
2026-08-03T23:43:57.4302376Z Entering '3rdparty/SDL2'
2026-08-03T23:43:57.4922013Z Entering '3rdparty/SPIRV-Headers'
2026-08-03T23:43:57.5528934Z Entering '3rdparty/SPIRV-Tools'
2026-08-03T23:43:57.6126414Z Entering '3rdparty/Vulkan-Headers'
2026-08-03T23:43:57.6719150Z Entering '3rdparty/VulkanMemoryAllocator'
2026-08-03T23:43:57.7314347Z Entering '3rdparty/ffmpeg-core'
2026-08-03T23:43:57.7908019Z Entering '3rdparty/fmt'
2026-08-03T23:43:57.8502413Z Entering '3rdparty/magic_enum'
2026-08-03T23:43:57.9093853Z Entering '3rdparty/nlohmann_json'
2026-08-03T23:43:57.9692560Z Entering '3rdparty/spdlog'
2026-08-03T23:43:58.0285570Z Entering '3rdparty/tracy'
2026-08-03T23:43:58.0888377Z Entering '3rdparty/xxHash'
2026-08-03T23:43:58.1593045Z [command]"C:\Program Files\Git\bin\git.exe" submodule foreach --recursive "sh -c \"git config --local 'http.https://github.com/.extraheader' 'AUTHORIZATION: basic ***' && git config --local --show-origin --name-only --get-regexp remote.origin.url\""
2026-08-03T23:43:58.5564378Z Entering '3rdparty/LibAtrac9'
2026-08-03T23:43:58.6187187Z file:D:/a/KytyPlus/KytyPlus/.git/modules/3rdparty/LibAtrac9/config	remote.origin.url
2026-08-03T23:43:58.6310471Z Entering '3rdparty/SDL2'
2026-08-03T23:43:58.6909992Z file:D:/a/KytyPlus/KytyPlus/.git/modules/3rdparty/SDL2/config	remote.origin.url
2026-08-03T23:43:58.7037093Z Entering '3rdparty/SPIRV-Headers'
2026-08-03T23:43:58.7624653Z file:D:/a/KytyPlus/KytyPlus/.git/modules/3rdparty/SPIRV-Headers/config	remote.origin.url
2026-08-03T23:43:58.7750084Z Entering '3rdparty/SPIRV-Tools'
2026-08-03T23:43:58.8339227Z file:D:/a/KytyPlus/KytyPlus/.git/modules/3rdparty/SPIRV-Tools/config	remote.origin.url
2026-08-03T23:43:58.8468188Z Entering '3rdparty/Vulkan-Headers'
2026-08-03T23:43:58.9058839Z file:D:/a/KytyPlus/KytyPlus/.git/modules/3rdparty/Vulkan-Headers/config	remote.origin.url
2026-08-03T23:43:58.9182186Z Entering '3rdparty/VulkanMemoryAllocator'
2026-08-03T23:43:58.9777451Z file:D:/a/KytyPlus/KytyPlus/.git/modules/3rdparty/VulkanMemoryAllocator/config	remote.origin.url
2026-08-03T23:43:58.9902260Z Entering '3rdparty/ffmpeg-core'
2026-08-03T23:43:59.0497384Z file:D:/a/KytyPlus/KytyPlus/.git/modules/3rdparty/ffmpeg-core/config	remote.origin.url
2026-08-03T23:43:59.0629061Z Entering '3rdparty/fmt'
2026-08-03T23:43:59.1238036Z file:D:/a/KytyPlus/KytyPlus/.git/modules/3rdparty/fmt/config	remote.origin.url
2026-08-03T23:43:59.1364831Z Entering '3rdparty/magic_enum'
2026-08-03T23:43:59.1962135Z file:D:/a/KytyPlus/KytyPlus/.git/modules/3rdparty/magic_enum/config	remote.origin.url
2026-08-03T23:43:59.2084973Z Entering '3rdparty/nlohmann_json'
2026-08-03T23:43:59.2686739Z file:D:/a/KytyPlus/KytyPlus/.git/modules/3rdparty/nlohmann_json/config	remote.origin.url
2026-08-03T23:43:59.2817827Z Entering '3rdparty/spdlog'
2026-08-03T23:43:59.3427586Z file:D:/a/KytyPlus/KytyPlus/.git/modules/3rdparty/spdlog/config	remote.origin.url
2026-08-03T23:43:59.3560978Z Entering '3rdparty/tracy'
2026-08-03T23:43:59.4160527Z file:D:/a/KytyPlus/KytyPlus/.git/modules/3rdparty/tracy/config	remote.origin.url
2026-08-03T23:43:59.4286675Z Entering '3rdparty/xxHash'
2026-08-03T23:43:59.4917168Z file:D:/a/KytyPlus/KytyPlus/.git/modules/3rdparty/xxHash/config	remote.origin.url
2026-08-03T23:43:59.5208699Z [command]"C:\Program Files\Git\bin\git.exe" submodule foreach --recursive "git config --local --add 'url.https://github.com/.insteadOf' 'git@github.com:'"
2026-08-03T23:43:59.9315482Z Entering '3rdparty/LibAtrac9'
2026-08-03T23:43:59.9692649Z Entering '3rdparty/SDL2'
2026-08-03T23:44:00.0075418Z Entering '3rdparty/SPIRV-Headers'
2026-08-03T23:44:00.0473254Z Entering '3rdparty/SPIRV-Tools'
2026-08-03T23:44:00.0863067Z Entering '3rdparty/Vulkan-Headers'
2026-08-03T23:44:00.1237990Z Entering '3rdparty/VulkanMemoryAllocator'
2026-08-03T23:44:00.1605940Z Entering '3rdparty/ffmpeg-core'
2026-08-03T23:44:00.1982018Z Entering '3rdparty/fmt'
2026-08-03T23:44:00.2351207Z Entering '3rdparty/magic_enum'
2026-08-03T23:44:00.2732573Z Entering '3rdparty/nlohmann_json'
2026-08-03T23:44:00.3107007Z Entering '3rdparty/spdlog'
2026-08-03T23:44:00.3477477Z Entering '3rdparty/tracy'
2026-08-03T23:44:00.3853402Z Entering '3rdparty/xxHash'
2026-08-03T23:44:00.4289311Z [command]"C:\Program Files\Git\bin\git.exe" submodule foreach --recursive "git config --local --add 'url.https://github.com/.insteadOf' 'org-207118432@github.com:'"
2026-08-03T23:44:00.8267267Z Entering '3rdparty/LibAtrac9'
2026-08-03T23:44:00.8676782Z Entering '3rdparty/SDL2'
2026-08-03T23:44:00.9061442Z Entering '3rdparty/SPIRV-Headers'
2026-08-03T23:44:00.9433351Z Entering '3rdparty/SPIRV-Tools'
2026-08-03T23:44:00.9826019Z Entering '3rdparty/Vulkan-Headers'
2026-08-03T23:44:01.0225825Z Entering '3rdparty/VulkanMemoryAllocator'
2026-08-03T23:44:01.0620404Z Entering '3rdparty/ffmpeg-core'
2026-08-03T23:44:01.1028628Z Entering '3rdparty/fmt'
2026-08-03T23:44:01.1444119Z Entering '3rdparty/magic_enum'
2026-08-03T23:44:01.1845088Z Entering '3rdparty/nlohmann_json'
2026-08-03T23:44:01.2241667Z Entering '3rdparty/spdlog'
2026-08-03T23:44:01.2624858Z Entering '3rdparty/tracy'
2026-08-03T23:44:01.3007777Z Entering '3rdparty/xxHash'
2026-08-03T23:44:01.3439022Z ##[endgroup]
2026-08-03T23:44:01.3749529Z [command]"C:\Program Files\Git\bin\git.exe" log -1 --format=%H
2026-08-03T23:44:01.3949359Z 9ad534a966c88e56e1d34c1e31e47eef49afb345
2026-08-03T23:44:01.4286070Z ##[group]Run TheMrMilchmann/setup-msvc-dev@v4.0.0
2026-08-03T23:44:01.4286464Z with:
2026-08-03T23:44:01.4286635Z   arch: x64
2026-08-03T23:44:01.4286806Z ##[endgroup]
2026-08-03T23:44:01.9062717Z Normalized input arch to x64 (from x64)
2026-08-03T23:44:06.9715009Z ##[group]Environment variables
2026-08-03T23:44:06.9715738Z Setting CommandPromptType
2026-08-03T23:44:06.9722953Z Setting DevEnvDir
2026-08-03T23:44:06.9726128Z Setting ExtensionSdkDir
2026-08-03T23:44:06.9729275Z Setting EXTERNAL_INCLUDE
2026-08-03T23:44:06.9734216Z Setting Framework40Version
2026-08-03T23:44:06.9737812Z Setting FrameworkDir
2026-08-03T23:44:06.9740266Z Setting FrameworkDir64
2026-08-03T23:44:06.9742680Z Setting FrameworkVersion
2026-08-03T23:44:06.9745073Z Setting FrameworkVersion64
2026-08-03T23:44:06.9747529Z Setting FSHARPINSTALLDIR
2026-08-03T23:44:06.9750849Z Setting HTMLHelpDir
2026-08-03T23:44:06.9753708Z Setting IFCPATH
2026-08-03T23:44:06.9756159Z Setting INCLUDE
2026-08-03T23:44:06.9758963Z Setting is_x64_arch
2026-08-03T23:44:06.9761398Z Setting LIB
2026-08-03T23:44:06.9763596Z Setting LIBPATH
2026-08-03T23:44:06.9766565Z Setting NETFXSDKDir
2026-08-03T23:44:06.9768969Z Setting Path
2026-08-03T23:44:06.9772050Z Setting Platform
2026-08-03T23:44:06.9774751Z Setting UCRTVersion
2026-08-03T23:44:06.9776808Z Setting UniversalCRTSdkDir
2026-08-03T23:44:06.9778740Z Setting VCIDEInstallDir
2026-08-03T23:44:06.9780307Z Setting VCINSTALLDIR
2026-08-03T23:44:06.9781814Z Setting VCPKG_ROOT
2026-08-03T23:44:06.9783328Z Setting VCToolsInstallDir
2026-08-03T23:44:06.9784822Z Setting VCToolsRedistDir
2026-08-03T23:44:06.9786305Z Setting VCToolsVersion
2026-08-03T23:44:06.9787864Z Setting VisualStudioVersion
2026-08-03T23:44:06.9789315Z Setting VS170COMNTOOLS
2026-08-03T23:44:06.9790827Z Setting VSCMD_ARG_app_plat
2026-08-03T23:44:06.9792277Z Setting VSCMD_ARG_HOST_ARCH
2026-08-03T23:44:06.9793749Z Setting VSCMD_ARG_TGT_ARCH
2026-08-03T23:44:06.9795173Z Setting VSCMD_VER
2026-08-03T23:44:06.9796653Z Setting VSINSTALLDIR
2026-08-03T23:44:06.9798106Z Setting VSSDK150INSTALL
2026-08-03T23:44:06.9799645Z Setting VSSDKINSTALL
2026-08-03T23:44:06.9801136Z Setting WindowsLibPath
2026-08-03T23:44:06.9802854Z Setting WindowsSdkBinPath
2026-08-03T23:44:06.9804379Z Setting WindowsSdkDir
2026-08-03T23:44:06.9805915Z Setting WindowsSDKLibVersion
2026-08-03T23:44:06.9807388Z Setting WindowsSdkVerBinPath
2026-08-03T23:44:06.9808848Z Setting WindowsSDKVersion
2026-08-03T23:44:06.9810366Z Setting WindowsSDK_ExecutablePath_x64
2026-08-03T23:44:06.9811880Z Setting WindowsSDK_ExecutablePath_x86
2026-08-03T23:44:06.9813650Z Setting __DOTNET_ADD_64BIT
2026-08-03T23:44:06.9815256Z Setting __DOTNET_PREFERRED_BITNESS
2026-08-03T23:44:06.9816755Z Setting __VSCMD_PREINIT_PATH
2026-08-03T23:44:06.9819485Z ##[endgroup]
2026-08-03T23:44:06.9819941Z Configured Developer Command Prompt
2026-08-03T23:44:07.0030590Z ##[group]Run where ninja
2026-08-03T23:44:07.0030907Z [36;1mwhere ninja[0m
2026-08-03T23:44:07.0052894Z shell: C:\Windows\system32\cmd.EXE /D /E:ON /V:OFF /S /C "CALL "{0}""
2026-08-03T23:44:07.0053250Z env:
2026-08-03T23:44:07.0053428Z   CommandPromptType: Native
2026-08-03T23:44:07.0053786Z   DevEnvDir: C:\Program Files\Microsoft Visual Studio\2022\Enterprise\Common7\IDE\
2026-08-03T23:44:07.0054307Z   ExtensionSdkDir: C:\Program Files (x86)\Microsoft SDKs\Windows Kits\10\ExtensionSDKs
2026-08-03T23:44:07.0056754Z   EXTERNAL_INCLUDE: C:\Program Files\Microsoft Visual Studio\2022\Enterprise\VC\Tools\MSVC\14.44.35207\include;C:\Program Files\Microsoft Visual Studio\2022\Enterprise\VC\Tools\MSVC\14.44.35207\ATLMFC\include;C:\Program Files\Microsoft Visual Studio\2022\Enterprise\VC\Auxiliary\VS\include;C:\Program Files (x86)\Windows Kits\10\include\10.0.26100.0\ucrt;C:\Program Files (x86)\Windows Kits\10\\include\10.0.26100.0\\um;C:\Program Files (x86)\Windows Kits\10\\include\10.0.26100.0\\shared;C:\Program Files (x86)\Windows Kits\10\\include\10.0.26100.0\\winrt;C:\Program Files (x86)\Windows Kits\10\\include\10.0.26100.0\\cppwinrt;C:\Program Files (x86)\Windows Kits\NETFXSDK\4.8\include\um
2026-08-03T23:44:07.0058995Z   Framework40Version: v4.0
2026-08-03T23:44:07.0059248Z   FrameworkDir: C:\Windows\Microsoft.NET\Framework64\
2026-08-03T23:44:07.0059581Z   FrameworkDir64: C:\Windows\Microsoft.NET\Framework64\
2026-08-03T23:44:07.0059878Z   FrameworkVersion: v4.0.30319
2026-08-03T23:44:07.0060103Z   FrameworkVersion64: v4.0.30319
2026-08-03T23:44:07.0060628Z   FSHARPINSTALLDIR: C:\Program Files\Microsoft Visual Studio\2022\Enterprise\Common7\IDE\CommonExtensions\Microsoft\FSharp\Tools
2026-08-03T23:44:07.0061222Z   HTMLHelpDir: C:\Program Files (x86)\HTML Help Workshop
2026-08-03T23:44:07.0061694Z   IFCPATH: C:\Program Files\Microsoft Visual Studio\2022\Enterprise\VC\Tools\MSVC\14.44.35207\ifc\x64
2026-08-03T23:44:07.0064066Z   INCLUDE: C:\Program Files\Microsoft Visual Studio\2022\Enterprise\VC\Tools\MSVC\14.44.35207\include;C:\Program Files\Microsoft Visual Studio\2022\Enterprise\VC\Tools\MSVC\14.44.35207\ATLMFC\include;C:\Program Files\Microsoft Visual Studio\2022\Enterprise\VC\Auxiliary\VS\include;C:\Program Files (x86)\Windows Kits\10\include\10.0.26100.0\ucrt;C:\Program Files (x86)\Windows Kits\10\\include\10.0.26100.0\\um;C:\Program Files (x86)\Windows Kits\10\\include\10.0.26100.0\\shared;C:\Program Files (x86)\Windows Kits\10\\include\10.0.26100.0\\winrt;C:\Program Files (x86)\Windows Kits\10\\include\10.0.26100.0\\cppwinrt;C:\Program Files (x86)\Windows Kits\NETFXSDK\4.8\include\um
2026-08-03T23:44:07.0066429Z   is_x64_arch: true
2026-08-03T23:44:07.0067638Z   LIB: C:\Program Files\Microsoft Visual Studio\2022\Enterprise\VC\Tools\MSVC\14.44.35207\ATLMFC\lib\x64;C:\Program Files\Microsoft Visual Studio\2022\Enterprise\VC\Tools\MSVC\14.44.35207\lib\x64;C:\Program Files (x86)\Windows Kits\NETFXSDK\4.8\lib\um\x64;C:\Program Files (x86)\Windows Kits\10\lib\10.0.26100.0\ucrt\x64;C:\Program Files (x86)\Windows Kits\10\\lib\10.0.26100.0\\um\x64
2026-08-03T23:44:07.0070276Z   LIBPATH: C:\Program Files\Microsoft Visual Studio\2022\Enterprise\VC\Tools\MSVC\14.44.35207\ATLMFC\lib\x64;C:\Program Files\Microsoft Visual Studio\2022\Enterprise\VC\Tools\MSVC\14.44.35207\lib\x64;C:\Program Files\Microsoft Visual Studio\2022\Enterprise\VC\Tools\MSVC\14.44.35207\lib\x86\store\references;C:\Program Files (x86)\Windows Kits\10\UnionMetadata\10.0.26100.0;C:\Program Files (x86)\Windows Kits\10\References\10.0.26100.0;C:\Windows\Microsoft.NET\Framework64\v4.0.30319
2026-08-03T23:44:07.0071960Z   NETFXSDKDir: C:\Program Files (x86)\Windows Kits\NETFXSDK\4.8\
2026-08-03T23:44:07.0090771Z   Path: C:\Program Files\Microsoft Visual Studio\2022\Enterprise\VC\Tools\MSVC\14.44.35207\bin\HostX64\x64;C:\Program Files\Microsoft Visual Studio\2022\Enterprise\Common7\IDE\VC\VCPackages;C:\Program Files\Microsoft Visual Studio\2022\Enterprise\Common7\IDE\CommonExtensions\Microsoft\TestWindow;C:\Program Files\Microsoft Visual Studio\2022\Enterprise\Common7\IDE\CommonExtensions\Microsoft\TeamFoundation\Team Explorer;C:\Program Files\Microsoft Visual Studio\2022\Enterprise\MSBuild\Current\bin\Roslyn;C:\Program Files (x86)\Microsoft SDKs\Windows\v10.0A\bin\NETFX 4.8 Tools\x64\;C:\Program Files (x86)\HTML Help Workshop;C:\Program Files\Microsoft Visual Studio\2022\Enterprise\Common7\IDE\CommonExtensions\Microsoft\FSharp\Tools;C:\Program Files\Microsoft Visual Studio\2022\Enterprise\Team Tools\DiagnosticsHub\Collector;C:\Program Files\Microsoft Visual Studio\2022\Enterprise\Common7\IDE\Extensions\Microsoft\CodeCoverage.Console;C:\Program Files\Microsoft Visual Studio\2022\Enterprise\VC\Tools\Llvm\x64\bin;C:\Program Files (x86)\Windows Kits\10\bin\10.0.26100.0\\x64;C:\Program Files (x86)\Windows Kits\10\bin\\x64;C:\Program Files\Microsoft Visual Studio\2022\Enterprise\\MSBuild\Current\Bin\amd64;C:\Windows\Microsoft.NET\Framework64\v4.0.30319;C:\Program Files\Microsoft Visual Studio\2022\Enterprise\Common7\IDE\;C:\Program Files\Microsoft Visual Studio\2022\Enterprise\Common7\Tools\;C:\Program Files\MongoDB\Server\7.0\bin;C:\aliyun-cli;C:\vcpkg;C:\Program Files (x86)\NSIS\;C:\tools\zstd;C:\Program Files\Mercurial\;C:\hostedtoolcache\windows\stack\3.11.1\x64;C:\cabal\bin;C:\\ghcup\bin;C:\mingw64\bin;C:\Program Files\dotnet;C:\Program Files\MySQL\MySQL Server 8.0\bin;C:\Program Files\R\R-4.6.1\bin\x64;C:\SeleniumWebDrivers\GeckoDriver;C:\SeleniumWebDrivers\EdgeDriver\;C:\SeleniumWebDrivers\ChromeDriver;C:\Program Files (x86)\sbt\bin;C:\Program Files (x86)\GitHub CLI;C:\Program Files\Git\bin;C:\Program Files (x86)\pipx_bin;C:\npm\prefix;C:\hostedtoolcache\windows\go\1.24.13\x64\bin;C:\hostedtoolcache\windows\Python\3.12.10\x64\Scripts;C:\hostedtoolcache\windows\Python\3.12.10\x64;C:\hostedtoolcache\windows\Ruby\3.3.12\x64\bin;C:\Program Files\OpenSSL\bin;C:\tools\kotlinc\bin;C:\hostedtoolcache\windows\Java_Temurin-Hotspot_jdk\8.0.492-9\x64\bin;C:\Program Files\ImageMagick-7.1.2-Q16-HDRI;C:\Program Files\Microsoft SDKs\Azure\CLI2\wbin;C:\ProgramData\kind;C:\ProgramData\Chocolatey\bin;C:\Windows\system32;C:\Windows;C:\Windows\System32\Wbem;C:\Windows\System32\WindowsPowerShell\v1.0\;C:\Windows\System32\OpenSSH\;C:\Program Files\dotnet\;C:\Program Files\PowerShell\7\;C:\Program Files\Microsoft\Web Platform Installer\;C:\Program Files\TortoiseSVN\bin;C:\Program Files\Microsoft SQL Server\Client SDK\ODBC\170\Tools\Binn\;C:\Program Files\Microsoft SQL Server\150\Tools\Binn\;C:\Program Files (x86)\Windows Kits\10\Windows Performance Toolkit\;C:\Program Files (x86)\WiX Toolset v3.14\bin;C:\Program Files\Microsoft SQL Server\130\DTS\Binn\;C:\Program Files\Microsoft SQL Server\140\DTS\Binn\;C:\Program Files\Microsoft SQL Server\150\DTS\Binn\;C:\Program Files\Microsoft SQL Server\160\DTS\Binn\;C:\Program Files\Microsoft SQL Server\170\DTS\Binn\;C:\Strawberry\c\bin;C:\Strawberry\perl\site\bin;C:\Strawberry\perl\bin;C:\ProgramData\chocolatey\lib\pulumi\tools\Pulumi\bin;C:\Program Files\CMake\bin;C:\ProgramData\chocolatey\lib\maven\apache-maven-3.9.16\bin;C:\Program Files\Microsoft Service Fabric\bin\Fabric\Fabric.Code;C:\Program Files\Microsoft SDKs\Service Fabric\Tools\ServiceFabricLocalClusterManager;C:\Program Files\nodejs\;C:\Program Files\Git\cmd;C:\Program Files\Git\mingw64\bin;C:\Program Files\Git\usr\bin;C:\Program Files\GitHub CLI\;c:\tools\php;C:\Program Files\Amazon\AWSCLIV2\;C:\Program Files\Amazon\SessionManagerPlugin\bin\;C:\Program Files\Amazon\AWSSAMCLI\bin\;C:\Program Files\Microsoft SQL Server\130\Tools\Binn\;C:\Program Files\mongosh\;C:\Program Files\LLVM\bin;C:\Program Files (x86)\LLVM\bin;C:\Users\runneradmin\.dotnet\tools;C:\Users\runneradmin\.cargo\bin;C:\Users\runneradmin\AppData\Local\Microsoft\WindowsApps;C:\Program Files\Microsoft Visual Studio\2022\Enterprise\Common7\IDE\CommonExtensions\Microsoft\CMake\CMake\bin;C:\Program Files\Microsoft Visual Studio\2022\Enterprise\Common7\IDE\CommonExtensions\Microsoft\CMake\Ninja;C:\Program Files\Microsoft Visual Studio\2022\Enterprise\Common7\IDE\VC\Linux\bin\ConnectionManagerExe;C:\Program Files\Microsoft Visual Studio\2022\Enterprise\VC\vcpkg
2026-08-03T23:44:07.0106207Z   Platform: x64
2026-08-03T23:44:07.0106404Z   UCRTVersion: 10.0.26100.0
2026-08-03T23:44:07.0106704Z   UniversalCRTSdkDir: C:\Program Files (x86)\Windows Kits\10\
2026-08-03T23:44:07.0107193Z   VCIDEInstallDir: C:\Program Files\Microsoft Visual Studio\2022\Enterprise\Common7\IDE\VC\
2026-08-03T23:44:07.0107745Z   VCINSTALLDIR: C:\Program Files\Microsoft Visual Studio\2022\Enterprise\VC\
2026-08-03T23:44:07.0108226Z   VCPKG_ROOT: C:\Program Files\Microsoft Visual Studio\2022\Enterprise\VC\vcpkg
2026-08-03T23:44:07.0108789Z   VCToolsInstallDir: C:\Program Files\Microsoft Visual Studio\2022\Enterprise\VC\Tools\MSVC\14.44.35207\
2026-08-03T23:44:07.0109438Z   VCToolsRedistDir: C:\Program Files\Microsoft Visual Studio\2022\Enterprise\VC\Redist\MSVC\14.44.35112\
2026-08-03T23:44:07.0109889Z   VCToolsVersion: 14.44.35207
2026-08-03T23:44:07.0110114Z   VisualStudioVersion: 17.0
2026-08-03T23:44:07.0110481Z   VS170COMNTOOLS: C:\Program Files\Microsoft Visual Studio\2022\Enterprise\Common7\Tools\
2026-08-03T23:44:07.0110889Z   VSCMD_ARG_app_plat: Desktop
2026-08-03T23:44:07.0111106Z   VSCMD_ARG_HOST_ARCH: x64
2026-08-03T23:44:07.0111318Z   VSCMD_ARG_TGT_ARCH: x64
2026-08-03T23:44:07.0111513Z   VSCMD_VER: 17.14.37
2026-08-03T23:44:07.0111806Z   VSINSTALLDIR: C:\Program Files\Microsoft Visual Studio\2022\Enterprise\
2026-08-03T23:44:07.0112283Z   VSSDK150INSTALL: C:\Program Files\Microsoft Visual Studio\2022\Enterprise\VSSDK
2026-08-03T23:44:07.0112770Z   VSSDKINSTALL: C:\Program Files\Microsoft Visual Studio\2022\Enterprise\VSSDK
2026-08-03T23:44:07.0113454Z   WindowsLibPath: C:\Program Files (x86)\Windows Kits\10\UnionMetadata\10.0.26100.0;C:\Program Files (x86)\Windows Kits\10\References\10.0.26100.0
2026-08-03T23:44:07.0114103Z   WindowsSdkBinPath: C:\Program Files (x86)\Windows Kits\10\bin\
2026-08-03T23:44:07.0114473Z   WindowsSdkDir: C:\Program Files (x86)\Windows Kits\10\
2026-08-03T23:44:07.0114779Z   WindowsSDKLibVersion: 10.0.26100.0\
2026-08-03T23:44:07.0115141Z   WindowsSdkVerBinPath: C:\Program Files (x86)\Windows Kits\10\bin\10.0.26100.0\
2026-08-03T23:44:07.0115514Z   WindowsSDKVersion: 10.0.26100.0\
2026-08-03T23:44:07.0116046Z   WindowsSDK_ExecutablePath_x64: C:\Program Files (x86)\Microsoft SDKs\Windows\v10.0A\bin\NETFX 4.8 Tools\x64\
2026-08-03T23:44:07.0116733Z   WindowsSDK_ExecutablePath_x86: C:\Program Files (x86)\Microsoft SDKs\Windows\v10.0A\bin\NETFX 4.8 Tools\
2026-08-03T23:44:07.0117181Z   __DOTNET_ADD_64BIT: 1
2026-08-03T23:44:07.0117382Z   __DOTNET_PREFERRED_BITNESS: 64
2026-08-03T23:44:07.0126230Z   __VSCMD_PREINIT_PATH: C:\Program Files\MongoDB\Server\7.0\bin;C:\aliyun-cli;C:\vcpkg;C:\Program Files (x86)\NSIS\;C:\tools\zstd;C:\Program Files\Mercurial\;C:\hostedtoolcache\windows\stack\3.11.1\x64;C:\cabal\bin;C:\\ghcup\bin;C:\mingw64\bin;C:\Program Files\dotnet;C:\Program Files\MySQL\MySQL Server 8.0\bin;C:\Program Files\R\R-4.6.1\bin\x64;C:\SeleniumWebDrivers\GeckoDriver;C:\SeleniumWebDrivers\EdgeDriver\;C:\SeleniumWebDrivers\ChromeDriver;C:\Program Files (x86)\sbt\bin;C:\Program Files (x86)\GitHub CLI;C:\Program Files\Git\bin;C:\Program Files (x86)\pipx_bin;C:\npm\prefix;C:\hostedtoolcache\windows\go\1.24.13\x64\bin;C:\hostedtoolcache\windows\Python\3.12.10\x64\Scripts;C:\hostedtoolcache\windows\Python\3.12.10\x64;C:\hostedtoolcache\windows\Ruby\3.3.12\x64\bin;C:\Program Files\OpenSSL\bin;C:\tools\kotlinc\bin;C:\hostedtoolcache\windows\Java_Temurin-Hotspot_jdk\8.0.492-9\x64\bin;C:\Program Files\ImageMagick-7.1.2-Q16-HDRI;C:\Program Files\Microsoft SDKs\Azure\CLI2\wbin;C:\ProgramData\kind;C:\ProgramData\Chocolatey\bin;C:\Windows\system32;C:\Windows;C:\Windows\System32\Wbem;C:\Windows\System32\WindowsPowerShell\v1.0\;C:\Windows\System32\OpenSSH\;C:\Program Files\dotnet\;C:\Program Files\PowerShell\7\;C:\Program Files\Microsoft\Web Platform Installer\;C:\Program Files\TortoiseSVN\bin;C:\Program Files\Microsoft SQL Server\Client SDK\ODBC\170\Tools\Binn\;C:\Program Files\Microsoft SQL Server\150\Tools\Binn\;C:\Program Files (x86)\Windows Kits\10\Windows Performance Toolkit\;C:\Program Files (x86)\WiX Toolset v3.14\bin;C:\Program Files\Microsoft SQL Server\130\DTS\Binn\;C:\Program Files\Microsoft SQL Server\140\DTS\Binn\;C:\Program Files\Microsoft SQL Server\150\DTS\Binn\;C:\Program Files\Microsoft SQL Server\160\DTS\Binn\;C:\Program Files\Microsoft SQL Server\170\DTS\Binn\;C:\Strawberry\c\bin;C:\Strawberry\perl\site\bin;C:\Strawberry\perl\bin;C:\ProgramData\chocolatey\lib\pulumi\tools\Pulumi\bin;C:\Program Files\CMake\bin;C:\ProgramData\chocolatey\lib\maven\apache-maven-3.9.16\bin;C:\Program Files\Microsoft Service Fabric\bin\Fabric\Fabric.Code;C:\Program Files\Microsoft SDKs\Service Fabric\Tools\ServiceFabricLocalClusterManager;C:\Program Files\nodejs\;C:\Program Files\Git\cmd;C:\Program Files\Git\mingw64\bin;C:\Program Files\Git\usr\bin;C:\Program Files\GitHub CLI\;c:\tools\php;C:\Program Files\Amazon\AWSCLIV2\;C:\Program Files\Amazon\SessionManagerPlugin\bin\;C:\Program Files\Amazon\AWSSAMCLI\bin\;C:\Program Files\Microsoft SQL Server\130\Tools\Binn\;C:\Program Files\mongosh\;C:\Program Files\LLVM\bin;C:\Program Files (x86)\LLVM\bin;C:\Users\runneradmin\.dotnet\tools;C:\Users\runneradmin\.cargo\bin;C:\Users\runneradmin\AppData\Local\Microsoft\WindowsApps
2026-08-03T23:44:07.0135203Z ##[endgroup]
2026-08-03T23:44:07.5506264Z C:\ProgramData\Chocolatey\bin\ninja.exe
2026-08-03T23:44:07.9086099Z C:\Program Files\Microsoft Visual Studio\2022\Enterprise\Common7\IDE\CommonExtensions\Microsoft\CMake\Ninja\ninja.exe
2026-08-03T23:44:07.9251848Z ##[group]Run jakoch/install-vulkan-sdk-action@v1.6.0
2026-08-03T23:44:07.9252212Z with:
2026-08-03T23:44:07.9252395Z   vulkan_version: 1.4.350.0
2026-08-03T23:44:07.9252607Z   cache: true
2026-08-03T23:44:07.9252778Z   stripdown: true
2026-08-03T23:44:07.9252966Z   install_runtime: false
2026-08-03T23:44:07.9253160Z env:
2026-08-03T23:44:07.9253330Z   CommandPromptType: Native
2026-08-03T23:44:07.9253687Z   DevEnvDir: C:\Program Files\Microsoft Visual Studio\2022\Enterprise\Common7\IDE\
2026-08-03T23:44:07.9254224Z   ExtensionSdkDir: C:\Program Files (x86)\Microsoft SDKs\Windows Kits\10\ExtensionSDKs
2026-08-03T23:44:07.9256850Z   EXTERNAL_INCLUDE: C:\Program Files\Microsoft Visual Studio\2022\Enterprise\VC\Tools\MSVC\14.44.35207\include;C:\Program Files\Microsoft Visual Studio\2022\Enterprise\VC\Tools\MSVC\14.44.35207\ATLMFC\include;C:\Program Files\Microsoft Visual Studio\2022\Enterprise\VC\Auxiliary\VS\include;C:\Program Files (x86)\Windows Kits\10\include\10.0.26100.0\ucrt;C:\Program Files (x86)\Windows Kits\10\\include\10.0.26100.0\\um;C:\Program Files (x86)\Windows Kits\10\\include\10.0.26100.0\\shared;C:\Program Files (x86)\Windows Kits\10\\include\10.0.26100.0\\winrt;C:\Program Files (x86)\Windows Kits\10\\include\10.0.26100.0\\cppwinrt;C:\Program Files (x86)\Windows Kits\NETFXSDK\4.8\include\um
2026-08-03T23:44:07.9259080Z   Framework40Version: v4.0
2026-08-03T23:44:07.9259344Z   FrameworkDir: C:\Windows\Microsoft.NET\Framework64\
2026-08-03T23:44:07.9259680Z   FrameworkDir64: C:\Windows\Microsoft.NET\Framework64\
2026-08-03T23:44:07.9259972Z   FrameworkVersion: v4.0.30319
2026-08-03T23:44:07.9260279Z   FrameworkVersion64: v4.0.30319
2026-08-03T23:44:07.9260907Z   FSHARPINSTALLDIR: C:\Program Files\Microsoft Visual Studio\2022\Enterprise\Common7\IDE\CommonExtensions\Microsoft\FSharp\Tools
2026-08-03T23:44:07.9261554Z   HTMLHelpDir: C:\Program Files (x86)\HTML Help Workshop
2026-08-03T23:44:07.9262085Z   IFCPATH: C:\Program Files\Microsoft Visual Studio\2022\Enterprise\VC\Tools\MSVC\14.44.35207\ifc\x64
2026-08-03T23:44:07.9264552Z   INCLUDE: C:\Program Files\Microsoft Visual Studio\2022\Enterprise\VC\Tools\MSVC\14.44.35207\include;C:\Program Files\Microsoft Visual Studio\2022\Enterprise\VC\Tools\MSVC\14.44.35207\ATLMFC\include;C:\Program Files\Microsoft Visual Studio\2022\Enterprise\VC\Auxiliary\VS\include;C:\Program Files (x86)\Windows Kits\10\include\10.0.26100.0\ucrt;C:\Program Files (x86)\Windows Kits\10\\include\10.0.26100.0\\um;C:\Program Files (x86)\Windows Kits\10\\include\10.0.26100.0\\shared;C:\Program Files (x86)\Windows Kits\10\\include\10.0.26100.0\\winrt;C:\Program Files (x86)\Windows Kits\10\\include\10.0.26100.0\\cppwinrt;C:\Program Files (x86)\Windows Kits\NETFXSDK\4.8\include\um
2026-08-03T23:44:07.9266767Z   is_x64_arch: true
2026-08-03T23:44:07.9268057Z   LIB: C:\Program Files\Microsoft Visual Studio\2022\Enterprise\VC\Tools\MSVC\14.44.35207\ATLMFC\lib\x64;C:\Program Files\Microsoft Visual Studio\2022\Enterprise\VC\Tools\MSVC\14.44.35207\lib\x64;C:\Program Files (x86)\Windows Kits\NETFXSDK\4.8\lib\um\x64;C:\Program Files (x86)\Windows Kits\10\lib\10.0.26100.0\ucrt\x64;C:\Program Files (x86)\Windows Kits\10\\lib\10.0.26100.0\\um\x64
2026-08-03T23:44:07.9270746Z   LIBPATH: C:\Program Files\Microsoft Visual Studio\2022\Enterprise\VC\Tools\MSVC\14.44.35207\ATLMFC\lib\x64;C:\Program Files\Microsoft Visual Studio\2022\Enterprise\VC\Tools\MSVC\14.44.35207\lib\x64;C:\Program Files\Microsoft Visual Studio\2022\Enterprise\VC\Tools\MSVC\14.44.35207\lib\x86\store\references;C:\Program Files (x86)\Windows Kits\10\UnionMetadata\10.0.26100.0;C:\Program Files (x86)\Windows Kits\10\References\10.0.26100.0;C:\Windows\Microsoft.NET\Framework64\v4.0.30319
2026-08-03T23:44:07.9272517Z   NETFXSDKDir: C:\Program Files (x86)\Windows Kits\NETFXSDK\4.8\
2026-08-03T23:44:07.9289072Z   Path: C:\Program Files\Microsoft Visual Studio\2022\Enterprise\VC\Tools\MSVC\14.44.35207\bin\HostX64\x64;C:\Program Files\Microsoft Visual Studio\2022\Enterprise\Common7\IDE\VC\VCPackages;C:\Program Files\Microsoft Visual Studio\2022\Enterprise\Common7\IDE\CommonExtensions\Microsoft\TestWindow;C:\Program Files\Microsoft Visual Studio\2022\Enterprise\Common7\IDE\CommonExtensions\Microsoft\TeamFoundation\Team Explorer;C:\Program Files\Microsoft Visual Studio\2022\Enterprise\MSBuild\Current\bin\Roslyn;C:\Program Files (x86)\Microsoft SDKs\Windows\v10.0A\bin\NETFX 4.8 Tools\x64\;C:\Program Files (x86)\HTML Help Workshop;C:\Program Files\Microsoft Visual Studio\2022\Enterprise\Common7\IDE\CommonExtensions\Microsoft\FSharp\Tools;C:\Program Files\Microsoft Visual Studio\2022\Enterprise\Team Tools\DiagnosticsHub\Collector;C:\Program Files\Microsoft Visual Studio\2022\Enterprise\Common7\IDE\Extensions\Microsoft\CodeCoverage.Console;C:\Program Files\Microsoft Visual Studio\2022\Enterprise\VC\Tools\Llvm\x64\bin;C:\Program Files (x86)\Windows Kits\10\bin\10.0.26100.0\\x64;C:\Program Files (x86)\Windows Kits\10\bin\\x64;C:\Program Files\Microsoft Visual Studio\2022\Enterprise\\MSBuild\Current\Bin\amd64;C:\Windows\Microsoft.NET\Framework64\v4.0.30319;C:\Program Files\Microsoft Visual Studio\2022\Enterprise\Common7\IDE\;C:\Program Files\Microsoft Visual Studio\2022\Enterprise\Common7\Tools\;C:\Program Files\MongoDB\Server\7.0\bin;C:\aliyun-cli;C:\vcpkg;C:\Program Files (x86)\NSIS\;C:\tools\zstd;C:\Program Files\Mercurial\;C:\hostedtoolcache\windows\stack\3.11.1\x64;C:\cabal\bin;C:\\ghcup\bin;C:\mingw64\bin;C:\Program Files\dotnet;C:\Program Files\MySQL\MySQL Server 8.0\bin;C:\Program Files\R\R-4.6.1\bin\x64;C:\SeleniumWebDrivers\GeckoDriver;C:\SeleniumWebDrivers\EdgeDriver\;C:\SeleniumWebDrivers\ChromeDriver;C:\Program Files (x86)\sbt\bin;C:\Program Files (x86)\GitHub CLI;C:\Program Files\Git\bin;C:\Program Files (x86)\pipx_bin;C:\npm\prefix;C:\hostedtoolcache\windows\go\1.24.13\x64\bin;C:\hostedtoolcache\windows\Python\3.12.10\x64\Scripts;C:\hostedtoolcache\windows\Python\3.12.10\x64;C:\hostedtoolcache\windows\Ruby\3.3.12\x64\bin;C:\Program Files\OpenSSL\bin;C:\tools\kotlinc\bin;C:\hostedtoolcache\windows\Java_Temurin-Hotspot_jdk\8.0.492-9\x64\bin;C:\Program Files\ImageMagick-7.1.2-Q16-HDRI;C:\Program Files\Microsoft SDKs\Azure\CLI2\wbin;C:\ProgramData\kind;C:\ProgramData\Chocolatey\bin;C:\Windows\system32;C:\Windows;C:\Windows\System32\Wbem;C:\Windows\System32\WindowsPowerShell\v1.0\;C:\Windows\System32\OpenSSH\;C:\Program Files\dotnet\;C:\Program Files\PowerShell\7\;C:\Program Files\Microsoft\Web Platform Installer\;C:\Program Files\TortoiseSVN\bin;C:\Program Files\Microsoft SQL Server\Client SDK\ODBC\170\Tools\Binn\;C:\Program Files\Microsoft SQL Server\150\Tools\Binn\;C:\Program Files (x86)\Windows Kits\10\Windows Performance Toolkit\;C:\Program Files (x86)\WiX Toolset v3.14\bin;C:\Program Files\Microsoft SQL Server\130\DTS\Binn\;C:\Program Files\Microsoft SQL Server\140\DTS\Binn\;C:\Program Files\Microsoft SQL Server\150\DTS\Binn\;C:\Program Files\Microsoft SQL Server\160\DTS\Binn\;C:\Program Files\Microsoft SQL Server\170\DTS\Binn\;C:\Strawberry\c\bin;C:\Strawberry\perl\site\bin;C:\Strawberry\perl\bin;C:\ProgramData\chocolatey\lib\pulumi\tools\Pulumi\bin;C:\Program Files\CMake\bin;C:\ProgramData\chocolatey\lib\maven\apache-maven-3.9.16\bin;C:\Program Files\Microsoft Service Fabric\bin\Fabric\Fabric.Code;C:\Program Files\Microsoft SDKs\Service Fabric\Tools\ServiceFabricLocalClusterManager;C:\Program Files\nodejs\;C:\Program Files\Git\cmd;C:\Program Files\Git\mingw64\bin;C:\Program Files\Git\usr\bin;C:\Program Files\GitHub CLI\;c:\tools\php;C:\Program Files\Amazon\AWSCLIV2\;C:\Program Files\Amazon\SessionManagerPlugin\bin\;C:\Program Files\Amazon\AWSSAMCLI\bin\;C:\Program Files\Microsoft SQL Server\130\Tools\Binn\;C:\Program Files\mongosh\;C:\Program Files\LLVM\bin;C:\Program Files (x86)\LLVM\bin;C:\Users\runneradmin\.dotnet\tools;C:\Users\runneradmin\.cargo\bin;C:\Users\runneradmin\AppData\Local\Microsoft\WindowsApps;C:\Program Files\Microsoft Visual Studio\2022\Enterprise\Common7\IDE\CommonExtensions\Microsoft\CMake\CMake\bin;C:\Program Files\Microsoft Visual Studio\2022\Enterprise\Common7\IDE\CommonExtensions\Microsoft\CMake\Ninja;C:\Program Files\Microsoft Visual Studio\2022\Enterprise\Common7\IDE\VC\Linux\bin\ConnectionManagerExe;C:\Program Files\Microsoft Visual Studio\2022\Enterprise\VC\vcpkg
2026-08-03T23:44:07.9304162Z   Platform: x64
2026-08-03T23:44:07.9304430Z   UCRTVersion: 10.0.26100.0
2026-08-03T23:44:07.9304771Z   UniversalCRTSdkDir: C:\Program Files (x86)\Windows Kits\10\
2026-08-03T23:44:07.9305299Z   VCIDEInstallDir: C:\Program Files\Microsoft Visual Studio\2022\Enterprise\Common7\IDE\VC\
2026-08-03T23:44:07.9305888Z   VCINSTALLDIR: C:\Program Files\Microsoft Visual Studio\2022\Enterprise\VC\
2026-08-03T23:44:07.9306418Z   VCPKG_ROOT: C:\Program Files\Microsoft Visual Studio\2022\Enterprise\VC\vcpkg
2026-08-03T23:44:07.9307122Z   VCToolsInstallDir: C:\Program Files\Microsoft Visual Studio\2022\Enterprise\VC\Tools\MSVC\14.44.35207\
2026-08-03T23:44:07.9308481Z   VCToolsRedistDir: C:\Program Files\Microsoft Visual Studio\2022\Enterprise\VC\Redist\MSVC\14.44.35112\
2026-08-03T23:44:07.9309051Z   VCToolsVersion: 14.44.35207
2026-08-03T23:44:07.9309346Z   VisualStudioVersion: 17.0
2026-08-03T23:44:07.9309832Z   VS170COMNTOOLS: C:\Program Files\Microsoft Visual Studio\2022\Enterprise\Common7\Tools\
2026-08-03T23:44:07.9310309Z   VSCMD_ARG_app_plat: Desktop
2026-08-03T23:44:07.9310583Z   VSCMD_ARG_HOST_ARCH: x64
2026-08-03T23:44:07.9310833Z   VSCMD_ARG_TGT_ARCH: x64
2026-08-03T23:44:07.9311098Z   VSCMD_VER: 17.14.37
2026-08-03T23:44:07.9311449Z   VSINSTALLDIR: C:\Program Files\Microsoft Visual Studio\2022\Enterprise\
2026-08-03T23:44:07.9311984Z   VSSDK150INSTALL: C:\Program Files\Microsoft Visual Studio\2022\Enterprise\VSSDK
2026-08-03T23:44:07.9312553Z   VSSDKINSTALL: C:\Program Files\Microsoft Visual Studio\2022\Enterprise\VSSDK
2026-08-03T23:44:07.9313299Z   WindowsLibPath: C:\Program Files (x86)\Windows Kits\10\UnionMetadata\10.0.26100.0;C:\Program Files (x86)\Windows Kits\10\References\10.0.26100.0
2026-08-03T23:44:07.9314012Z   WindowsSdkBinPath: C:\Program Files (x86)\Windows Kits\10\bin\
2026-08-03T23:44:07.9314438Z   WindowsSdkDir: C:\Program Files (x86)\Windows Kits\10\
2026-08-03T23:44:07.9314782Z   WindowsSDKLibVersion: 10.0.26100.0\
2026-08-03T23:44:07.9315210Z   WindowsSdkVerBinPath: C:\Program Files (x86)\Windows Kits\10\bin\10.0.26100.0\
2026-08-03T23:44:07.9315637Z   WindowsSDKVersion: 10.0.26100.0\
2026-08-03T23:44:07.9316130Z   WindowsSDK_ExecutablePath_x64: C:\Program Files (x86)\Microsoft SDKs\Windows\v10.0A\bin\NETFX 4.8 Tools\x64\
2026-08-03T23:44:07.9316853Z   WindowsSDK_ExecutablePath_x86: C:\Program Files (x86)\Microsoft SDKs\Windows\v10.0A\bin\NETFX 4.8 Tools\
2026-08-03T23:44:07.9317352Z   __DOTNET_ADD_64BIT: 1
2026-08-03T23:44:07.9317629Z   __DOTNET_PREFERRED_BITNESS: 64
2026-08-03T23:44:07.9326626Z   __VSCMD_PREINIT_PATH: C:\Program Files\MongoDB\Server\7.0\bin;C:\aliyun-cli;C:\vcpkg;C:\Program Files (x86)\NSIS\;C:\tools\zstd;C:\Program Files\Mercurial\;C:\hostedtoolcache\windows\stack\3.11.1\x64;C:\cabal\bin;C:\\ghcup\bin;C:\mingw64\bin;C:\Program Files\dotnet;C:\Program Files\MySQL\MySQL Server 8.0\bin;C:\Program Files\R\R-4.6.1\bin\x64;C:\SeleniumWebDrivers\GeckoDriver;C:\SeleniumWebDrivers\EdgeDriver\;C:\SeleniumWebDrivers\ChromeDriver;C:\Program Files (x86)\sbt\bin;C:\Program Files (x86)\GitHub CLI;C:\Program Files\Git\bin;C:\Program Files (x86)\pipx_bin;C:\npm\prefix;C:\hostedtoolcache\windows\go\1.24.13\x64\bin;C:\hostedtoolcache\windows\Python\3.12.10\x64\Scripts;C:\hostedtoolcache\windows\Python\3.12.10\x64;C:\hostedtoolcache\windows\Ruby\3.3.12\x64\bin;C:\Program Files\OpenSSL\bin;C:\tools\kotlinc\bin;C:\hostedtoolcache\windows\Java_Temurin-Hotspot_jdk\8.0.492-9\x64\bin;C:\Program Files\ImageMagick-7.1.2-Q16-HDRI;C:\Program Files\Microsoft SDKs\Azure\CLI2\wbin;C:\ProgramData\kind;C:\ProgramData\Chocolatey\bin;C:\Windows\system32;C:\Windows;C:\Windows\System32\Wbem;C:\Windows\System32\WindowsPowerShell\v1.0\;C:\Windows\System32\OpenSSH\;C:\Program Files\dotnet\;C:\Program Files\PowerShell\7\;C:\Program Files\Microsoft\Web Platform Installer\;C:\Program Files\TortoiseSVN\bin;C:\Program Files\Microsoft SQL Server\Client SDK\ODBC\170\Tools\Binn\;C:\Program Files\Microsoft SQL Server\150\Tools\Binn\;C:\Program Files (x86)\Windows Kits\10\Windows Performance Toolkit\;C:\Program Files (x86)\WiX Toolset v3.14\bin;C:\Program Files\Microsoft SQL Server\130\DTS\Binn\;C:\Program Files\Microsoft SQL Server\140\DTS\Binn\;C:\Program Files\Microsoft SQL Server\150\DTS\Binn\;C:\Program Files\Microsoft SQL Server\160\DTS\Binn\;C:\Program Files\Microsoft SQL Server\170\DTS\Binn\;C:\Strawberry\c\bin;C:\Strawberry\perl\site\bin;C:\Strawberry\perl\bin;C:\ProgramData\chocolatey\lib\pulumi\tools\Pulumi\bin;C:\Program Files\CMake\bin;C:\ProgramData\chocolatey\lib\maven\apache-maven-3.9.16\bin;C:\Program Files\Microsoft Service Fabric\bin\Fabric\Fabric.Code;C:\Program Files\Microsoft SDKs\Service Fabric\Tools\ServiceFabricLocalClusterManager;C:\Program Files\nodejs\;C:\Program Files\Git\cmd;C:\Program Files\Git\mingw64\bin;C:\Program Files\Git\usr\bin;C:\Program Files\GitHub CLI\;c:\tools\php;C:\Program Files\Amazon\AWSCLIV2\;C:\Program Files\Amazon\SessionManagerPlugin\bin\;C:\Program Files\Amazon\AWSSAMCLI\bin\;C:\Program Files\Microsoft SQL Server\130\Tools\Binn\;C:\Program Files\mongosh\;C:\Program Files\LLVM\bin;C:\Program Files (x86)\LLVM\bin;C:\Users\runneradmin\.dotnet\tools;C:\Users\runneradmin\.cargo\bin;C:\Users\runneradmin\AppData\Local\Microsoft\WindowsApps
2026-08-03T23:44:07.9335789Z ##[endgroup]
2026-08-03T23:44:08.3911690Z Cache hit for: cache-windows-x64-vulkan-sdk-1.4.350.0
2026-08-03T23:44:09.6203075Z Received 134217728 of 408060460 (32.9%), 118.1 MBs/sec
2026-08-03T23:44:10.6222244Z Received 268435456 of 408060460 (65.8%), 122.7 MBs/sec
2026-08-03T23:44:11.4632483Z Received 408060460 of 408060460 (100.0%), 133.0 MBs/sec
2026-08-03T23:44:11.4637177Z Cache Size: ~389 MB (408060460 B)
2026-08-03T23:44:11.4772200Z [command]"C:\Program Files\Git\usr\bin\tar.exe" -xf D:/a/_temp/892370e4-79ad-4607-bd0a-1e2a6463ce5a/cache.tzst -P -C D:/a/KytyPlus/KytyPlus --force-local --use-compress-program "zstd -d"
2026-08-03T23:44:18.2890054Z Cache restored successfully
2026-08-03T23:44:18.3062026Z 🎯 [Cache] Restored Vulkan SDK in path: 'C:\VulkanSDK\'. Cache Restore ID: 'cache-windows-x64-vulkan-sdk-1.4.350.0'.
2026-08-03T23:44:18.3070100Z ✔️ [PATH] Added path to Vulkan SDK to environment variable PATH.
2026-08-03T23:44:18.3073807Z ✔️ [ENV] Set env variable VULKAN_SDK -> "C:\VulkanSDK\1.4.350.0".
2026-08-03T23:44:18.3076211Z ✔️ [ENV] Set env variable VULKAN_VERSION -> "1.4.350.0".
2026-08-03T23:44:18.3076941Z ✅ Done.
2026-08-03T23:44:18.3420003Z ##[group]Run jurplel/install-qt-action@v4.3.1
2026-08-03T23:44:18.3420350Z with:
2026-08-03T23:44:18.3420545Z   version: 6.10.3
2026-08-03T23:44:18.3420725Z   host: windows
2026-08-03T23:44:18.3420896Z   target: desktop
2026-08-03T23:44:18.3421077Z   arch: win64_msvc2022_64
2026-08-03T23:44:18.3421272Z   cache: true
2026-08-03T23:44:18.3421452Z   install-deps: true
2026-08-03T23:44:18.3421670Z   cache-key-prefix: install-qt-action
2026-08-03T23:44:18.3421918Z   setup-python: true
2026-08-03T23:44:18.3422114Z   add-tools-to-path: true
2026-08-03T23:44:18.3422324Z   set-env: true
2026-08-03T23:44:18.3422499Z   no-qt-binaries: false
2026-08-03T23:44:18.3422690Z   tools-only: false
2026-08-03T23:44:18.3422874Z   aqtversion: ==3.3.*
2026-08-03T23:44:18.3423065Z   py7zrversion: ==1.0.*
2026-08-03T23:44:18.3423248Z   source: false
2026-08-03T23:44:18.3423419Z   documentation: false
2026-08-03T23:44:18.3423606Z   examples: false
2026-08-03T23:44:18.3423811Z   use-official: false
2026-08-03T23:44:18.3423990Z env:
2026-08-03T23:44:18.3424160Z   CommandPromptType: Native
2026-08-03T23:44:18.3424522Z   DevEnvDir: C:\Program Files\Microsoft Visual Studio\2022\Enterprise\Common7\IDE\
2026-08-03T23:44:18.3425067Z   ExtensionSdkDir: C:\Program Files (x86)\Microsoft SDKs\Windows Kits\10\ExtensionSDKs
2026-08-03T23:44:18.3427473Z   EXTERNAL_INCLUDE: C:\Program Files\Microsoft Visual Studio\2022\Enterprise\VC\Tools\MSVC\14.44.35207\include;C:\Program Files\Microsoft Visual Studio\2022\Enterprise\VC\Tools\MSVC\14.44.35207\ATLMFC\include;C:\Program Files\Microsoft Visual Studio\2022\Enterprise\VC\Auxiliary\VS\include;C:\Program Files (x86)\Windows Kits\10\include\10.0.26100.0\ucrt;C:\Program Files (x86)\Windows Kits\10\\include\10.0.26100.0\\um;C:\Program Files (x86)\Windows Kits\10\\include\10.0.26100.0\\shared;C:\Program Files (x86)\Windows Kits\10\\include\10.0.26100.0\\winrt;C:\Program Files (x86)\Windows Kits\10\\include\10.0.26100.0\\cppwinrt;C:\Program Files (x86)\Windows Kits\NETFXSDK\4.8\include\um
2026-08-03T23:44:18.3429710Z   Framework40Version: v4.0
2026-08-03T23:44:18.3430154Z   FrameworkDir: C:\Windows\Microsoft.NET\Framework64\
2026-08-03T23:44:18.3430487Z   FrameworkDir64: C:\Windows\Microsoft.NET\Framework64\
2026-08-03T23:44:18.3430782Z   FrameworkVersion: v4.0.30319
2026-08-03T23:44:18.3431005Z   FrameworkVersion64: v4.0.30319
2026-08-03T23:44:18.3431523Z   FSHARPINSTALLDIR: C:\Program Files\Microsoft Visual Studio\2022\Enterprise\Common7\IDE\CommonExtensions\Microsoft\FSharp\Tools
2026-08-03T23:44:18.3432127Z   HTMLHelpDir: C:\Program Files (x86)\HTML Help Workshop
2026-08-03T23:44:18.3432610Z   IFCPATH: C:\Program Files\Microsoft Visual Studio\2022\Enterprise\VC\Tools\MSVC\14.44.35207\ifc\x64
2026-08-03T23:44:18.3434989Z   INCLUDE: C:\Program Files\Microsoft Visual Studio\2022\Enterprise\VC\Tools\MSVC\14.44.35207\include;C:\Program Files\Microsoft Visual Studio\2022\Enterprise\VC\Tools\MSVC\14.44.35207\ATLMFC\include;C:\Program Files\Microsoft Visual Studio\2022\Enterprise\VC\Auxiliary\VS\include;C:\Program Files (x86)\Windows Kits\10\include\10.0.26100.0\ucrt;C:\Program Files (x86)\Windows Kits\10\\include\10.0.26100.0\\um;C:\Program Files (x86)\Windows Kits\10\\include\10.0.26100.0\\shared;C:\Program Files (x86)\Windows Kits\10\\include\10.0.26100.0\\winrt;C:\Program Files (x86)\Windows Kits\10\\include\10.0.26100.0\\cppwinrt;C:\Program Files (x86)\Windows Kits\NETFXSDK\4.8\include\um
2026-08-03T23:44:18.3437172Z   is_x64_arch: true
2026-08-03T23:44:18.3438378Z   LIB: C:\Program Files\Microsoft Visual Studio\2022\Enterprise\VC\Tools\MSVC\14.44.35207\ATLMFC\lib\x64;C:\Program Files\Microsoft Visual Studio\2022\Enterprise\VC\Tools\MSVC\14.44.35207\lib\x64;C:\Program Files (x86)\Windows Kits\NETFXSDK\4.8\lib\um\x64;C:\Program Files (x86)\Windows Kits\10\lib\10.0.26100.0\ucrt\x64;C:\Program Files (x86)\Windows Kits\10\\lib\10.0.26100.0\\um\x64
2026-08-03T23:44:18.3442435Z   LIBPATH: C:\Program Files\Microsoft Visual Studio\2022\Enterprise\VC\Tools\MSVC\14.44.35207\ATLMFC\lib\x64;C:\Program Files\Microsoft Visual Studio\2022\Enterprise\VC\Tools\MSVC\14.44.35207\lib\x64;C:\Program Files\Microsoft Visual Studio\2022\Enterprise\VC\Tools\MSVC\14.44.35207\lib\x86\store\references;C:\Program Files (x86)\Windows Kits\10\UnionMetadata\10.0.26100.0;C:\Program Files (x86)\Windows Kits\10\References\10.0.26100.0;C:\Windows\Microsoft.NET\Framework64\v4.0.30319
2026-08-03T23:44:18.3444236Z   NETFXSDKDir: C:\Program Files (x86)\Windows Kits\NETFXSDK\4.8\
2026-08-03T23:44:18.3459654Z   Path: C:\Program Files\Microsoft Visual Studio\2022\Enterprise\VC\Tools\MSVC\14.44.35207\bin\HostX64\x64;C:\Program Files\Microsoft Visual Studio\2022\Enterprise\Common7\IDE\VC\VCPackages;C:\Program Files\Microsoft Visual Studio\2022\Enterprise\Common7\IDE\CommonExtensions\Microsoft\TestWindow;C:\Program Files\Microsoft Visual Studio\2022\Enterprise\Common7\IDE\CommonExtensions\Microsoft\TeamFoundation\Team Explorer;C:\Program Files\Microsoft Visual Studio\2022\Enterprise\MSBuild\Current\bin\Roslyn;C:\Program Files (x86)\Microsoft SDKs\Windows\v10.0A\bin\NETFX 4.8 Tools\x64\;C:\Program Files (x86)\HTML Help Workshop;C:\Program Files\Microsoft Visual Studio\2022\Enterprise\Common7\IDE\CommonExtensions\Microsoft\FSharp\Tools;C:\Program Files\Microsoft Visual Studio\2022\Enterprise\Team Tools\DiagnosticsHub\Collector;C:\Program Files\Microsoft Visual Studio\2022\Enterprise\Common7\IDE\Extensions\Microsoft\CodeCoverage.Console;C:\Program Files\Microsoft Visual Studio\2022\Enterprise\VC\Tools\Llvm\x64\bin;C:\Program Files (x86)\Windows Kits\10\bin\10.0.26100.0\\x64;C:\Program Files (x86)\Windows Kits\10\bin\\x64;C:\Program Files\Microsoft Visual Studio\2022\Enterprise\\MSBuild\Current\Bin\amd64;C:\Windows\Microsoft.NET\Framework64\v4.0.30319;C:\Program Files\Microsoft Visual Studio\2022\Enterprise\Common7\IDE\;C:\Program Files\Microsoft Visual Studio\2022\Enterprise\Common7\Tools\;C:\Program Files\MongoDB\Server\7.0\bin;C:\aliyun-cli;C:\vcpkg;C:\Program Files (x86)\NSIS\;C:\tools\zstd;C:\Program Files\Mercurial\;C:\hostedtoolcache\windows\stack\3.11.1\x64;C:\cabal\bin;C:\\ghcup\bin;C:\mingw64\bin;C:\Program Files\dotnet;C:\Program Files\MySQL\MySQL Server 8.0\bin;C:\Program Files\R\R-4.6.1\bin\x64;C:\SeleniumWebDrivers\GeckoDriver;C:\SeleniumWebDrivers\EdgeDriver\;C:\SeleniumWebDrivers\ChromeDriver;C:\Program Files (x86)\sbt\bin;C:\Program Files (x86)\GitHub CLI;C:\Program Files\Git\bin;C:\Program Files (x86)\pipx_bin;C:\npm\prefix;C:\hostedtoolcache\windows\go\1.24.13\x64\bin;C:\hostedtoolcache\windows\Python\3.12.10\x64\Scripts;C:\hostedtoolcache\windows\Python\3.12.10\x64;C:\hostedtoolcache\windows\Ruby\3.3.12\x64\bin;C:\Program Files\OpenSSL\bin;C:\tools\kotlinc\bin;C:\hostedtoolcache\windows\Java_Temurin-Hotspot_jdk\8.0.492-9\x64\bin;C:\Program Files\ImageMagick-7.1.2-Q16-HDRI;C:\Program Files\Microsoft SDKs\Azure\CLI2\wbin;C:\ProgramData\kind;C:\ProgramData\Chocolatey\bin;C:\Windows\system32;C:\Windows;C:\Windows\System32\Wbem;C:\Windows\System32\WindowsPowerShell\v1.0\;C:\Windows\System32\OpenSSH\;C:\Program Files\dotnet\;C:\Program Files\PowerShell\7\;C:\Program Files\Microsoft\Web Platform Installer\;C:\Program Files\TortoiseSVN\bin;C:\Program Files\Microsoft SQL Server\Client SDK\ODBC\170\Tools\Binn\;C:\Program Files\Microsoft SQL Server\150\Tools\Binn\;C:\Program Files (x86)\Windows Kits\10\Windows Performance Toolkit\;C:\Program Files (x86)\WiX Toolset v3.14\bin;C:\Program Files\Microsoft SQL Server\130\DTS\Binn\;C:\Program Files\Microsoft SQL Server\140\DTS\Binn\;C:\Program Files\Microsoft SQL Server\150\DTS\Binn\;C:\Program Files\Microsoft SQL Server\160\DTS\Binn\;C:\Program Files\Microsoft SQL Server\170\DTS\Binn\;C:\Strawberry\c\bin;C:\Strawberry\perl\site\bin;C:\Strawberry\perl\bin;C:\ProgramData\chocolatey\lib\pulumi\tools\Pulumi\bin;C:\Program Files\CMake\bin;C:\ProgramData\chocolatey\lib\maven\apache-maven-3.9.16\bin;C:\Program Files\Microsoft Service Fabric\bin\Fabric\Fabric.Code;C:\Program Files\Microsoft SDKs\Service Fabric\Tools\ServiceFabricLocalClusterManager;C:\Program Files\nodejs\;C:\Program Files\Git\cmd;C:\Program Files\Git\mingw64\bin;C:\Program Files\Git\usr\bin;C:\Program Files\GitHub CLI\;c:\tools\php;C:\Program Files\Amazon\AWSCLIV2\;C:\Program Files\Amazon\SessionManagerPlugin\bin\;C:\Program Files\Amazon\AWSSAMCLI\bin\;C:\Program Files\Microsoft SQL Server\130\Tools\Binn\;C:\Program Files\mongosh\;C:\Program Files\LLVM\bin;C:\Program Files (x86)\LLVM\bin;C:\Users\runneradmin\.dotnet\tools;C:\Users\runneradmin\.cargo\bin;C:\Users\runneradmin\AppData\Local\Microsoft\WindowsApps;C:\Program Files\Microsoft Visual Studio\2022\Enterprise\Common7\IDE\CommonExtensions\Microsoft\CMake\CMake\bin;C:\Program Files\Microsoft Visual Studio\2022\Enterprise\Common7\IDE\CommonExtensions\Microsoft\CMake\Ninja;C:\Program Files\Microsoft Visual Studio\2022\Enterprise\Common7\IDE\VC\Linux\bin\ConnectionManagerExe;C:\Program Files\Microsoft Visual Studio\2022\Enterprise\VC\vcpkg
2026-08-03T23:44:18.3474460Z   Platform: x64
2026-08-03T23:44:18.3474641Z   UCRTVersion: 10.0.26100.0
2026-08-03T23:44:18.3474937Z   UniversalCRTSdkDir: C:\Program Files (x86)\Windows Kits\10\
2026-08-03T23:44:18.3475413Z   VCIDEInstallDir: C:\Program Files\Microsoft Visual Studio\2022\Enterprise\Common7\IDE\VC\
2026-08-03T23:44:18.3475942Z   VCINSTALLDIR: C:\Program Files\Microsoft Visual Studio\2022\Enterprise\VC\
2026-08-03T23:44:18.3476419Z   VCPKG_ROOT: C:\Program Files\Microsoft Visual Studio\2022\Enterprise\VC\vcpkg
2026-08-03T23:44:18.3476991Z   VCToolsInstallDir: C:\Program Files\Microsoft Visual Studio\2022\Enterprise\VC\Tools\MSVC\14.44.35207\
2026-08-03T23:44:18.3477643Z   VCToolsRedistDir: C:\Program Files\Microsoft Visual Studio\2022\Enterprise\VC\Redist\MSVC\14.44.35112\
2026-08-03T23:44:18.3478093Z   VCToolsVersion: 14.44.35207
2026-08-03T23:44:18.3478317Z   VisualStudioVersion: 17.0
2026-08-03T23:44:18.3478682Z   VS170COMNTOOLS: C:\Program Files\Microsoft Visual Studio\2022\Enterprise\Common7\Tools\
2026-08-03T23:44:18.3479092Z   VSCMD_ARG_app_plat: Desktop
2026-08-03T23:44:18.3479306Z   VSCMD_ARG_HOST_ARCH: x64
2026-08-03T23:44:18.3479566Z   VSCMD_ARG_TGT_ARCH: x64
2026-08-03T23:44:18.3479765Z   VSCMD_VER: 17.14.37
2026-08-03T23:44:18.3480627Z   VSINSTALLDIR: C:\Program Files\Microsoft Visual Studio\2022\Enterprise\
2026-08-03T23:44:18.3481113Z   VSSDK150INSTALL: C:\Program Files\Microsoft Visual Studio\2022\Enterprise\VSSDK
2026-08-03T23:44:18.3481610Z   VSSDKINSTALL: C:\Program Files\Microsoft Visual Studio\2022\Enterprise\VSSDK
2026-08-03T23:44:18.3482300Z   WindowsLibPath: C:\Program Files (x86)\Windows Kits\10\UnionMetadata\10.0.26100.0;C:\Program Files (x86)\Windows Kits\10\References\10.0.26100.0
2026-08-03T23:44:18.3482953Z   WindowsSdkBinPath: C:\Program Files (x86)\Windows Kits\10\bin\
2026-08-03T23:44:18.3483330Z   WindowsSdkDir: C:\Program Files (x86)\Windows Kits\10\
2026-08-03T23:44:18.3483630Z   WindowsSDKLibVersion: 10.0.26100.0\
2026-08-03T23:44:18.3483992Z   WindowsSdkVerBinPath: C:\Program Files (x86)\Windows Kits\10\bin\10.0.26100.0\
2026-08-03T23:44:18.3484372Z   WindowsSDKVersion: 10.0.26100.0\
2026-08-03T23:44:18.3484821Z   WindowsSDK_ExecutablePath_x64: C:\Program Files (x86)\Microsoft SDKs\Windows\v10.0A\bin\NETFX 4.8 Tools\x64\
2026-08-03T23:44:18.3485509Z   WindowsSDK_ExecutablePath_x86: C:\Program Files (x86)\Microsoft SDKs\Windows\v10.0A\bin\NETFX 4.8 Tools\
2026-08-03T23:44:18.3485955Z   __DOTNET_ADD_64BIT: 1
2026-08-03T23:44:18.3486160Z   __DOTNET_PREFERRED_BITNESS: 64
2026-08-03T23:44:18.3494950Z   __VSCMD_PREINIT_PATH: C:\Program Files\MongoDB\Server\7.0\bin;C:\aliyun-cli;C:\vcpkg;C:\Program Files (x86)\NSIS\;C:\tools\zstd;C:\Program Files\Mercurial\;C:\hostedtoolcache\windows\stack\3.11.1\x64;C:\cabal\bin;C:\\ghcup\bin;C:\mingw64\bin;C:\Program Files\dotnet;C:\Program Files\MySQL\MySQL Server 8.0\bin;C:\Program Files\R\R-4.6.1\bin\x64;C:\SeleniumWebDrivers\GeckoDriver;C:\SeleniumWebDrivers\EdgeDriver\;C:\SeleniumWebDrivers\ChromeDriver;C:\Program Files (x86)\sbt\bin;C:\Program Files (x86)\GitHub CLI;C:\Program Files\Git\bin;C:\Program Files (x86)\pipx_bin;C:\npm\prefix;C:\hostedtoolcache\windows\go\1.24.13\x64\bin;C:\hostedtoolcache\windows\Python\3.12.10\x64\Scripts;C:\hostedtoolcache\windows\Python\3.12.10\x64;C:\hostedtoolcache\windows\Ruby\3.3.12\x64\bin;C:\Program Files\OpenSSL\bin;C:\tools\kotlinc\bin;C:\hostedtoolcache\windows\Java_Temurin-Hotspot_jdk\8.0.492-9\x64\bin;C:\Program Files\ImageMagick-7.1.2-Q16-HDRI;C:\Program Files\Microsoft SDKs\Azure\CLI2\wbin;C:\ProgramData\kind;C:\ProgramData\Chocolatey\bin;C:\Windows\system32;C:\Windows;C:\Windows\System32\Wbem;C:\Windows\System32\WindowsPowerShell\v1.0\;C:\Windows\System32\OpenSSH\;C:\Program Files\dotnet\;C:\Program Files\PowerShell\7\;C:\Program Files\Microsoft\Web Platform Installer\;C:\Program Files\TortoiseSVN\bin;C:\Program Files\Microsoft SQL Server\Client SDK\ODBC\170\Tools\Binn\;C:\Program Files\Microsoft SQL Server\150\Tools\Binn\;C:\Program Files (x86)\Windows Kits\10\Windows Performance Toolkit\;C:\Program Files (x86)\WiX Toolset v3.14\bin;C:\Program Files\Microsoft SQL Server\130\DTS\Binn\;C:\Program Files\Microsoft SQL Server\140\DTS\Binn\;C:\Program Files\Microsoft SQL Server\150\DTS\Binn\;C:\Program Files\Microsoft SQL Server\160\DTS\Binn\;C:\Program Files\Microsoft SQL Server\170\DTS\Binn\;C:\Strawberry\c\bin;C:\Strawberry\perl\site\bin;C:\Strawberry\perl\bin;C:\ProgramData\chocolatey\lib\pulumi\tools\Pulumi\bin;C:\Program Files\CMake\bin;C:\ProgramData\chocolatey\lib\maven\apache-maven-3.9.16\bin;C:\Program Files\Microsoft Service Fabric\bin\Fabric\Fabric.Code;C:\Program Files\Microsoft SDKs\Service Fabric\Tools\ServiceFabricLocalClusterManager;C:\Program Files\nodejs\;C:\Program Files\Git\cmd;C:\Program Files\Git\mingw64\bin;C:\Program Files\Git\usr\bin;C:\Program Files\GitHub CLI\;c:\tools\php;C:\Program Files\Amazon\AWSCLIV2\;C:\Program Files\Amazon\SessionManagerPlugin\bin\;C:\Program Files\Amazon\AWSSAMCLI\bin\;C:\Program Files\Microsoft SQL Server\130\Tools\Binn\;C:\Program Files\mongosh\;C:\Program Files\LLVM\bin;C:\Program Files (x86)\LLVM\bin;C:\Users\runneradmin\.dotnet\tools;C:\Users\runneradmin\.cargo\bin;C:\Users\runneradmin\AppData\Local\Microsoft\WindowsApps
2026-08-03T23:44:18.3503896Z   VULKAN_SDK: C:\VulkanSDK\1.4.350.0
2026-08-03T23:44:18.3504133Z   VULKAN_VERSION: 1.4.350.0
2026-08-03T23:44:18.3504343Z ##[endgroup]
2026-08-03T23:44:18.3564742Z ##[start-action display=Setup Python;id=__jurplel_install-qt-action.__actions_setup-python]
2026-08-03T23:44:18.3712161Z ##[group]Run actions/setup-python@v6
2026-08-03T23:44:18.3712402Z with:
2026-08-03T23:44:18.3712577Z   python-version: >=3.9.0 <=3.13.3
2026-08-03T23:44:18.3712815Z   check-latest: false
2026-08-03T23:44:18.3715270Z   token: ***
2026-08-03T23:44:18.3715460Z   update-environment: true
2026-08-03T23:44:18.3715676Z   allow-prereleases: false
2026-08-03T23:44:18.3715880Z   freethreaded: false
2026-08-03T23:44:18.3716056Z env:
2026-08-03T23:44:18.3716219Z   CommandPromptType: Native
2026-08-03T23:44:18.3716564Z   DevEnvDir: C:\Program Files\Microsoft Visual Studio\2022\Enterprise\Common7\IDE\
2026-08-03T23:44:18.3717091Z   ExtensionSdkDir: C:\Program Files (x86)\Microsoft SDKs\Windows Kits\10\ExtensionSDKs
2026-08-03T23:44:18.3719456Z   EXTERNAL_INCLUDE: C:\Program Files\Microsoft Visual Studio\2022\Enterprise\VC\Tools\MSVC\14.44.35207\include;C:\Program Files\Microsoft Visual Studio\2022\Enterprise\VC\Tools\MSVC\14.44.35207\ATLMFC\include;C:\Program Files\Microsoft Visual Studio\2022\Enterprise\VC\Auxiliary\VS\include;C:\Program Files (x86)\Windows Kits\10\include\10.0.26100.0\ucrt;C:\Program Files (x86)\Windows Kits\10\\include\10.0.26100.0\\um;C:\Program Files (x86)\Windows Kits\10\\include\10.0.26100.0\\shared;C:\Program Files (x86)\Windows Kits\10\\include\10.0.26100.0\\winrt;C:\Program Files (x86)\Windows Kits\10\\include\10.0.26100.0\\cppwinrt;C:\Program Files (x86)\Windows Kits\NETFXSDK\4.8\include\um
2026-08-03T23:44:18.3721680Z   Framework40Version: v4.0
2026-08-03T23:44:18.3721943Z   FrameworkDir: C:\Windows\Microsoft.NET\Framework64\
2026-08-03T23:44:18.3722385Z   FrameworkDir64: C:\Windows\Microsoft.NET\Framework64\
2026-08-03T23:44:18.3722685Z   FrameworkVersion: v4.0.30319
2026-08-03T23:44:18.3722929Z   FrameworkVersion64: v4.0.30319
2026-08-03T23:44:18.3723447Z   FSHARPINSTALLDIR: C:\Program Files\Microsoft Visual Studio\2022\Enterprise\Common7\IDE\CommonExtensions\Microsoft\FSharp\Tools
2026-08-03T23:44:18.3724042Z   HTMLHelpDir: C:\Program Files (x86)\HTML Help Workshop
2026-08-03T23:44:18.3724518Z   IFCPATH: C:\Program Files\Microsoft Visual Studio\2022\Enterprise\VC\Tools\MSVC\14.44.35207\ifc\x64
2026-08-03T23:44:18.3726886Z   INCLUDE: C:\Program Files\Microsoft Visual Studio\2022\Enterprise\VC\Tools\MSVC\14.44.35207\include;C:\Program Files\Microsoft Visual Studio\2022\Enterprise\VC\Tools\MSVC\14.44.35207\ATLMFC\include;C:\Program Files\Microsoft Visual Studio\2022\Enterprise\VC\Auxiliary\VS\include;C:\Program Files (x86)\Windows Kits\10\include\10.0.26100.0\ucrt;C:\Program Files (x86)\Windows Kits\10\\include\10.0.26100.0\\um;C:\Program Files (x86)\Windows Kits\10\\include\10.0.26100.0\\shared;C:\Program Files (x86)\Windows Kits\10\\include\10.0.26100.0\\winrt;C:\Program Files (x86)\Windows Kits\10\\include\10.0.26100.0\\cppwinrt;C:\Program Files (x86)\Windows Kits\NETFXSDK\4.8\include\um
2026-08-03T23:44:18.3729046Z   is_x64_arch: true
2026-08-03T23:44:18.3730256Z   LIB: C:\Program Files\Microsoft Visual Studio\2022\Enterprise\VC\Tools\MSVC\14.44.35207\ATLMFC\lib\x64;C:\Program Files\Microsoft Visual Studio\2022\Enterprise\VC\Tools\MSVC\14.44.35207\lib\x64;C:\Program Files (x86)\Windows Kits\NETFXSDK\4.8\lib\um\x64;C:\Program Files (x86)\Windows Kits\10\lib\10.0.26100.0\ucrt\x64;C:\Program Files (x86)\Windows Kits\10\\lib\10.0.26100.0\\um\x64
2026-08-03T23:44:18.3732893Z   LIBPATH: C:\Program Files\Microsoft Visual Studio\2022\Enterprise\VC\Tools\MSVC\14.44.35207\ATLMFC\lib\x64;C:\Program Files\Microsoft Visual Studio\2022\Enterprise\VC\Tools\MSVC\14.44.35207\lib\x64;C:\Program Files\Microsoft Visual Studio\2022\Enterprise\VC\Tools\MSVC\14.44.35207\lib\x86\store\references;C:\Program Files (x86)\Windows Kits\10\UnionMetadata\10.0.26100.0;C:\Program Files (x86)\Windows Kits\10\References\10.0.26100.0;C:\Windows\Microsoft.NET\Framework64\v4.0.30319
2026-08-03T23:44:18.3734670Z   NETFXSDKDir: C:\Program Files (x86)\Windows Kits\NETFXSDK\4.8\
2026-08-03T23:44:18.3750095Z   Path: C:\Program Files\Microsoft Visual Studio\2022\Enterprise\VC\Tools\MSVC\14.44.35207\bin\HostX64\x64;C:\Program Files\Microsoft Visual Studio\2022\Enterprise\Common7\IDE\VC\VCPackages;C:\Program Files\Microsoft Visual Studio\2022\Enterprise\Common7\IDE\CommonExtensions\Microsoft\TestWindow;C:\Program Files\Microsoft Visual Studio\2022\Enterprise\Common7\IDE\CommonExtensions\Microsoft\TeamFoundation\Team Explorer;C:\Program Files\Microsoft Visual Studio\2022\Enterprise\MSBuild\Current\bin\Roslyn;C:\Program Files (x86)\Microsoft SDKs\Windows\v10.0A\bin\NETFX 4.8 Tools\x64\;C:\Program Files (x86)\HTML Help Workshop;C:\Program Files\Microsoft Visual Studio\2022\Enterprise\Common7\IDE\CommonExtensions\Microsoft\FSharp\Tools;C:\Program Files\Microsoft Visual Studio\2022\Enterprise\Team Tools\DiagnosticsHub\Collector;C:\Program Files\Microsoft Visual Studio\2022\Enterprise\Common7\IDE\Extensions\Microsoft\CodeCoverage.Console;C:\Program Files\Microsoft Visual Studio\2022\Enterprise\VC\Tools\Llvm\x64\bin;C:\Program Files (x86)\Windows Kits\10\bin\10.0.26100.0\\x64;C:\Program Files (x86)\Windows Kits\10\bin\\x64;C:\Program Files\Microsoft Visual Studio\2022\Enterprise\\MSBuild\Current\Bin\amd64;C:\Windows\Microsoft.NET\Framework64\v4.0.30319;C:\Program Files\Microsoft Visual Studio\2022\Enterprise\Common7\IDE\;C:\Program Files\Microsoft Visual Studio\2022\Enterprise\Common7\Tools\;C:\Program Files\MongoDB\Server\7.0\bin;C:\aliyun-cli;C:\vcpkg;C:\Program Files (x86)\NSIS\;C:\tools\zstd;C:\Program Files\Mercurial\;C:\hostedtoolcache\windows\stack\3.11.1\x64;C:\cabal\bin;C:\\ghcup\bin;C:\mingw64\bin;C:\Program Files\dotnet;C:\Program Files\MySQL\MySQL Server 8.0\bin;C:\Program Files\R\R-4.6.1\bin\x64;C:\SeleniumWebDrivers\GeckoDriver;C:\SeleniumWebDrivers\EdgeDriver\;C:\SeleniumWebDrivers\ChromeDriver;C:\Program Files (x86)\sbt\bin;C:\Program Files (x86)\GitHub CLI;C:\Program Files\Git\bin;C:\Program Files (x86)\pipx_bin;C:\npm\prefix;C:\hostedtoolcache\windows\go\1.24.13\x64\bin;C:\hostedtoolcache\windows\Python\3.12.10\x64\Scripts;C:\hostedtoolcache\windows\Python\3.12.10\x64;C:\hostedtoolcache\windows\Ruby\3.3.12\x64\bin;C:\Program Files\OpenSSL\bin;C:\tools\kotlinc\bin;C:\hostedtoolcache\windows\Java_Temurin-Hotspot_jdk\8.0.492-9\x64\bin;C:\Program Files\ImageMagick-7.1.2-Q16-HDRI;C:\Program Files\Microsoft SDKs\Azure\CLI2\wbin;C:\ProgramData\kind;C:\ProgramData\Chocolatey\bin;C:\Windows\system32;C:\Windows;C:\Windows\System32\Wbem;C:\Windows\System32\WindowsPowerShell\v1.0\;C:\Windows\System32\OpenSSH\;C:\Program Files\dotnet\;C:\Program Files\PowerShell\7\;C:\Program Files\Microsoft\Web Platform Installer\;C:\Program Files\TortoiseSVN\bin;C:\Program Files\Microsoft SQL Server\Client SDK\ODBC\170\Tools\Binn\;C:\Program Files\Microsoft SQL Server\150\Tools\Binn\;C:\Program Files (x86)\Windows Kits\10\Windows Performance Toolkit\;C:\Program Files (x86)\WiX Toolset v3.14\bin;C:\Program Files\Microsoft SQL Server\130\DTS\Binn\;C:\Program Files\Microsoft SQL Server\140\DTS\Binn\;C:\Program Files\Microsoft SQL Server\150\DTS\Binn\;C:\Program Files\Microsoft SQL Server\160\DTS\Binn\;C:\Program Files\Microsoft SQL Server\170\DTS\Binn\;C:\Strawberry\c\bin;C:\Strawberry\perl\site\bin;C:\Strawberry\perl\bin;C:\ProgramData\chocolatey\lib\pulumi\tools\Pulumi\bin;C:\Program Files\CMake\bin;C:\ProgramData\chocolatey\lib\maven\apache-maven-3.9.16\bin;C:\Program Files\Microsoft Service Fabric\bin\Fabric\Fabric.Code;C:\Program Files\Microsoft SDKs\Service Fabric\Tools\ServiceFabricLocalClusterManager;C:\Program Files\nodejs\;C:\Program Files\Git\cmd;C:\Program Files\Git\mingw64\bin;C:\Program Files\Git\usr\bin;C:\Program Files\GitHub CLI\;c:\tools\php;C:\Program Files\Amazon\AWSCLIV2\;C:\Program Files\Amazon\SessionManagerPlugin\bin\;C:\Program Files\Amazon\AWSSAMCLI\bin\;C:\Program Files\Microsoft SQL Server\130\Tools\Binn\;C:\Program Files\mongosh\;C:\Program Files\LLVM\bin;C:\Program Files (x86)\LLVM\bin;C:\Users\runneradmin\.dotnet\tools;C:\Users\runneradmin\.cargo\bin;C:\Users\runneradmin\AppData\Local\Microsoft\WindowsApps;C:\Program Files\Microsoft Visual Studio\2022\Enterprise\Common7\IDE\CommonExtensions\Microsoft\CMake\CMake\bin;C:\Program Files\Microsoft Visual Studio\2022\Enterprise\Common7\IDE\CommonExtensions\Microsoft\CMake\Ninja;C:\Program Files\Microsoft Visual Studio\2022\Enterprise\Common7\IDE\VC\Linux\bin\ConnectionManagerExe;C:\Program Files\Microsoft Visual Studio\2022\Enterprise\VC\vcpkg
2026-08-03T23:44:18.3764910Z   Platform: x64
2026-08-03T23:44:18.3765100Z   UCRTVersion: 10.0.26100.0
2026-08-03T23:44:18.3765390Z   UniversalCRTSdkDir: C:\Program Files (x86)\Windows Kits\10\
2026-08-03T23:44:18.3765873Z   VCIDEInstallDir: C:\Program Files\Microsoft Visual Studio\2022\Enterprise\Common7\IDE\VC\
2026-08-03T23:44:18.3766401Z   VCINSTALLDIR: C:\Program Files\Microsoft Visual Studio\2022\Enterprise\VC\
2026-08-03T23:44:18.3766882Z   VCPKG_ROOT: C:\Program Files\Microsoft Visual Studio\2022\Enterprise\VC\vcpkg
2026-08-03T23:44:18.3767458Z   VCToolsInstallDir: C:\Program Files\Microsoft Visual Studio\2022\Enterprise\VC\Tools\MSVC\14.44.35207\
2026-08-03T23:44:18.3768106Z   VCToolsRedistDir: C:\Program Files\Microsoft Visual Studio\2022\Enterprise\VC\Redist\MSVC\14.44.35112\
2026-08-03T23:44:18.3768554Z   VCToolsVersion: 14.44.35207
2026-08-03T23:44:18.3768780Z   VisualStudioVersion: 17.0
2026-08-03T23:44:18.3769142Z   VS170COMNTOOLS: C:\Program Files\Microsoft Visual Studio\2022\Enterprise\Common7\Tools\
2026-08-03T23:44:18.3769557Z   VSCMD_ARG_app_plat: Desktop
2026-08-03T23:44:18.3769771Z   VSCMD_ARG_HOST_ARCH: x64
2026-08-03T23:44:18.3770404Z   VSCMD_ARG_TGT_ARCH: x64
2026-08-03T23:44:18.3770740Z   VSCMD_VER: 17.14.37
2026-08-03T23:44:18.3771054Z   VSINSTALLDIR: C:\Program Files\Microsoft Visual Studio\2022\Enterprise\
2026-08-03T23:44:18.3771669Z   VSSDK150INSTALL: C:\Program Files\Microsoft Visual Studio\2022\Enterprise\VSSDK
2026-08-03T23:44:18.3772184Z   VSSDKINSTALL: C:\Program Files\Microsoft Visual Studio\2022\Enterprise\VSSDK
2026-08-03T23:44:18.3772878Z   WindowsLibPath: C:\Program Files (x86)\Windows Kits\10\UnionMetadata\10.0.26100.0;C:\Program Files (x86)\Windows Kits\10\References\10.0.26100.0
2026-08-03T23:44:18.3773552Z   WindowsSdkBinPath: C:\Program Files (x86)\Windows Kits\10\bin\
2026-08-03T23:44:18.3773927Z   WindowsSdkDir: C:\Program Files (x86)\Windows Kits\10\
2026-08-03T23:44:18.3774231Z   WindowsSDKLibVersion: 10.0.26100.0\
2026-08-03T23:44:18.3774590Z   WindowsSdkVerBinPath: C:\Program Files (x86)\Windows Kits\10\bin\10.0.26100.0\
2026-08-03T23:44:18.3774970Z   WindowsSDKVersion: 10.0.26100.0\
2026-08-03T23:44:18.3775548Z   WindowsSDK_ExecutablePath_x64: C:\Program Files (x86)\Microsoft SDKs\Windows\v10.0A\bin\NETFX 4.8 Tools\x64\
2026-08-03T23:44:18.3776407Z   WindowsSDK_ExecutablePath_x86: C:\Program Files (x86)\Microsoft SDKs\Windows\v10.0A\bin\NETFX 4.8 Tools\
2026-08-03T23:44:18.3776866Z   __DOTNET_ADD_64BIT: 1
2026-08-03T23:44:18.3777073Z   __DOTNET_PREFERRED_BITNESS: 64
2026-08-03T23:44:18.3785904Z   __VSCMD_PREINIT_PATH: C:\Program Files\MongoDB\Server\7.0\bin;C:\aliyun-cli;C:\vcpkg;C:\Program Files (x86)\NSIS\;C:\tools\zstd;C:\Program Files\Mercurial\;C:\hostedtoolcache\windows\stack\3.11.1\x64;C:\cabal\bin;C:\\ghcup\bin;C:\mingw64\bin;C:\Program Files\dotnet;C:\Program Files\MySQL\MySQL Server 8.0\bin;C:\Program Files\R\R-4.6.1\bin\x64;C:\SeleniumWebDrivers\GeckoDriver;C:\SeleniumWebDrivers\EdgeDriver\;C:\SeleniumWebDrivers\ChromeDriver;C:\Program Files (x86)\sbt\bin;C:\Program Files (x86)\GitHub CLI;C:\Program Files\Git\bin;C:\Program Files (x86)\pipx_bin;C:\npm\prefix;C:\hostedtoolcache\windows\go\1.24.13\x64\bin;C:\hostedtoolcache\windows\Python\3.12.10\x64\Scripts;C:\hostedtoolcache\windows\Python\3.12.10\x64;C:\hostedtoolcache\windows\Ruby\3.3.12\x64\bin;C:\Program Files\OpenSSL\bin;C:\tools\kotlinc\bin;C:\hostedtoolcache\windows\Java_Temurin-Hotspot_jdk\8.0.492-9\x64\bin;C:\Program Files\ImageMagick-7.1.2-Q16-HDRI;C:\Program Files\Microsoft SDKs\Azure\CLI2\wbin;C:\ProgramData\kind;C:\ProgramData\Chocolatey\bin;C:\Windows\system32;C:\Windows;C:\Windows\System32\Wbem;C:\Windows\System32\WindowsPowerShell\v1.0\;C:\Windows\System32\OpenSSH\;C:\Program Files\dotnet\;C:\Program Files\PowerShell\7\;C:\Program Files\Microsoft\Web Platform Installer\;C:\Program Files\TortoiseSVN\bin;C:\Program Files\Microsoft SQL Server\Client SDK\ODBC\170\Tools\Binn\;C:\Program Files\Microsoft SQL Server\150\Tools\Binn\;C:\Program Files (x86)\Windows Kits\10\Windows Performance Toolkit\;C:\Program Files (x86)\WiX Toolset v3.14\bin;C:\Program Files\Microsoft SQL Server\130\DTS\Binn\;C:\Program Files\Microsoft SQL Server\140\DTS\Binn\;C:\Program Files\Microsoft SQL Server\150\DTS\Binn\;C:\Program Files\Microsoft SQL Server\160\DTS\Binn\;C:\Program Files\Microsoft SQL Server\170\DTS\Binn\;C:\Strawberry\c\bin;C:\Strawberry\perl\site\bin;C:\Strawberry\perl\bin;C:\ProgramData\chocolatey\lib\pulumi\tools\Pulumi\bin;C:\Program Files\CMake\bin;C:\ProgramData\chocolatey\lib\maven\apache-maven-3.9.16\bin;C:\Program Files\Microsoft Service Fabric\bin\Fabric\Fabric.Code;C:\Program Files\Microsoft SDKs\Service Fabric\Tools\ServiceFabricLocalClusterManager;C:\Program Files\nodejs\;C:\Program Files\Git\cmd;C:\Program Files\Git\mingw64\bin;C:\Program Files\Git\usr\bin;C:\Program Files\GitHub CLI\;c:\tools\php;C:\Program Files\Amazon\AWSCLIV2\;C:\Program Files\Amazon\SessionManagerPlugin\bin\;C:\Program Files\Amazon\AWSSAMCLI\bin\;C:\Program Files\Microsoft SQL Server\130\Tools\Binn\;C:\Program Files\mongosh\;C:\Program Files\LLVM\bin;C:\Program Files (x86)\LLVM\bin;C:\Users\runneradmin\.dotnet\tools;C:\Users\runneradmin\.cargo\bin;C:\Users\runneradmin\AppData\Local\Microsoft\WindowsApps
2026-08-03T23:44:18.3794959Z   VULKAN_SDK: C:\VulkanSDK\1.4.350.0
2026-08-03T23:44:18.3795193Z   VULKAN_VERSION: 1.4.350.0
2026-08-03T23:44:18.3795460Z ##[endgroup]
2026-08-03T23:44:18.5305011Z ##[group]Installed versions
2026-08-03T23:44:18.5501272Z Successfully set up CPython (3.12.10)
2026-08-03T23:44:18.5502072Z ##[endgroup]
2026-08-03T23:44:18.5606063Z ##[end-action id=__jurplel_install-qt-action.__actions_setup-python;outcome=success;conclusion=success;duration_ms=203]
2026-08-03T23:44:18.5608931Z ##[start-action display=Setup and run aqtinstall;id=__jurplel_install-qt-action.__jurplel_install-qt-action]
2026-08-03T23:44:18.5743751Z ##[group]Run jurplel/install-qt-action/action@v4
2026-08-03T23:44:18.5744048Z with:
2026-08-03T23:44:18.5744223Z   version: 6.10.3
2026-08-03T23:44:18.5744415Z   host: windows
2026-08-03T23:44:18.5744598Z   target: desktop
2026-08-03T23:44:18.5744788Z   arch: win64_msvc2022_64
2026-08-03T23:44:18.5745006Z   install-deps: true
2026-08-03T23:44:18.5745200Z   cache: true
2026-08-03T23:44:18.5745402Z   cache-key-prefix: install-qt-action
2026-08-03T23:44:18.5745666Z   add-tools-to-path: true
2026-08-03T23:44:18.5745898Z   set-env: true
2026-08-03T23:44:18.5746088Z   no-qt-binaries: false
2026-08-03T23:44:18.5746306Z   tools-only: false
2026-08-03T23:44:18.5746499Z   aqtversion: ==3.3.*
2026-08-03T23:44:18.5746699Z   py7zrversion: ==1.0.*
2026-08-03T23:44:18.5746899Z   source: false
2026-08-03T23:44:18.5747082Z   documentation: false
2026-08-03T23:44:18.5747286Z   examples: false
2026-08-03T23:44:18.5747474Z   use-official: false
2026-08-03T23:44:18.5747654Z env:
2026-08-03T23:44:18.5747820Z   CommandPromptType: Native
2026-08-03T23:44:18.5748173Z   DevEnvDir: C:\Program Files\Microsoft Visual Studio\2022\Enterprise\Common7\IDE\
2026-08-03T23:44:18.5748714Z   ExtensionSdkDir: C:\Program Files (x86)\Microsoft SDKs\Windows Kits\10\ExtensionSDKs
2026-08-03T23:44:18.5751102Z   EXTERNAL_INCLUDE: C:\Program Files\Microsoft Visual Studio\2022\Enterprise\VC\Tools\MSVC\14.44.35207\include;C:\Program Files\Microsoft Visual Studio\2022\Enterprise\VC\Tools\MSVC\14.44.35207\ATLMFC\include;C:\Program Files\Microsoft Visual Studio\2022\Enterprise\VC\Auxiliary\VS\include;C:\Program Files (x86)\Windows Kits\10\include\10.0.26100.0\ucrt;C:\Program Files (x86)\Windows Kits\10\\include\10.0.26100.0\\um;C:\Program Files (x86)\Windows Kits\10\\include\10.0.26100.0\\shared;C:\Program Files (x86)\Windows Kits\10\\include\10.0.26100.0\\winrt;C:\Program Files (x86)\Windows Kits\10\\include\10.0.26100.0\\cppwinrt;C:\Program Files (x86)\Windows Kits\NETFXSDK\4.8\include\um
2026-08-03T23:44:18.5753495Z   Framework40Version: v4.0
2026-08-03T23:44:18.5753760Z   FrameworkDir: C:\Windows\Microsoft.NET\Framework64\
2026-08-03T23:44:18.5754104Z   FrameworkDir64: C:\Windows\Microsoft.NET\Framework64\
2026-08-03T23:44:18.5754399Z   FrameworkVersion: v4.0.30319
2026-08-03T23:44:18.5754627Z   FrameworkVersion64: v4.0.30319
2026-08-03T23:44:18.5755149Z   FSHARPINSTALLDIR: C:\Program Files\Microsoft Visual Studio\2022\Enterprise\Common7\IDE\CommonExtensions\Microsoft\FSharp\Tools
2026-08-03T23:44:18.5755764Z   HTMLHelpDir: C:\Program Files (x86)\HTML Help Workshop
2026-08-03T23:44:18.5756264Z   IFCPATH: C:\Program Files\Microsoft Visual Studio\2022\Enterprise\VC\Tools\MSVC\14.44.35207\ifc\x64
2026-08-03T23:44:18.5758673Z   INCLUDE: C:\Program Files\Microsoft Visual Studio\2022\Enterprise\VC\Tools\MSVC\14.44.35207\include;C:\Program Files\Microsoft Visual Studio\2022\Enterprise\VC\Tools\MSVC\14.44.35207\ATLMFC\include;C:\Program Files\Microsoft Visual Studio\2022\Enterprise\VC\Auxiliary\VS\include;C:\Program Files (x86)\Windows Kits\10\include\10.0.26100.0\ucrt;C:\Program Files (x86)\Windows Kits\10\\include\10.0.26100.0\\um;C:\Program Files (x86)\Windows Kits\10\\include\10.0.26100.0\\shared;C:\Program Files (x86)\Windows Kits\10\\include\10.0.26100.0\\winrt;C:\Program Files (x86)\Windows Kits\10\\include\10.0.26100.0\\cppwinrt;C:\Program Files (x86)\Windows Kits\NETFXSDK\4.8\include\um
2026-08-03T23:44:18.5760850Z   is_x64_arch: true
2026-08-03T23:44:18.5762208Z   LIB: C:\Program Files\Microsoft Visual Studio\2022\Enterprise\VC\Tools\MSVC\14.44.35207\ATLMFC\lib\x64;C:\Program Files\Microsoft Visual Studio\2022\Enterprise\VC\Tools\MSVC\14.44.35207\lib\x64;C:\Program Files (x86)\Windows Kits\NETFXSDK\4.8\lib\um\x64;C:\Program Files (x86)\Windows Kits\10\lib\10.0.26100.0\ucrt\x64;C:\Program Files (x86)\Windows Kits\10\\lib\10.0.26100.0\\um\x64
2026-08-03T23:44:18.5764878Z   LIBPATH: C:\Program Files\Microsoft Visual Studio\2022\Enterprise\VC\Tools\MSVC\14.44.35207\ATLMFC\lib\x64;C:\Program Files\Microsoft Visual Studio\2022\Enterprise\VC\Tools\MSVC\14.44.35207\lib\x64;C:\Program Files\Microsoft Visual Studio\2022\Enterprise\VC\Tools\MSVC\14.44.35207\lib\x86\store\references;C:\Program Files (x86)\Windows Kits\10\UnionMetadata\10.0.26100.0;C:\Program Files (x86)\Windows Kits\10\References\10.0.26100.0;C:\Windows\Microsoft.NET\Framework64\v4.0.30319
2026-08-03T23:44:18.5766584Z   NETFXSDKDir: C:\Program Files (x86)\Windows Kits\NETFXSDK\4.8\
2026-08-03T23:44:18.5782131Z   Path: C:\Program Files\Microsoft Visual Studio\2022\Enterprise\VC\Tools\MSVC\14.44.35207\bin\HostX64\x64;C:\Program Files\Microsoft Visual Studio\2022\Enterprise\Common7\IDE\VC\VCPackages;C:\Program Files\Microsoft Visual Studio\2022\Enterprise\Common7\IDE\CommonExtensions\Microsoft\TestWindow;C:\Program Files\Microsoft Visual Studio\2022\Enterprise\Common7\IDE\CommonExtensions\Microsoft\TeamFoundation\Team Explorer;C:\Program Files\Microsoft Visual Studio\2022\Enterprise\MSBuild\Current\bin\Roslyn;C:\Program Files (x86)\Microsoft SDKs\Windows\v10.0A\bin\NETFX 4.8 Tools\x64\;C:\Program Files (x86)\HTML Help Workshop;C:\Program Files\Microsoft Visual Studio\2022\Enterprise\Common7\IDE\CommonExtensions\Microsoft\FSharp\Tools;C:\Program Files\Microsoft Visual Studio\2022\Enterprise\Team Tools\DiagnosticsHub\Collector;C:\Program Files\Microsoft Visual Studio\2022\Enterprise\Common7\IDE\Extensions\Microsoft\CodeCoverage.Console;C:\Program Files\Microsoft Visual Studio\2022\Enterprise\VC\Tools\Llvm\x64\bin;C:\Program Files (x86)\Windows Kits\10\bin\10.0.26100.0\\x64;C:\Program Files (x86)\Windows Kits\10\bin\\x64;C:\Program Files\Microsoft Visual Studio\2022\Enterprise\\MSBuild\Current\Bin\amd64;C:\Windows\Microsoft.NET\Framework64\v4.0.30319;C:\Program Files\Microsoft Visual Studio\2022\Enterprise\Common7\IDE\;C:\Program Files\Microsoft Visual Studio\2022\Enterprise\Common7\Tools\;C:\Program Files\MongoDB\Server\7.0\bin;C:\aliyun-cli;C:\vcpkg;C:\Program Files (x86)\NSIS\;C:\tools\zstd;C:\Program Files\Mercurial\;C:\hostedtoolcache\windows\stack\3.11.1\x64;C:\cabal\bin;C:\\ghcup\bin;C:\mingw64\bin;C:\Program Files\dotnet;C:\Program Files\MySQL\MySQL Server 8.0\bin;C:\Program Files\R\R-4.6.1\bin\x64;C:\SeleniumWebDrivers\GeckoDriver;C:\SeleniumWebDrivers\EdgeDriver\;C:\SeleniumWebDrivers\ChromeDriver;C:\Program Files (x86)\sbt\bin;C:\Program Files (x86)\GitHub CLI;C:\Program Files\Git\bin;C:\Program Files (x86)\pipx_bin;C:\npm\prefix;C:\hostedtoolcache\windows\go\1.24.13\x64\bin;C:\hostedtoolcache\windows\Python\3.12.10\x64\Scripts;C:\hostedtoolcache\windows\Python\3.12.10\x64;C:\hostedtoolcache\windows\Ruby\3.3.12\x64\bin;C:\Program Files\OpenSSL\bin;C:\tools\kotlinc\bin;C:\hostedtoolcache\windows\Java_Temurin-Hotspot_jdk\8.0.492-9\x64\bin;C:\Program Files\ImageMagick-7.1.2-Q16-HDRI;C:\Program Files\Microsoft SDKs\Azure\CLI2\wbin;C:\ProgramData\kind;C:\ProgramData\Chocolatey\bin;C:\Windows\system32;C:\Windows;C:\Windows\System32\Wbem;C:\Windows\System32\WindowsPowerShell\v1.0\;C:\Windows\System32\OpenSSH\;C:\Program Files\dotnet\;C:\Program Files\PowerShell\7\;C:\Program Files\Microsoft\Web Platform Installer\;C:\Program Files\TortoiseSVN\bin;C:\Program Files\Microsoft SQL Server\Client SDK\ODBC\170\Tools\Binn\;C:\Program Files\Microsoft SQL Server\150\Tools\Binn\;C:\Program Files (x86)\Windows Kits\10\Windows Performance Toolkit\;C:\Program Files (x86)\WiX Toolset v3.14\bin;C:\Program Files\Microsoft SQL Server\130\DTS\Binn\;C:\Program Files\Microsoft SQL Server\140\DTS\Binn\;C:\Program Files\Microsoft SQL Server\150\DTS\Binn\;C:\Program Files\Microsoft SQL Server\160\DTS\Binn\;C:\Program Files\Microsoft SQL Server\170\DTS\Binn\;C:\Strawberry\c\bin;C:\Strawberry\perl\site\bin;C:\Strawberry\perl\bin;C:\ProgramData\chocolatey\lib\pulumi\tools\Pulumi\bin;C:\Program Files\CMake\bin;C:\ProgramData\chocolatey\lib\maven\apache-maven-3.9.16\bin;C:\Program Files\Microsoft Service Fabric\bin\Fabric\Fabric.Code;C:\Program Files\Microsoft SDKs\Service Fabric\Tools\ServiceFabricLocalClusterManager;C:\Program Files\nodejs\;C:\Program Files\Git\cmd;C:\Program Files\Git\mingw64\bin;C:\Program Files\Git\usr\bin;C:\Program Files\GitHub CLI\;c:\tools\php;C:\Program Files\Amazon\AWSCLIV2\;C:\Program Files\Amazon\SessionManagerPlugin\bin\;C:\Program Files\Amazon\AWSSAMCLI\bin\;C:\Program Files\Microsoft SQL Server\130\Tools\Binn\;C:\Program Files\mongosh\;C:\Program Files\LLVM\bin;C:\Program Files (x86)\LLVM\bin;C:\Users\runneradmin\.dotnet\tools;C:\Users\runneradmin\.cargo\bin;C:\Users\runneradmin\AppData\Local\Microsoft\WindowsApps;C:\Program Files\Microsoft Visual Studio\2022\Enterprise\Common7\IDE\CommonExtensions\Microsoft\CMake\CMake\bin;C:\Program Files\Microsoft Visual Studio\2022\Enterprise\Common7\IDE\CommonExtensions\Microsoft\CMake\Ninja;C:\Program Files\Microsoft Visual Studio\2022\Enterprise\Common7\IDE\VC\Linux\bin\ConnectionManagerExe;C:\Program Files\Microsoft Visual Studio\2022\Enterprise\VC\vcpkg
2026-08-03T23:44:18.5797100Z   Platform: x64
2026-08-03T23:44:18.5797288Z   UCRTVersion: 10.0.26100.0
2026-08-03T23:44:18.5797579Z   UniversalCRTSdkDir: C:\Program Files (x86)\Windows Kits\10\
2026-08-03T23:44:18.5798071Z   VCIDEInstallDir: C:\Program Files\Microsoft Visual Studio\2022\Enterprise\Common7\IDE\VC\
2026-08-03T23:44:18.5798613Z   VCINSTALLDIR: C:\Program Files\Microsoft Visual Studio\2022\Enterprise\VC\
2026-08-03T23:44:18.5799093Z   VCPKG_ROOT: C:\Program Files\Microsoft Visual Studio\2022\Enterprise\VC\vcpkg
2026-08-03T23:44:18.5799661Z   VCToolsInstallDir: C:\Program Files\Microsoft Visual Studio\2022\Enterprise\VC\Tools\MSVC\14.44.35207\
2026-08-03T23:44:18.5800315Z   VCToolsRedistDir: C:\Program Files\Microsoft Visual Studio\2022\Enterprise\VC\Redist\MSVC\14.44.35112\
2026-08-03T23:44:18.5800844Z   VCToolsVersion: 14.44.35207
2026-08-03T23:44:18.5801076Z   VisualStudioVersion: 17.0
2026-08-03T23:44:18.5801439Z   VS170COMNTOOLS: C:\Program Files\Microsoft Visual Studio\2022\Enterprise\Common7\Tools\
2026-08-03T23:44:18.5801843Z   VSCMD_ARG_app_plat: Desktop
2026-08-03T23:44:18.5802061Z   VSCMD_ARG_HOST_ARCH: x64
2026-08-03T23:44:18.5802263Z   VSCMD_ARG_TGT_ARCH: x64
2026-08-03T23:44:18.5802456Z   VSCMD_VER: 17.14.37
2026-08-03T23:44:18.5802748Z   VSINSTALLDIR: C:\Program Files\Microsoft Visual Studio\2022\Enterprise\
2026-08-03T23:44:18.5803230Z   VSSDK150INSTALL: C:\Program Files\Microsoft Visual Studio\2022\Enterprise\VSSDK
2026-08-03T23:44:18.5803720Z   VSSDKINSTALL: C:\Program Files\Microsoft Visual Studio\2022\Enterprise\VSSDK
2026-08-03T23:44:18.5804412Z   WindowsLibPath: C:\Program Files (x86)\Windows Kits\10\UnionMetadata\10.0.26100.0;C:\Program Files (x86)\Windows Kits\10\References\10.0.26100.0
2026-08-03T23:44:18.5805060Z   WindowsSdkBinPath: C:\Program Files (x86)\Windows Kits\10\bin\
2026-08-03T23:44:18.5805442Z   WindowsSdkDir: C:\Program Files (x86)\Windows Kits\10\
2026-08-03T23:44:18.5805746Z   WindowsSDKLibVersion: 10.0.26100.0\
2026-08-03T23:44:18.5806103Z   WindowsSdkVerBinPath: C:\Program Files (x86)\Windows Kits\10\bin\10.0.26100.0\
2026-08-03T23:44:18.5806477Z   WindowsSDKVersion: 10.0.26100.0\
2026-08-03T23:44:18.5806924Z   WindowsSDK_ExecutablePath_x64: C:\Program Files (x86)\Microsoft SDKs\Windows\v10.0A\bin\NETFX 4.8 Tools\x64\
2026-08-03T23:44:18.5807589Z   WindowsSDK_ExecutablePath_x86: C:\Program Files (x86)\Microsoft SDKs\Windows\v10.0A\bin\NETFX 4.8 Tools\
2026-08-03T23:44:18.5808037Z   __DOTNET_ADD_64BIT: 1
2026-08-03T23:44:18.5808239Z   __DOTNET_PREFERRED_BITNESS: 64
2026-08-03T23:44:18.5817518Z   __VSCMD_PREINIT_PATH: C:\Program Files\MongoDB\Server\7.0\bin;C:\aliyun-cli;C:\vcpkg;C:\Program Files (x86)\NSIS\;C:\tools\zstd;C:\Program Files\Mercurial\;C:\hostedtoolcache\windows\stack\3.11.1\x64;C:\cabal\bin;C:\\ghcup\bin;C:\mingw64\bin;C:\Program Files\dotnet;C:\Program Files\MySQL\MySQL Server 8.0\bin;C:\Program Files\R\R-4.6.1\bin\x64;C:\SeleniumWebDrivers\GeckoDriver;C:\SeleniumWebDrivers\EdgeDriver\;C:\SeleniumWebDrivers\ChromeDriver;C:\Program Files (x86)\sbt\bin;C:\Program Files (x86)\GitHub CLI;C:\Program Files\Git\bin;C:\Program Files (x86)\pipx_bin;C:\npm\prefix;C:\hostedtoolcache\windows\go\1.24.13\x64\bin;C:\hostedtoolcache\windows\Python\3.12.10\x64\Scripts;C:\hostedtoolcache\windows\Python\3.12.10\x64;C:\hostedtoolcache\windows\Ruby\3.3.12\x64\bin;C:\Program Files\OpenSSL\bin;C:\tools\kotlinc\bin;C:\hostedtoolcache\windows\Java_Temurin-Hotspot_jdk\8.0.492-9\x64\bin;C:\Program Files\ImageMagick-7.1.2-Q16-HDRI;C:\Program Files\Microsoft SDKs\Azure\CLI2\wbin;C:\ProgramData\kind;C:\ProgramData\Chocolatey\bin;C:\Windows\system32;C:\Windows;C:\Windows\System32\Wbem;C:\Windows\System32\WindowsPowerShell\v1.0\;C:\Windows\System32\OpenSSH\;C:\Program Files\dotnet\;C:\Program Files\PowerShell\7\;C:\Program Files\Microsoft\Web Platform Installer\;C:\Program Files\TortoiseSVN\bin;C:\Program Files\Microsoft SQL Server\Client SDK\ODBC\170\Tools\Binn\;C:\Program Files\Microsoft SQL Server\150\Tools\Binn\;C:\Program Files (x86)\Windows Kits\10\Windows Performance Toolkit\;C:\Program Files (x86)\WiX Toolset v3.14\bin;C:\Program Files\Microsoft SQL Server\130\DTS\Binn\;C:\Program Files\Microsoft SQL Server\140\DTS\Binn\;C:\Program Files\Microsoft SQL Server\150\DTS\Binn\;C:\Program Files\Microsoft SQL Server\160\DTS\Binn\;C:\Program Files\Microsoft SQL Server\170\DTS\Binn\;C:\Strawberry\c\bin;C:\Strawberry\perl\site\bin;C:\Strawberry\perl\bin;C:\ProgramData\chocolatey\lib\pulumi\tools\Pulumi\bin;C:\Program Files\CMake\bin;C:\ProgramData\chocolatey\lib\maven\apache-maven-3.9.16\bin;C:\Program Files\Microsoft Service Fabric\bin\Fabric\Fabric.Code;C:\Program Files\Microsoft SDKs\Service Fabric\Tools\ServiceFabricLocalClusterManager;C:\Program Files\nodejs\;C:\Program Files\Git\cmd;C:\Program Files\Git\mingw64\bin;C:\Program Files\Git\usr\bin;C:\Program Files\GitHub CLI\;c:\tools\php;C:\Program Files\Amazon\AWSCLIV2\;C:\Program Files\Amazon\SessionManagerPlugin\bin\;C:\Program Files\Amazon\AWSSAMCLI\bin\;C:\Program Files\Microsoft SQL Server\130\Tools\Binn\;C:\Program Files\mongosh\;C:\Program Files\LLVM\bin;C:\Program Files (x86)\LLVM\bin;C:\Users\runneradmin\.dotnet\tools;C:\Users\runneradmin\.cargo\bin;C:\Users\runneradmin\AppData\Local\Microsoft\WindowsApps
2026-08-03T23:44:18.5826580Z   VULKAN_SDK: C:\VulkanSDK\1.4.350.0
2026-08-03T23:44:18.5826819Z   VULKAN_VERSION: 1.4.350.0
2026-08-03T23:44:18.5827109Z   pythonLocation: C:\hostedtoolcache\windows\Python\3.12.10\x64
2026-08-03T23:44:18.5827577Z   PKG_CONFIG_PATH: C:\hostedtoolcache\windows\Python\3.12.10\x64/lib/pkgconfig
2026-08-03T23:44:18.5828018Z   Python_ROOT_DIR: C:\hostedtoolcache\windows\Python\3.12.10\x64
2026-08-03T23:44:18.5828413Z   Python2_ROOT_DIR: C:\hostedtoolcache\windows\Python\3.12.10\x64
2026-08-03T23:44:18.5828809Z   Python3_ROOT_DIR: C:\hostedtoolcache\windows\Python\3.12.10\x64
2026-08-03T23:44:18.5829120Z ##[endgroup]
2026-08-03T23:44:19.1643130Z Cache hit for: install-qt-action-windows-10.0.20348-desktop-win64_msvc2022_64-6.10.3-D:\a\KytyPlus\Qt-==1.0.*-==3.3.*
2026-08-03T23:44:20.3086703Z Received 134217728 of 366474729 (36.6%), 127.7 MBs/sec
2026-08-03T23:44:21.3134649Z Received 327155712 of 366474729 (89.3%), 155.4 MBs/sec
2026-08-03T23:44:21.7299399Z Received 366474729 of 366474729 (100.0%), 144.2 MBs/sec
2026-08-03T23:44:21.7303857Z Cache Size: ~349 MB (366474729 B)
2026-08-03T23:44:21.7345280Z [command]"C:\Program Files\Git\usr\bin\tar.exe" -xf D:/a/_temp/0857a6ef-f497-4992-bc92-8f971f7b1aab/cache.tzst -P -C D:/a/KytyPlus/KytyPlus --force-local --use-compress-program "zstd -d"
2026-08-03T23:44:26.6570514Z Cache restored successfully
2026-08-03T23:44:26.6740513Z Automatic cache hit with key "install-qt-action-windows-10.0.20348-desktop-win64_msvc2022_64-6.10.3-D:\a\KytyPlus\Qt-==1.0.*-==3.3.*"
2026-08-03T23:44:26.7050367Z ##[end-action id=__jurplel_install-qt-action.__jurplel_install-qt-action;outcome=success;conclusion=success;duration_ms=8144]
2026-08-03T23:44:26.7169234Z ##[group]Run git --version
2026-08-03T23:44:26.7169578Z [36;1mgit --version[0m
2026-08-03T23:44:26.7169802Z [36;1mcmake --version[0m
2026-08-03T23:44:26.7170022Z [36;1mninja --version[0m
2026-08-03T23:44:26.7170239Z [36;1mclang-cl --version[0m
2026-08-03T23:44:26.7170490Z [36;1mglslangValidator --version[0m
2026-08-03T23:44:26.7170833Z [36;1mecho Qt6_DIR=%Qt6_DIR%[0m
2026-08-03T23:44:26.7192228Z shell: C:\Windows\system32\cmd.EXE /D /E:ON /V:OFF /S /C "CALL "{0}""
2026-08-03T23:44:26.7192590Z env:
2026-08-03T23:44:26.7192776Z   CommandPromptType: Native
2026-08-03T23:44:26.7193160Z   DevEnvDir: C:\Program Files\Microsoft Visual Studio\2022\Enterprise\Common7\IDE\
2026-08-03T23:44:26.7193702Z   ExtensionSdkDir: C:\Program Files (x86)\Microsoft SDKs\Windows Kits\10\ExtensionSDKs
2026-08-03T23:44:26.7196157Z   EXTERNAL_INCLUDE: C:\Program Files\Microsoft Visual Studio\2022\Enterprise\VC\Tools\MSVC\14.44.35207\include;C:\Program Files\Microsoft Visual Studio\2022\Enterprise\VC\Tools\MSVC\14.44.35207\ATLMFC\include;C:\Program Files\Microsoft Visual Studio\2022\Enterprise\VC\Auxiliary\VS\include;C:\Program Files (x86)\Windows Kits\10\include\10.0.26100.0\ucrt;C:\Program Files (x86)\Windows Kits\10\\include\10.0.26100.0\\um;C:\Program Files (x86)\Windows Kits\10\\include\10.0.26100.0\\shared;C:\Program Files (x86)\Windows Kits\10\\include\10.0.26100.0\\winrt;C:\Program Files (x86)\Windows Kits\10\\include\10.0.26100.0\\cppwinrt;C:\Program Files (x86)\Windows Kits\NETFXSDK\4.8\include\um
2026-08-03T23:44:26.7198508Z   Framework40Version: v4.0
2026-08-03T23:44:26.7198793Z   FrameworkDir: C:\Windows\Microsoft.NET\Framework64\
2026-08-03T23:44:26.7199146Z   FrameworkDir64: C:\Windows\Microsoft.NET\Framework64\
2026-08-03T23:44:26.7199453Z   FrameworkVersion: v4.0.30319
2026-08-03T23:44:26.7199681Z   FrameworkVersion64: v4.0.30319
2026-08-03T23:44:26.7200214Z   FSHARPINSTALLDIR: C:\Program Files\Microsoft Visual Studio\2022\Enterprise\Common7\IDE\CommonExtensions\Microsoft\FSharp\Tools
2026-08-03T23:44:26.7200980Z   HTMLHelpDir: C:\Program Files (x86)\HTML Help Workshop
2026-08-03T23:44:26.7201468Z   IFCPATH: C:\Program Files\Microsoft Visual Studio\2022\Enterprise\VC\Tools\MSVC\14.44.35207\ifc\x64
2026-08-03T23:44:26.7204202Z   INCLUDE: C:\Program Files\Microsoft Visual Studio\2022\Enterprise\VC\Tools\MSVC\14.44.35207\include;C:\Program Files\Microsoft Visual Studio\2022\Enterprise\VC\Tools\MSVC\14.44.35207\ATLMFC\include;C:\Program Files\Microsoft Visual Studio\2022\Enterprise\VC\Auxiliary\VS\include;C:\Program Files (x86)\Windows Kits\10\include\10.0.26100.0\ucrt;C:\Program Files (x86)\Windows Kits\10\\include\10.0.26100.0\\um;C:\Program Files (x86)\Windows Kits\10\\include\10.0.26100.0\\shared;C:\Program Files (x86)\Windows Kits\10\\include\10.0.26100.0\\winrt;C:\Program Files (x86)\Windows Kits\10\\include\10.0.26100.0\\cppwinrt;C:\Program Files (x86)\Windows Kits\NETFXSDK\4.8\include\um
2026-08-03T23:44:26.7206440Z   is_x64_arch: true
2026-08-03T23:44:26.7207691Z   LIB: C:\Program Files\Microsoft Visual Studio\2022\Enterprise\VC\Tools\MSVC\14.44.35207\ATLMFC\lib\x64;C:\Program Files\Microsoft Visual Studio\2022\Enterprise\VC\Tools\MSVC\14.44.35207\lib\x64;C:\Program Files (x86)\Windows Kits\NETFXSDK\4.8\lib\um\x64;C:\Program Files (x86)\Windows Kits\10\lib\10.0.26100.0\ucrt\x64;C:\Program Files (x86)\Windows Kits\10\\lib\10.0.26100.0\\um\x64
2026-08-03T23:44:26.7210375Z   LIBPATH: C:\Program Files\Microsoft Visual Studio\2022\Enterprise\VC\Tools\MSVC\14.44.35207\ATLMFC\lib\x64;C:\Program Files\Microsoft Visual Studio\2022\Enterprise\VC\Tools\MSVC\14.44.35207\lib\x64;C:\Program Files\Microsoft Visual Studio\2022\Enterprise\VC\Tools\MSVC\14.44.35207\lib\x86\store\references;C:\Program Files (x86)\Windows Kits\10\UnionMetadata\10.0.26100.0;C:\Program Files (x86)\Windows Kits\10\References\10.0.26100.0;C:\Windows\Microsoft.NET\Framework64\v4.0.30319
2026-08-03T23:44:26.7212144Z   NETFXSDKDir: C:\Program Files (x86)\Windows Kits\NETFXSDK\4.8\
2026-08-03T23:44:26.7229141Z   Path: C:\Program Files\Microsoft Visual Studio\2022\Enterprise\VC\Tools\MSVC\14.44.35207\bin\HostX64\x64;C:\Program Files\Microsoft Visual Studio\2022\Enterprise\Common7\IDE\VC\VCPackages;C:\Program Files\Microsoft Visual Studio\2022\Enterprise\Common7\IDE\CommonExtensions\Microsoft\TestWindow;C:\Program Files\Microsoft Visual Studio\2022\Enterprise\Common7\IDE\CommonExtensions\Microsoft\TeamFoundation\Team Explorer;C:\Program Files\Microsoft Visual Studio\2022\Enterprise\MSBuild\Current\bin\Roslyn;C:\Program Files (x86)\Microsoft SDKs\Windows\v10.0A\bin\NETFX 4.8 Tools\x64\;C:\Program Files (x86)\HTML Help Workshop;C:\Program Files\Microsoft Visual Studio\2022\Enterprise\Common7\IDE\CommonExtensions\Microsoft\FSharp\Tools;C:\Program Files\Microsoft Visual Studio\2022\Enterprise\Team Tools\DiagnosticsHub\Collector;C:\Program Files\Microsoft Visual Studio\2022\Enterprise\Common7\IDE\Extensions\Microsoft\CodeCoverage.Console;C:\Program Files\Microsoft Visual Studio\2022\Enterprise\VC\Tools\Llvm\x64\bin;C:\Program Files (x86)\Windows Kits\10\bin\10.0.26100.0\\x64;C:\Program Files (x86)\Windows Kits\10\bin\\x64;C:\Program Files\Microsoft Visual Studio\2022\Enterprise\\MSBuild\Current\Bin\amd64;C:\Windows\Microsoft.NET\Framework64\v4.0.30319;C:\Program Files\Microsoft Visual Studio\2022\Enterprise\Common7\IDE\;C:\Program Files\Microsoft Visual Studio\2022\Enterprise\Common7\Tools\;C:\Program Files\MongoDB\Server\7.0\bin;C:\aliyun-cli;C:\vcpkg;C:\Program Files (x86)\NSIS\;C:\tools\zstd;C:\Program Files\Mercurial\;C:\hostedtoolcache\windows\stack\3.11.1\x64;C:\cabal\bin;C:\\ghcup\bin;C:\mingw64\bin;C:\Program Files\dotnet;C:\Program Files\MySQL\MySQL Server 8.0\bin;C:\Program Files\R\R-4.6.1\bin\x64;C:\SeleniumWebDrivers\GeckoDriver;C:\SeleniumWebDrivers\EdgeDriver\;C:\SeleniumWebDrivers\ChromeDriver;C:\Program Files (x86)\sbt\bin;C:\Program Files (x86)\GitHub CLI;C:\Program Files\Git\bin;C:\Program Files (x86)\pipx_bin;C:\npm\prefix;C:\hostedtoolcache\windows\go\1.24.13\x64\bin;C:\hostedtoolcache\windows\Python\3.12.10\x64\Scripts;C:\hostedtoolcache\windows\Python\3.12.10\x64;C:\hostedtoolcache\windows\Ruby\3.3.12\x64\bin;C:\Program Files\OpenSSL\bin;C:\tools\kotlinc\bin;C:\hostedtoolcache\windows\Java_Temurin-Hotspot_jdk\8.0.492-9\x64\bin;C:\Program Files\ImageMagick-7.1.2-Q16-HDRI;C:\Program Files\Microsoft SDKs\Azure\CLI2\wbin;C:\ProgramData\kind;C:\ProgramData\Chocolatey\bin;C:\Windows\system32;C:\Windows;C:\Windows\System32\Wbem;C:\Windows\System32\WindowsPowerShell\v1.0\;C:\Windows\System32\OpenSSH\;C:\Program Files\dotnet\;C:\Program Files\PowerShell\7\;C:\Program Files\Microsoft\Web Platform Installer\;C:\Program Files\TortoiseSVN\bin;C:\Program Files\Microsoft SQL Server\Client SDK\ODBC\170\Tools\Binn\;C:\Program Files\Microsoft SQL Server\150\Tools\Binn\;C:\Program Files (x86)\Windows Kits\10\Windows Performance Toolkit\;C:\Program Files (x86)\WiX Toolset v3.14\bin;C:\Program Files\Microsoft SQL Server\130\DTS\Binn\;C:\Program Files\Microsoft SQL Server\140\DTS\Binn\;C:\Program Files\Microsoft SQL Server\150\DTS\Binn\;C:\Program Files\Microsoft SQL Server\160\DTS\Binn\;C:\Program Files\Microsoft SQL Server\170\DTS\Binn\;C:\Strawberry\c\bin;C:\Strawberry\perl\site\bin;C:\Strawberry\perl\bin;C:\ProgramData\chocolatey\lib\pulumi\tools\Pulumi\bin;C:\Program Files\CMake\bin;C:\ProgramData\chocolatey\lib\maven\apache-maven-3.9.16\bin;C:\Program Files\Microsoft Service Fabric\bin\Fabric\Fabric.Code;C:\Program Files\Microsoft SDKs\Service Fabric\Tools\ServiceFabricLocalClusterManager;C:\Program Files\nodejs\;C:\Program Files\Git\cmd;C:\Program Files\Git\mingw64\bin;C:\Program Files\Git\usr\bin;C:\Program Files\GitHub CLI\;c:\tools\php;C:\Program Files\Amazon\AWSCLIV2\;C:\Program Files\Amazon\SessionManagerPlugin\bin\;C:\Program Files\Amazon\AWSSAMCLI\bin\;C:\Program Files\Microsoft SQL Server\130\Tools\Binn\;C:\Program Files\mongosh\;C:\Program Files\LLVM\bin;C:\Program Files (x86)\LLVM\bin;C:\Users\runneradmin\.dotnet\tools;C:\Users\runneradmin\.cargo\bin;C:\Users\runneradmin\AppData\Local\Microsoft\WindowsApps;C:\Program Files\Microsoft Visual Studio\2022\Enterprise\Common7\IDE\CommonExtensions\Microsoft\CMake\CMake\bin;C:\Program Files\Microsoft Visual Studio\2022\Enterprise\Common7\IDE\CommonExtensions\Microsoft\CMake\Ninja;C:\Program Files\Microsoft Visual Studio\2022\Enterprise\Common7\IDE\VC\Linux\bin\ConnectionManagerExe;C:\Program Files\Microsoft Visual Studio\2022\Enterprise\VC\vcpkg
2026-08-03T23:44:26.7244204Z   Platform: x64
2026-08-03T23:44:26.7244398Z   UCRTVersion: 10.0.26100.0
2026-08-03T23:44:26.7244694Z   UniversalCRTSdkDir: C:\Program Files (x86)\Windows Kits\10\
2026-08-03T23:44:26.7245199Z   VCIDEInstallDir: C:\Program Files\Microsoft Visual Studio\2022\Enterprise\Common7\IDE\VC\
2026-08-03T23:44:26.7245738Z   VCINSTALLDIR: C:\Program Files\Microsoft Visual Studio\2022\Enterprise\VC\
2026-08-03T23:44:26.7246228Z   VCPKG_ROOT: C:\Program Files\Microsoft Visual Studio\2022\Enterprise\VC\vcpkg
2026-08-03T23:44:26.7246828Z   VCToolsInstallDir: C:\Program Files\Microsoft Visual Studio\2022\Enterprise\VC\Tools\MSVC\14.44.35207\
2026-08-03T23:44:26.7247495Z   VCToolsRedistDir: C:\Program Files\Microsoft Visual Studio\2022\Enterprise\VC\Redist\MSVC\14.44.35112\
2026-08-03T23:44:26.7247954Z   VCToolsVersion: 14.44.35207
2026-08-03T23:44:26.7248191Z   VisualStudioVersion: 17.0
2026-08-03T23:44:26.7248563Z   VS170COMNTOOLS: C:\Program Files\Microsoft Visual Studio\2022\Enterprise\Common7\Tools\
2026-08-03T23:44:26.7248978Z   VSCMD_ARG_app_plat: Desktop
2026-08-03T23:44:26.7249205Z   VSCMD_ARG_HOST_ARCH: x64
2026-08-03T23:44:26.7249412Z   VSCMD_ARG_TGT_ARCH: x64
2026-08-03T23:44:26.7249809Z   VSCMD_VER: 17.14.37
2026-08-03T23:44:26.7250230Z   VSINSTALLDIR: C:\Program Files\Microsoft Visual Studio\2022\Enterprise\
2026-08-03T23:44:26.7250728Z   VSSDK150INSTALL: C:\Program Files\Microsoft Visual Studio\2022\Enterprise\VSSDK
2026-08-03T23:44:26.7251222Z   VSSDKINSTALL: C:\Program Files\Microsoft Visual Studio\2022\Enterprise\VSSDK
2026-08-03T23:44:26.7252053Z   WindowsLibPath: C:\Program Files (x86)\Windows Kits\10\UnionMetadata\10.0.26100.0;C:\Program Files (x86)\Windows Kits\10\References\10.0.26100.0
2026-08-03T23:44:26.7252717Z   WindowsSdkBinPath: C:\Program Files (x86)\Windows Kits\10\bin\
2026-08-03T23:44:26.7253099Z   WindowsSdkDir: C:\Program Files (x86)\Windows Kits\10\
2026-08-03T23:44:26.7253405Z   WindowsSDKLibVersion: 10.0.26100.0\
2026-08-03T23:44:26.7253777Z   WindowsSdkVerBinPath: C:\Program Files (x86)\Windows Kits\10\bin\10.0.26100.0\
2026-08-03T23:44:26.7254159Z   WindowsSDKVersion: 10.0.26100.0\
2026-08-03T23:44:26.7254607Z   WindowsSDK_ExecutablePath_x64: C:\Program Files (x86)\Microsoft SDKs\Windows\v10.0A\bin\NETFX 4.8 Tools\x64\
2026-08-03T23:44:26.7255290Z   WindowsSDK_ExecutablePath_x86: C:\Program Files (x86)\Microsoft SDKs\Windows\v10.0A\bin\NETFX 4.8 Tools\
2026-08-03T23:44:26.7255743Z   __DOTNET_ADD_64BIT: 1
2026-08-03T23:44:26.7255950Z   __DOTNET_PREFERRED_BITNESS: 64
2026-08-03T23:44:26.7265005Z   __VSCMD_PREINIT_PATH: C:\Program Files\MongoDB\Server\7.0\bin;C:\aliyun-cli;C:\vcpkg;C:\Program Files (x86)\NSIS\;C:\tools\zstd;C:\Program Files\Mercurial\;C:\hostedtoolcache\windows\stack\3.11.1\x64;C:\cabal\bin;C:\\ghcup\bin;C:\mingw64\bin;C:\Program Files\dotnet;C:\Program Files\MySQL\MySQL Server 8.0\bin;C:\Program Files\R\R-4.6.1\bin\x64;C:\SeleniumWebDrivers\GeckoDriver;C:\SeleniumWebDrivers\EdgeDriver\;C:\SeleniumWebDrivers\ChromeDriver;C:\Program Files (x86)\sbt\bin;C:\Program Files (x86)\GitHub CLI;C:\Program Files\Git\bin;C:\Program Files (x86)\pipx_bin;C:\npm\prefix;C:\hostedtoolcache\windows\go\1.24.13\x64\bin;C:\hostedtoolcache\windows\Python\3.12.10\x64\Scripts;C:\hostedtoolcache\windows\Python\3.12.10\x64;C:\hostedtoolcache\windows\Ruby\3.3.12\x64\bin;C:\Program Files\OpenSSL\bin;C:\tools\kotlinc\bin;C:\hostedtoolcache\windows\Java_Temurin-Hotspot_jdk\8.0.492-9\x64\bin;C:\Program Files\ImageMagick-7.1.2-Q16-HDRI;C:\Program Files\Microsoft SDKs\Azure\CLI2\wbin;C:\ProgramData\kind;C:\ProgramData\Chocolatey\bin;C:\Windows\system32;C:\Windows;C:\Windows\System32\Wbem;C:\Windows\System32\WindowsPowerShell\v1.0\;C:\Windows\System32\OpenSSH\;C:\Program Files\dotnet\;C:\Program Files\PowerShell\7\;C:\Program Files\Microsoft\Web Platform Installer\;C:\Program Files\TortoiseSVN\bin;C:\Program Files\Microsoft SQL Server\Client SDK\ODBC\170\Tools\Binn\;C:\Program Files\Microsoft SQL Server\150\Tools\Binn\;C:\Program Files (x86)\Windows Kits\10\Windows Performance Toolkit\;C:\Program Files (x86)\WiX Toolset v3.14\bin;C:\Program Files\Microsoft SQL Server\130\DTS\Binn\;C:\Program Files\Microsoft SQL Server\140\DTS\Binn\;C:\Program Files\Microsoft SQL Server\150\DTS\Binn\;C:\Program Files\Microsoft SQL Server\160\DTS\Binn\;C:\Program Files\Microsoft SQL Server\170\DTS\Binn\;C:\Strawberry\c\bin;C:\Strawberry\perl\site\bin;C:\Strawberry\perl\bin;C:\ProgramData\chocolatey\lib\pulumi\tools\Pulumi\bin;C:\Program Files\CMake\bin;C:\ProgramData\chocolatey\lib\maven\apache-maven-3.9.16\bin;C:\Program Files\Microsoft Service Fabric\bin\Fabric\Fabric.Code;C:\Program Files\Microsoft SDKs\Service Fabric\Tools\ServiceFabricLocalClusterManager;C:\Program Files\nodejs\;C:\Program Files\Git\cmd;C:\Program Files\Git\mingw64\bin;C:\Program Files\Git\usr\bin;C:\Program Files\GitHub CLI\;c:\tools\php;C:\Program Files\Amazon\AWSCLIV2\;C:\Program Files\Amazon\SessionManagerPlugin\bin\;C:\Program Files\Amazon\AWSSAMCLI\bin\;C:\Program Files\Microsoft SQL Server\130\Tools\Binn\;C:\Program Files\mongosh\;C:\Program Files\LLVM\bin;C:\Program Files (x86)\LLVM\bin;C:\Users\runneradmin\.dotnet\tools;C:\Users\runneradmin\.cargo\bin;C:\Users\runneradmin\AppData\Local\Microsoft\WindowsApps
2026-08-03T23:44:26.7274100Z   VULKAN_SDK: C:\VulkanSDK\1.4.350.0
2026-08-03T23:44:26.7274337Z   VULKAN_VERSION: 1.4.350.0
2026-08-03T23:44:26.7274630Z   pythonLocation: C:\hostedtoolcache\windows\Python\3.12.10\x64
2026-08-03T23:44:26.7275084Z   PKG_CONFIG_PATH: C:\hostedtoolcache\windows\Python\3.12.10\x64/lib/pkgconfig
2026-08-03T23:44:26.7275595Z   Python_ROOT_DIR: C:\hostedtoolcache\windows\Python\3.12.10\x64
2026-08-03T23:44:26.7275990Z   Python2_ROOT_DIR: C:\hostedtoolcache\windows\Python\3.12.10\x64
2026-08-03T23:44:26.7276389Z   Python3_ROOT_DIR: C:\hostedtoolcache\windows\Python\3.12.10\x64
2026-08-03T23:44:26.7276738Z   QT_ROOT_DIR: D:\a\KytyPlus\Qt\6.10.3\msvc2022_64
2026-08-03T23:44:26.7277070Z   QT_PLUGIN_PATH: D:\a\KytyPlus\Qt\6.10.3\msvc2022_64\plugins
2026-08-03T23:44:26.7277430Z   QML2_IMPORT_PATH: D:\a\KytyPlus\Qt\6.10.3\msvc2022_64\qml
2026-08-03T23:44:26.7277724Z ##[endgroup]
2026-08-03T23:44:26.7593537Z git version 2.55.0.windows.3
2026-08-03T23:44:30.9351916Z cmake version 3.31.6
2026-08-03T23:44:30.9352222Z 
2026-08-03T23:44:30.9352479Z CMake suite maintained and supported by Kitware (kitware.com/cmake).
2026-08-03T23:44:31.4527501Z 1.13.2
2026-08-03T23:44:36.6800087Z clang version 19.1.5
2026-08-03T23:44:36.6800490Z Target: x86_64-pc-windows-msvc
2026-08-03T23:44:36.6800862Z Thread model: posix
2026-08-03T23:44:36.6801497Z InstalledDir: C:\Program Files\Microsoft Visual Studio\2022\Enterprise\VC\Tools\Llvm\x64\bin
2026-08-03T23:44:37.6269155Z Glslang Version: 11:16.2.0
2026-08-03T23:44:37.6269858Z ESSL Version: OpenGL ES GLSL 3.20 glslang Khronos. 16.2.0
2026-08-03T23:44:37.6270483Z GLSL Version: 4.60 glslang Khronos. 16.2.0
2026-08-03T23:44:37.6271030Z SPIR-V Version 0x00010600, Revision 1
2026-08-03T23:44:37.6271518Z GLSL.std.450 Version 100, Revision 1
2026-08-03T23:44:37.6271974Z Khronos Tool ID 8
2026-08-03T23:44:37.6272365Z SPIR-V Generator Version 11
2026-08-03T23:44:37.6272827Z GL_KHR_vulkan_glsl version 100
2026-08-03T23:44:37.6273247Z ARB_GL_gl_spirv version 100
2026-08-03T23:44:37.6287124Z Qt6_DIR=
2026-08-03T23:44:37.6418235Z ##[group]Run cmake -S src -B _Build/windows `
2026-08-03T23:44:37.6418675Z [36;1mcmake -S src -B _Build/windows `[0m
2026-08-03T23:44:37.6418990Z [36;1m  -G Ninja `[0m
2026-08-03T23:44:37.6419216Z [36;1m  -DCMAKE_BUILD_TYPE=Release `[0m
2026-08-03T23:44:37.6419529Z [36;1m  -DCMAKE_C_COMPILER=clang-cl `[0m
2026-08-03T23:44:37.6419815Z [36;1m  -DCMAKE_CXX_COMPILER=clang-cl `[0m
2026-08-03T23:44:37.6420205Z [36;1m  "-DCMAKE_PREFIX_PATH=$env:Qt6_DIR" 2>&1 | Tee-Object configure.log[0m
2026-08-03T23:44:37.6420585Z [36;1m$code = $LASTEXITCODE[0m
2026-08-03T23:44:37.6420826Z [36;1mif ($code -ne 0) {[0m
2026-08-03T23:44:37.6421197Z [36;1m  # Surface the failure in the run summary so it is visible without log access.[0m
2026-08-03T23:44:37.6421756Z [36;1m  "### Configure failed (exit $code)" | Out-File $env:GITHUB_STEP_SUMMARY -Append[0m
2026-08-03T23:44:37.6422241Z [36;1m  '```' | Out-File $env:GITHUB_STEP_SUMMARY -Append[0m
2026-08-03T23:44:37.6422735Z [36;1m  Get-Content configure.log -Tail 150 | Out-File $env:GITHUB_STEP_SUMMARY -Append[0m
2026-08-03T23:44:37.6423197Z [36;1m  '```' | Out-File $env:GITHUB_STEP_SUMMARY -Append[0m
2026-08-03T23:44:37.6423605Z [36;1m  foreach ($f in @('CMakeError.log', 'CMakeConfigureLog.yaml')) {[0m
2026-08-03T23:44:37.6424004Z [36;1m    $p = "_Build/windows/CMakeFiles/$f"[0m
2026-08-03T23:44:37.6424311Z [36;1m    if (Test-Path $p) {[0m
2026-08-03T23:44:37.6424640Z [36;1m      "### $f (tail)" | Out-File $env:GITHUB_STEP_SUMMARY -Append[0m
2026-08-03T23:44:37.6425049Z [36;1m      '```' | Out-File $env:GITHUB_STEP_SUMMARY -Append[0m
2026-08-03T23:44:37.6425482Z [36;1m      Get-Content $p -Tail 100 | Out-File $env:GITHUB_STEP_SUMMARY -Append[0m
2026-08-03T23:44:37.6425913Z [36;1m      '```' | Out-File $env:GITHUB_STEP_SUMMARY -Append[0m
2026-08-03T23:44:37.6426212Z [36;1m    }[0m
2026-08-03T23:44:37.6426392Z [36;1m  }[0m
2026-08-03T23:44:37.6426560Z [36;1m}[0m
2026-08-03T23:44:37.6426733Z [36;1mexit $code[0m
2026-08-03T23:44:37.6463139Z shell: C:\Program Files\PowerShell\7\pwsh.EXE -command ". '{0}'"
2026-08-03T23:44:37.6463487Z env:
2026-08-03T23:44:37.6463685Z   CommandPromptType: Native
2026-08-03T23:44:37.6464060Z   DevEnvDir: C:\Program Files\Microsoft Visual Studio\2022\Enterprise\Common7\IDE\
2026-08-03T23:44:37.6464760Z   ExtensionSdkDir: C:\Program Files (x86)\Microsoft SDKs\Windows Kits\10\ExtensionSDKs
2026-08-03T23:44:37.6467201Z   EXTERNAL_INCLUDE: C:\Program Files\Microsoft Visual Studio\2022\Enterprise\VC\Tools\MSVC\14.44.35207\include;C:\Program Files\Microsoft Visual Studio\2022\Enterprise\VC\Tools\MSVC\14.44.35207\ATLMFC\include;C:\Program Files\Microsoft Visual Studio\2022\Enterprise\VC\Auxiliary\VS\include;C:\Program Files (x86)\Windows Kits\10\include\10.0.26100.0\ucrt;C:\Program Files (x86)\Windows Kits\10\\include\10.0.26100.0\\um;C:\Program Files (x86)\Windows Kits\10\\include\10.0.26100.0\\shared;C:\Program Files (x86)\Windows Kits\10\\include\10.0.26100.0\\winrt;C:\Program Files (x86)\Windows Kits\10\\include\10.0.26100.0\\cppwinrt;C:\Program Files (x86)\Windows Kits\NETFXSDK\4.8\include\um
2026-08-03T23:44:37.6469478Z   Framework40Version: v4.0
2026-08-03T23:44:37.6469750Z   FrameworkDir: C:\Windows\Microsoft.NET\Framework64\
2026-08-03T23:44:37.6470107Z   FrameworkDir64: C:\Windows\Microsoft.NET\Framework64\
2026-08-03T23:44:37.6470405Z   FrameworkVersion: v4.0.30319
2026-08-03T23:44:37.6470638Z   FrameworkVersion64: v4.0.30319
2026-08-03T23:44:37.6471181Z   FSHARPINSTALLDIR: C:\Program Files\Microsoft Visual Studio\2022\Enterprise\Common7\IDE\CommonExtensions\Microsoft\FSharp\Tools
2026-08-03T23:44:37.6471792Z   HTMLHelpDir: C:\Program Files (x86)\HTML Help Workshop
2026-08-03T23:44:37.6472281Z   IFCPATH: C:\Program Files\Microsoft Visual Studio\2022\Enterprise\VC\Tools\MSVC\14.44.35207\ifc\x64
2026-08-03T23:44:37.6476257Z   INCLUDE: C:\Program Files\Microsoft Visual Studio\2022\Enterprise\VC\Tools\MSVC\14.44.35207\include;C:\Program Files\Microsoft Visual Studio\2022\Enterprise\VC\Tools\MSVC\14.44.35207\ATLMFC\include;C:\Program Files\Microsoft Visual Studio\2022\Enterprise\VC\Auxiliary\VS\include;C:\Program Files (x86)\Windows Kits\10\include\10.0.26100.0\ucrt;C:\Program Files (x86)\Windows Kits\10\\include\10.0.26100.0\\um;C:\Program Files (x86)\Windows Kits\10\\include\10.0.26100.0\\shared;C:\Program Files (x86)\Windows Kits\10\\include\10.0.26100.0\\winrt;C:\Program Files (x86)\Windows Kits\10\\include\10.0.26100.0\\cppwinrt;C:\Program Files (x86)\Windows Kits\NETFXSDK\4.8\include\um
2026-08-03T23:44:37.6478550Z   is_x64_arch: true
2026-08-03T23:44:37.6479813Z   LIB: C:\Program Files\Microsoft Visual Studio\2022\Enterprise\VC\Tools\MSVC\14.44.35207\ATLMFC\lib\x64;C:\Program Files\Microsoft Visual Studio\2022\Enterprise\VC\Tools\MSVC\14.44.35207\lib\x64;C:\Program Files (x86)\Windows Kits\NETFXSDK\4.8\lib\um\x64;C:\Program Files (x86)\Windows Kits\10\lib\10.0.26100.0\ucrt\x64;C:\Program Files (x86)\Windows Kits\10\\lib\10.0.26100.0\\um\x64
2026-08-03T23:44:37.6482503Z   LIBPATH: C:\Program Files\Microsoft Visual Studio\2022\Enterprise\VC\Tools\MSVC\14.44.35207\ATLMFC\lib\x64;C:\Program Files\Microsoft Visual Studio\2022\Enterprise\VC\Tools\MSVC\14.44.35207\lib\x64;C:\Program Files\Microsoft Visual Studio\2022\Enterprise\VC\Tools\MSVC\14.44.35207\lib\x86\store\references;C:\Program Files (x86)\Windows Kits\10\UnionMetadata\10.0.26100.0;C:\Program Files (x86)\Windows Kits\10\References\10.0.26100.0;C:\Windows\Microsoft.NET\Framework64\v4.0.30319
2026-08-03T23:44:37.6484236Z   NETFXSDKDir: C:\Program Files (x86)\Windows Kits\NETFXSDK\4.8\
2026-08-03T23:44:37.6499591Z   Path: C:\Program Files\Microsoft Visual Studio\2022\Enterprise\VC\Tools\MSVC\14.44.35207\bin\HostX64\x64;C:\Program Files\Microsoft Visual Studio\2022\Enterprise\Common7\IDE\VC\VCPackages;C:\Program Files\Microsoft Visual Studio\2022\Enterprise\Common7\IDE\CommonExtensions\Microsoft\TestWindow;C:\Program Files\Microsoft Visual Studio\2022\Enterprise\Common7\IDE\CommonExtensions\Microsoft\TeamFoundation\Team Explorer;C:\Program Files\Microsoft Visual Studio\2022\Enterprise\MSBuild\Current\bin\Roslyn;C:\Program Files (x86)\Microsoft SDKs\Windows\v10.0A\bin\NETFX 4.8 Tools\x64\;C:\Program Files (x86)\HTML Help Workshop;C:\Program Files\Microsoft Visual Studio\2022\Enterprise\Common7\IDE\CommonExtensions\Microsoft\FSharp\Tools;C:\Program Files\Microsoft Visual Studio\2022\Enterprise\Team Tools\DiagnosticsHub\Collector;C:\Program Files\Microsoft Visual Studio\2022\Enterprise\Common7\IDE\Extensions\Microsoft\CodeCoverage.Console;C:\Program Files\Microsoft Visual Studio\2022\Enterprise\VC\Tools\Llvm\x64\bin;C:\Program Files (x86)\Windows Kits\10\bin\10.0.26100.0\\x64;C:\Program Files (x86)\Windows Kits\10\bin\\x64;C:\Program Files\Microsoft Visual Studio\2022\Enterprise\\MSBuild\Current\Bin\amd64;C:\Windows\Microsoft.NET\Framework64\v4.0.30319;C:\Program Files\Microsoft Visual Studio\2022\Enterprise\Common7\IDE\;C:\Program Files\Microsoft Visual Studio\2022\Enterprise\Common7\Tools\;C:\Program Files\MongoDB\Server\7.0\bin;C:\aliyun-cli;C:\vcpkg;C:\Program Files (x86)\NSIS\;C:\tools\zstd;C:\Program Files\Mercurial\;C:\hostedtoolcache\windows\stack\3.11.1\x64;C:\cabal\bin;C:\\ghcup\bin;C:\mingw64\bin;C:\Program Files\dotnet;C:\Program Files\MySQL\MySQL Server 8.0\bin;C:\Program Files\R\R-4.6.1\bin\x64;C:\SeleniumWebDrivers\GeckoDriver;C:\SeleniumWebDrivers\EdgeDriver\;C:\SeleniumWebDrivers\ChromeDriver;C:\Program Files (x86)\sbt\bin;C:\Program Files (x86)\GitHub CLI;C:\Program Files\Git\bin;C:\Program Files (x86)\pipx_bin;C:\npm\prefix;C:\hostedtoolcache\windows\go\1.24.13\x64\bin;C:\hostedtoolcache\windows\Python\3.12.10\x64\Scripts;C:\hostedtoolcache\windows\Python\3.12.10\x64;C:\hostedtoolcache\windows\Ruby\3.3.12\x64\bin;C:\Program Files\OpenSSL\bin;C:\tools\kotlinc\bin;C:\hostedtoolcache\windows\Java_Temurin-Hotspot_jdk\8.0.492-9\x64\bin;C:\Program Files\ImageMagick-7.1.2-Q16-HDRI;C:\Program Files\Microsoft SDKs\Azure\CLI2\wbin;C:\ProgramData\kind;C:\ProgramData\Chocolatey\bin;C:\Windows\system32;C:\Windows;C:\Windows\System32\Wbem;C:\Windows\System32\WindowsPowerShell\v1.0\;C:\Windows\System32\OpenSSH\;C:\Program Files\dotnet\;C:\Program Files\PowerShell\7\;C:\Program Files\Microsoft\Web Platform Installer\;C:\Program Files\TortoiseSVN\bin;C:\Program Files\Microsoft SQL Server\Client SDK\ODBC\170\Tools\Binn\;C:\Program Files\Microsoft SQL Server\150\Tools\Binn\;C:\Program Files (x86)\Windows Kits\10\Windows Performance Toolkit\;C:\Program Files (x86)\WiX Toolset v3.14\bin;C:\Program Files\Microsoft SQL Server\130\DTS\Binn\;C:\Program Files\Microsoft SQL Server\140\DTS\Binn\;C:\Program Files\Microsoft SQL Server\150\DTS\Binn\;C:\Program Files\Microsoft SQL Server\160\DTS\Binn\;C:\Program Files\Microsoft SQL Server\170\DTS\Binn\;C:\Strawberry\c\bin;C:\Strawberry\perl\site\bin;C:\Strawberry\perl\bin;C:\ProgramData\chocolatey\lib\pulumi\tools\Pulumi\bin;C:\Program Files\CMake\bin;C:\ProgramData\chocolatey\lib\maven\apache-maven-3.9.16\bin;C:\Program Files\Microsoft Service Fabric\bin\Fabric\Fabric.Code;C:\Program Files\Microsoft SDKs\Service Fabric\Tools\ServiceFabricLocalClusterManager;C:\Program Files\nodejs\;C:\Program Files\Git\cmd;C:\Program Files\Git\mingw64\bin;C:\Program Files\Git\usr\bin;C:\Program Files\GitHub CLI\;c:\tools\php;C:\Program Files\Amazon\AWSCLIV2\;C:\Program Files\Amazon\SessionManagerPlugin\bin\;C:\Program Files\Amazon\AWSSAMCLI\bin\;C:\Program Files\Microsoft SQL Server\130\Tools\Binn\;C:\Program Files\mongosh\;C:\Program Files\LLVM\bin;C:\Program Files (x86)\LLVM\bin;C:\Users\runneradmin\.dotnet\tools;C:\Users\runneradmin\.cargo\bin;C:\Users\runneradmin\AppData\Local\Microsoft\WindowsApps;C:\Program Files\Microsoft Visual Studio\2022\Enterprise\Common7\IDE\CommonExtensions\Microsoft\CMake\CMake\bin;C:\Program Files\Microsoft Visual Studio\2022\Enterprise\Common7\IDE\CommonExtensions\Microsoft\CMake\Ninja;C:\Program Files\Microsoft Visual Studio\2022\Enterprise\Common7\IDE\VC\Linux\bin\ConnectionManagerExe;C:\Program Files\Microsoft Visual Studio\2022\Enterprise\VC\vcpkg
2026-08-03T23:44:37.6514525Z   Platform: x64
2026-08-03T23:44:37.6514724Z   UCRTVersion: 10.0.26100.0
2026-08-03T23:44:37.6515037Z   UniversalCRTSdkDir: C:\Program Files (x86)\Windows Kits\10\
2026-08-03T23:44:37.6515537Z   VCIDEInstallDir: C:\Program Files\Microsoft Visual Studio\2022\Enterprise\Common7\IDE\VC\
2026-08-03T23:44:37.6516149Z   VCINSTALLDIR: C:\Program Files\Microsoft Visual Studio\2022\Enterprise\VC\
2026-08-03T23:44:37.6516639Z   VCPKG_ROOT: C:\Program Files\Microsoft Visual Studio\2022\Enterprise\VC\vcpkg
2026-08-03T23:44:37.6517223Z   VCToolsInstallDir: C:\Program Files\Microsoft Visual Studio\2022\Enterprise\VC\Tools\MSVC\14.44.35207\
2026-08-03T23:44:37.6517887Z   VCToolsRedistDir: C:\Program Files\Microsoft Visual Studio\2022\Enterprise\VC\Redist\MSVC\14.44.35112\
2026-08-03T23:44:37.6518351Z   VCToolsVersion: 14.44.35207
2026-08-03T23:44:37.6518590Z   VisualStudioVersion: 17.0
2026-08-03T23:44:37.6518968Z   VS170COMNTOOLS: C:\Program Files\Microsoft Visual Studio\2022\Enterprise\Common7\Tools\
2026-08-03T23:44:37.6519384Z   VSCMD_ARG_app_plat: Desktop
2026-08-03T23:44:37.6519620Z   VSCMD_ARG_HOST_ARCH: x64
2026-08-03T23:44:37.6519833Z   VSCMD_ARG_TGT_ARCH: x64
2026-08-03T23:44:37.6520039Z   VSCMD_VER: 17.14.37
2026-08-03T23:44:37.6520350Z   VSINSTALLDIR: C:\Program Files\Microsoft Visual Studio\2022\Enterprise\
2026-08-03T23:44:37.6520848Z   VSSDK150INSTALL: C:\Program Files\Microsoft Visual Studio\2022\Enterprise\VSSDK
2026-08-03T23:44:37.6521349Z   VSSDKINSTALL: C:\Program Files\Microsoft Visual Studio\2022\Enterprise\VSSDK
2026-08-03T23:44:37.6522047Z   WindowsLibPath: C:\Program Files (x86)\Windows Kits\10\UnionMetadata\10.0.26100.0;C:\Program Files (x86)\Windows Kits\10\References\10.0.26100.0
2026-08-03T23:44:37.6522716Z   WindowsSdkBinPath: C:\Program Files (x86)\Windows Kits\10\bin\
2026-08-03T23:44:37.6523101Z   WindowsSdkDir: C:\Program Files (x86)\Windows Kits\10\
2026-08-03T23:44:37.6523409Z   WindowsSDKLibVersion: 10.0.26100.0\
2026-08-03T23:44:37.6523870Z   WindowsSdkVerBinPath: C:\Program Files (x86)\Windows Kits\10\bin\10.0.26100.0\
2026-08-03T23:44:37.6524266Z   WindowsSDKVersion: 10.0.26100.0\
2026-08-03T23:44:37.6524729Z   WindowsSDK_ExecutablePath_x64: C:\Program Files (x86)\Microsoft SDKs\Windows\v10.0A\bin\NETFX 4.8 Tools\x64\
2026-08-03T23:44:37.6525418Z   WindowsSDK_ExecutablePath_x86: C:\Program Files (x86)\Microsoft SDKs\Windows\v10.0A\bin\NETFX 4.8 Tools\
2026-08-03T23:44:37.6525875Z   __DOTNET_ADD_64BIT: 1
2026-08-03T23:44:37.6526093Z   __DOTNET_PREFERRED_BITNESS: 64
2026-08-03T23:44:37.6534949Z   __VSCMD_PREINIT_PATH: C:\Program Files\MongoDB\Server\7.0\bin;C:\aliyun-cli;C:\vcpkg;C:\Program Files (x86)\NSIS\;C:\tools\zstd;C:\Program Files\Mercurial\;C:\hostedtoolcache\windows\stack\3.11.1\x64;C:\cabal\bin;C:\\ghcup\bin;C:\mingw64\bin;C:\Program Files\dotnet;C:\Program Files\MySQL\MySQL Server 8.0\bin;C:\Program Files\R\R-4.6.1\bin\x64;C:\SeleniumWebDrivers\GeckoDriver;C:\SeleniumWebDrivers\EdgeDriver\;C:\SeleniumWebDrivers\ChromeDriver;C:\Program Files (x86)\sbt\bin;C:\Program Files (x86)\GitHub CLI;C:\Program Files\Git\bin;C:\Program Files (x86)\pipx_bin;C:\npm\prefix;C:\hostedtoolcache\windows\go\1.24.13\x64\bin;C:\hostedtoolcache\windows\Python\3.12.10\x64\Scripts;C:\hostedtoolcache\windows\Python\3.12.10\x64;C:\hostedtoolcache\windows\Ruby\3.3.12\x64\bin;C:\Program Files\OpenSSL\bin;C:\tools\kotlinc\bin;C:\hostedtoolcache\windows\Java_Temurin-Hotspot_jdk\8.0.492-9\x64\bin;C:\Program Files\ImageMagick-7.1.2-Q16-HDRI;C:\Program Files\Microsoft SDKs\Azure\CLI2\wbin;C:\ProgramData\kind;C:\ProgramData\Chocolatey\bin;C:\Windows\system32;C:\Windows;C:\Windows\System32\Wbem;C:\Windows\System32\WindowsPowerShell\v1.0\;C:\Windows\System32\OpenSSH\;C:\Program Files\dotnet\;C:\Program Files\PowerShell\7\;C:\Program Files\Microsoft\Web Platform Installer\;C:\Program Files\TortoiseSVN\bin;C:\Program Files\Microsoft SQL Server\Client SDK\ODBC\170\Tools\Binn\;C:\Program Files\Microsoft SQL Server\150\Tools\Binn\;C:\Program Files (x86)\Windows Kits\10\Windows Performance Toolkit\;C:\Program Files (x86)\WiX Toolset v3.14\bin;C:\Program Files\Microsoft SQL Server\130\DTS\Binn\;C:\Program Files\Microsoft SQL Server\140\DTS\Binn\;C:\Program Files\Microsoft SQL Server\150\DTS\Binn\;C:\Program Files\Microsoft SQL Server\160\DTS\Binn\;C:\Program Files\Microsoft SQL Server\170\DTS\Binn\;C:\Strawberry\c\bin;C:\Strawberry\perl\site\bin;C:\Strawberry\perl\bin;C:\ProgramData\chocolatey\lib\pulumi\tools\Pulumi\bin;C:\Program Files\CMake\bin;C:\ProgramData\chocolatey\lib\maven\apache-maven-3.9.16\bin;C:\Program Files\Microsoft Service Fabric\bin\Fabric\Fabric.Code;C:\Program Files\Microsoft SDKs\Service Fabric\Tools\ServiceFabricLocalClusterManager;C:\Program Files\nodejs\;C:\Program Files\Git\cmd;C:\Program Files\Git\mingw64\bin;C:\Program Files\Git\usr\bin;C:\Program Files\GitHub CLI\;c:\tools\php;C:\Program Files\Amazon\AWSCLIV2\;C:\Program Files\Amazon\SessionManagerPlugin\bin\;C:\Program Files\Amazon\AWSSAMCLI\bin\;C:\Program Files\Microsoft SQL Server\130\Tools\Binn\;C:\Program Files\mongosh\;C:\Program Files\LLVM\bin;C:\Program Files (x86)\LLVM\bin;C:\Users\runneradmin\.dotnet\tools;C:\Users\runneradmin\.cargo\bin;C:\Users\runneradmin\AppData\Local\Microsoft\WindowsApps
2026-08-03T23:44:37.6544415Z   VULKAN_SDK: C:\VulkanSDK\1.4.350.0
2026-08-03T23:44:37.6544666Z   VULKAN_VERSION: 1.4.350.0
2026-08-03T23:44:37.6544967Z   pythonLocation: C:\hostedtoolcache\windows\Python\3.12.10\x64
2026-08-03T23:44:37.6545426Z   PKG_CONFIG_PATH: C:\hostedtoolcache\windows\Python\3.12.10\x64/lib/pkgconfig
2026-08-03T23:44:37.6545868Z   Python_ROOT_DIR: C:\hostedtoolcache\windows\Python\3.12.10\x64
2026-08-03T23:44:37.6546263Z   Python2_ROOT_DIR: C:\hostedtoolcache\windows\Python\3.12.10\x64
2026-08-03T23:44:37.6546657Z   Python3_ROOT_DIR: C:\hostedtoolcache\windows\Python\3.12.10\x64
2026-08-03T23:44:37.6547015Z   QT_ROOT_DIR: D:\a\KytyPlus\Qt\6.10.3\msvc2022_64
2026-08-03T23:44:37.6547352Z   QT_PLUGIN_PATH: D:\a\KytyPlus\Qt\6.10.3\msvc2022_64\plugins
2026-08-03T23:44:37.6547780Z   QML2_IMPORT_PATH: D:\a\KytyPlus\Qt\6.10.3\msvc2022_64\qml
2026-08-03T23:44:37.6548089Z ##[endgroup]
2026-08-03T23:44:50.3098359Z -- The C compiler identification is Clang 19.1.5 with MSVC-like command-line
2026-08-03T23:44:51.0259959Z -- The CXX compiler identification is Clang 19.1.5 with MSVC-like command-line
2026-08-03T23:44:51.7006913Z -- Detecting C compiler ABI info
2026-08-03T23:45:03.0733163Z -- Detecting C compiler ABI info - done
2026-08-03T23:45:03.1484705Z -- Check for working C compiler: C:/Program Files/Microsoft Visual Studio/2022/Enterprise/VC/Tools/Llvm/x64/bin/clang-cl.exe - skipped
2026-08-03T23:45:03.1495894Z -- Detecting C compile features
2026-08-03T23:45:03.1656750Z -- Detecting C compile features - done
2026-08-03T23:45:03.2543694Z -- Detecting CXX compiler ABI info
2026-08-03T23:45:03.6115371Z -- Detecting CXX compiler ABI info - done
2026-08-03T23:45:03.6494616Z -- Check for working CXX compiler: C:/Program Files/Microsoft Visual Studio/2022/Enterprise/VC/Tools/Llvm/x64/bin/clang-cl.exe - skipped
2026-08-03T23:45:03.6496767Z -- Detecting CXX compile features
2026-08-03T23:45:04.4475338Z -- Detecting CXX compile features - done
2026-08-03T23:45:05.0683711Z -- Found Git: C:/Program Files/Git/bin/git.exe (found version "2.55.0.windows.3")
2026-08-03T23:45:08.3973483Z -- Could NOT find PkgConfig (missing: PKG_CONFIG_EXECUTABLE) 
2026-08-03T23:45:08.4013428Z -- Looking for __GLIBC__
2026-08-03T23:45:09.5490806Z -- Looking for __GLIBC__ - not found
2026-08-03T23:45:09.5508740Z -- Performing Test CHECK_CPU_ARCHITECTURE_X86
2026-08-03T23:45:09.7926117Z -- Performing Test CHECK_CPU_ARCHITECTURE_X86 - Failed
2026-08-03T23:45:09.7928683Z -- Performing Test CHECK_CPU_ARCHITECTURE_X64
2026-08-03T23:45:10.1195512Z -- Performing Test CHECK_CPU_ARCHITECTURE_X64 - Success
2026-08-03T23:45:10.1199227Z -- Performing Test CHECK_CPU_ARCHITECTURE_ARM32
2026-08-03T23:45:10.3065647Z -- Performing Test CHECK_CPU_ARCHITECTURE_ARM32 - Failed
2026-08-03T23:45:10.3066355Z -- Performing Test CHECK_CPU_ARCHITECTURE_ARM64
2026-08-03T23:45:10.4923489Z -- Performing Test CHECK_CPU_ARCHITECTURE_ARM64 - Failed
2026-08-03T23:45:10.4924481Z -- Performing Test CHECK_CPU_ARCHITECTURE_ARM64EC
2026-08-03T23:45:10.6793979Z -- Performing Test CHECK_CPU_ARCHITECTURE_ARM64EC - Failed
2026-08-03T23:45:10.6795386Z -- Performing Test CHECK_CPU_ARCHITECTURE_LOONGARCH64
2026-08-03T23:45:10.8650552Z -- Performing Test CHECK_CPU_ARCHITECTURE_LOONGARCH64 - Failed
2026-08-03T23:45:10.8750003Z -- Performing Test HAVE_GCC_WALL
2026-08-03T23:45:11.6760571Z -- Performing Test HAVE_GCC_WALL - Success
2026-08-03T23:45:11.6774455Z -- Performing Test HAVE_GCC_WUNDEF
2026-08-03T23:45:12.0193432Z -- Performing Test HAVE_GCC_WUNDEF - Success
2026-08-03T23:45:12.0205222Z -- Performing Test HAVE_GCC_NO_STRICT_ALIASING
2026-08-03T23:45:12.3510165Z -- Performing Test HAVE_GCC_NO_STRICT_ALIASING - Success
2026-08-03T23:45:12.3524959Z -- Performing Test HAVE_GCC_WDOCUMENTATION
2026-08-03T23:45:12.6768689Z -- Performing Test HAVE_GCC_WDOCUMENTATION - Success
2026-08-03T23:45:12.6782170Z -- Performing Test HAVE_GCC_WDOCUMENTATION_UNKNOWN_COMMAND
2026-08-03T23:45:12.9986732Z -- Performing Test HAVE_GCC_WDOCUMENTATION_UNKNOWN_COMMAND - Success
2026-08-03T23:45:13.0000368Z -- Performing Test HAVE_GCC_COMMENT_BLOCK_COMMANDS
2026-08-03T23:45:13.3268761Z -- Performing Test HAVE_GCC_COMMENT_BLOCK_COMMANDS - Failed
2026-08-03T23:45:13.3282421Z -- Performing Test HAVE_CLANG_COMMENT_BLOCK_COMMANDS
2026-08-03T23:45:13.6712371Z -- Performing Test HAVE_CLANG_COMMENT_BLOCK_COMMANDS - Success
2026-08-03T23:45:13.6726167Z -- Performing Test HAVE_GCC_WDECLARATION_AFTER_STATEMENT
2026-08-03T23:45:13.9979075Z -- Performing Test HAVE_GCC_WDECLARATION_AFTER_STATEMENT - Success
2026-08-03T23:45:13.9983000Z -- Performing Test HAVE_GCC_ATOMICS
2026-08-03T23:45:14.7792295Z -- Performing Test HAVE_GCC_ATOMICS - Success
2026-08-03T23:45:14.7792943Z -- Performing Test HAVE_GCC_FVISIBILITY
2026-08-03T23:45:14.9585277Z -- Performing Test HAVE_GCC_FVISIBILITY - Failed
2026-08-03T23:45:14.9595649Z -- Performing Test HAVE_GCC_WSHADOW
2026-08-03T23:45:15.2952157Z -- Performing Test HAVE_GCC_WSHADOW - Success
2026-08-03T23:45:15.2966218Z -- Performing Test HAVE_GCC_WUNUSED_LOCAL_TYPEDEFS
2026-08-03T23:45:15.6400465Z -- Performing Test HAVE_GCC_WUNUSED_LOCAL_TYPEDEFS - Success
2026-08-03T23:45:15.6415211Z -- Performing Test HAVE_NO_UNDEFINED
2026-08-03T23:45:15.9803589Z -- Performing Test HAVE_NO_UNDEFINED - Failed
2026-08-03T23:45:15.9809125Z -- Performing Test HAVE_MMX
2026-08-03T23:45:16.3497251Z -- Performing Test HAVE_MMX - Success
2026-08-03T23:45:16.3498013Z -- Performing Test HAVE_SSE
2026-08-03T23:45:16.9071541Z -- Performing Test HAVE_SSE - Success
2026-08-03T23:45:16.9072097Z -- Performing Test CPU_SUPPORTS_SSE2
2026-08-03T23:45:17.2697396Z -- Performing Test CPU_SUPPORTS_SSE2 - Success
2026-08-03T23:45:17.2698242Z -- Performing Test CPU_SUPPORTS_SSE3
2026-08-03T23:45:17.6577716Z -- Performing Test CPU_SUPPORTS_SSE3 - Success
2026-08-03T23:45:17.6582332Z -- Looking for immintrin.h
2026-08-03T23:45:19.6212183Z -- Looking for immintrin.h - found
2026-08-03T23:45:19.6213254Z -- Performing Test HAVE_ALTIVEC_H_HDR
2026-08-03T23:45:20.1677079Z -- Performing Test HAVE_ALTIVEC_H_HDR - Failed
2026-08-03T23:45:20.1678090Z -- Performing Test CPU_SUPPORTS_ALTIVEC
2026-08-03T23:45:20.3544495Z -- Performing Test CPU_SUPPORTS_ALTIVEC - Failed
2026-08-03T23:45:20.3545314Z -- Looking for stdint.h
2026-08-03T23:45:20.6973549Z -- Looking for stdint.h - found
2026-08-03T23:45:20.6984751Z -- Performing Test HAS_Q_NO_USE_LIBIRC
2026-08-03T23:45:20.8772066Z -- Performing Test HAS_Q_NO_USE_LIBIRC - Failed
2026-08-03T23:45:20.8948645Z -- Performing Test HAVE_WIN32_CC
2026-08-03T23:45:22.6244898Z -- Performing Test HAVE_WIN32_CC - Success
2026-08-03T23:45:22.6248433Z -- Looking for d3d9.h
2026-08-03T23:45:23.3858532Z -- Looking for d3d9.h - found
2026-08-03T23:45:23.3859039Z -- Looking for d3d11_1.h
2026-08-03T23:45:24.6976881Z -- Looking for d3d11_1.h - found
2026-08-03T23:45:24.6977579Z -- Performing Test HAVE_D3D12_H
2026-08-03T23:45:25.6700230Z -- Performing Test HAVE_D3D12_H - Success
2026-08-03T23:45:25.6700769Z -- Looking for ddraw.h
2026-08-03T23:45:26.5433517Z -- Looking for ddraw.h - found
2026-08-03T23:45:26.5434013Z -- Looking for dsound.h
2026-08-03T23:45:27.3828304Z -- Looking for dsound.h - found
2026-08-03T23:45:27.3829110Z -- Looking for dinput.h
2026-08-03T23:45:28.2143356Z -- Looking for dinput.h - found
2026-08-03T23:45:28.2144047Z -- Looking for dxgi.h
2026-08-03T23:45:28.9738481Z -- Looking for dxgi.h - found
2026-08-03T23:45:28.9738979Z -- Performing Test HAVE_XINPUT_H
2026-08-03T23:45:29.8272966Z -- Performing Test HAVE_XINPUT_H - Success
2026-08-03T23:45:29.8273799Z -- Performing Test HAVE_WINDOWS_GAMING_INPUT_H
2026-08-03T23:45:45.3519706Z -- Performing Test HAVE_WINDOWS_GAMING_INPUT_H - Success
2026-08-03T23:45:45.3520344Z -- Looking for tpcshrd.h
2026-08-03T23:45:46.1168534Z -- Looking for tpcshrd.h - found
2026-08-03T23:45:46.1169137Z -- Looking for roapi.h
2026-08-03T23:45:46.9854482Z -- Looking for roapi.h - found
2026-08-03T23:45:46.9855110Z -- Looking for mmdeviceapi.h
2026-08-03T23:45:47.7239682Z -- Looking for mmdeviceapi.h - found
2026-08-03T23:45:47.7240247Z -- Looking for audioclient.h
2026-08-03T23:45:48.6089116Z -- Looking for audioclient.h - found
2026-08-03T23:45:48.6089898Z -- Looking for sensorsapi.h
2026-08-03T23:45:49.3836311Z -- Looking for sensorsapi.h - found
2026-08-03T23:45:49.3836697Z -- Looking for shellscalingapi.h
2026-08-03T23:45:50.0395829Z -- Looking for shellscalingapi.h - found
2026-08-03T23:45:50.1851022Z [31;1mCMake Deprecation Warning at D:/a/KytyPlus/KytyPlus/3rdparty/SDL2/CMakeLists.txt:3312 (cmake_minimum_required):[0m
2026-08-03T23:45:50.2044686Z [31;1m  Compatibility with CMake < 3.10 will be removed from a future version of[0m
2026-08-03T23:45:50.2069073Z [31;1m  CMake.[0m
2026-08-03T23:45:50.2074888Z [31;1m[0m
2026-08-03T23:45:50.2081854Z [31;1m  Update the VERSION argument <min> value.  Or, use the <min>...<max> syntax[0m
2026-08-03T23:45:50.2087691Z [31;1m  to tell CMake that the project requires at least <min> but has been updated[0m
2026-08-03T23:45:50.2093733Z [31;1m  to work with policies introduced by <max> or earlier.[0m
2026-08-03T23:45:50.2099750Z [31;1m[0m
2026-08-03T23:45:50.2105586Z [31;1m[0m
2026-08-03T23:45:50.2105888Z -- 
2026-08-03T23:45:50.2106558Z -- SDL2 was configured with the following options:
2026-08-03T23:45:50.2107205Z -- 
2026-08-03T23:45:50.2108397Z -- Platform: Windows-10.0.20348
2026-08-03T23:45:50.2109047Z -- 64-bit:   TRUE
2026-08-03T23:45:50.2109910Z -- Compiler: C:/Program Files/Microsoft Visual Studio/2022/Enterprise/VC/Tools/Llvm/x64/bin/clang-cl.exe
2026-08-03T23:45:50.2110868Z -- Revision: SDL-2.33.0-g4b69833
2026-08-03T23:45:50.2111337Z -- 
2026-08-03T23:45:50.2111686Z -- Subsystems:
2026-08-03T23:45:50.2112243Z --   Atomic:	ON
2026-08-03T23:45:50.2113580Z --   Audio:	ON
2026-08-03T23:45:50.2114258Z --   Video:	ON
2026-08-03T23:45:50.2114668Z --   Render:	ON
2026-08-03T23:45:50.2130134Z --   Events:	ON
2026-08-03T23:45:50.2133516Z --   Joystick:	ON
2026-08-03T23:45:50.2134309Z --   Haptic:	ON
2026-08-03T23:45:50.2134728Z --   Hidapi:	ON
2026-08-03T23:45:50.2135528Z --   Power:	ON
2026-08-03T23:45:50.2135983Z --   Threads:	ON
2026-08-03T23:45:50.2136329Z --   Timers:	ON
2026-08-03T23:45:50.2137135Z --   File:	ON
2026-08-03T23:45:50.2137481Z --   Loadso:	ON
2026-08-03T23:45:50.2137822Z --   CPUinfo:	ON
2026-08-03T23:45:50.2138586Z --   Filesystem:	ON
2026-08-03T23:45:50.2138962Z --   Sensor:	ON
2026-08-03T23:45:50.2139538Z --   Locale:	ON
2026-08-03T23:45:50.2140049Z --   Misc:	ON
2026-08-03T23:45:50.2140424Z -- 
2026-08-03T23:45:50.2140709Z -- Options:
2026-08-03T23:45:50.2141102Z --   SDL2_DISABLE_INSTALL        (Wanted: ON): OFF
2026-08-03T23:45:50.2141664Z --   SDL2_DISABLE_SDL2MAIN       (Wanted: OFF): OFF
2026-08-03T23:45:50.2142219Z --   SDL2_DISABLE_UNINSTALL      (Wanted: OFF): OFF
2026-08-03T23:45:50.2142752Z --   SDL_3DNOW                   (Wanted: OFF): OFF
2026-08-03T23:45:50.2143262Z --   SDL_ALSA                    (Wanted: OFF): OFF
2026-08-03T23:45:50.2143769Z --   SDL_ALSA_SHARED             (Wanted: OFF): OFF
2026-08-03T23:45:50.2144289Z --   SDL_ALTIVEC                 (Wanted: ON): OFF
2026-08-03T23:45:50.2145041Z --   SDL_ARMNEON                 (Wanted: OFF): OFF
2026-08-03T23:45:50.2145557Z --   SDL_ARMSIMD                 (Wanted: OFF): OFF
2026-08-03T23:45:50.2146051Z --   SDL_ARTS                    (Wanted: OFF): OFF
2026-08-03T23:45:50.2146553Z --   SDL_ARTS_SHARED             (Wanted: OFF): OFF
2026-08-03T23:45:50.2147045Z --   SDL_ASAN                    (Wanted: OFF): OFF
2026-08-03T23:45:50.2147544Z --   SDL_ASSEMBLY                (Wanted: ON): ON
2026-08-03T23:45:50.2148064Z --   SDL_ASSERTIONS              (Wanted: auto): auto
2026-08-03T23:45:50.2148616Z --   SDL_BACKGROUNDING_SIGNAL    (Wanted: OFF): OFF
2026-08-03T23:45:50.2149410Z --   SDL_CCACHE                  (Wanted: ON): OFF
2026-08-03T23:45:50.2150408Z --   SDL_CLOCK_GETTIME           (Wanted: OFF): OFF
2026-08-03T23:45:50.2151056Z --   SDL_COCOA                   (Wanted: OFF): OFF
2026-08-03T23:45:50.2156034Z --   SDL_DBUS                    (Wanted: OFF): OFF
2026-08-03T23:45:50.2156629Z --   SDL_DIRECTFB                (Wanted: OFF): OFF
2026-08-03T23:45:50.2157273Z --   SDL_DIRECTFB_SHARED         (Wanted: OFF): OFF
2026-08-03T23:45:50.2157834Z --   SDL_DIRECTX                 (Wanted: ON): ON
2026-08-03T23:45:50.2256701Z --   SDL_DISKAUDIO               (Wanted: ON): ON
2026-08-03T23:45:50.2257261Z --   SDL_DUMMYAUDIO              (Wanted: ON): ON
2026-08-03T23:45:50.2257730Z --   SDL_DUMMYVIDEO              (Wanted: ON): ON
2026-08-03T23:45:50.2258123Z --   SDL_ESD                     (Wanted: OFF): OFF
2026-08-03T23:45:50.2258521Z --   SDL_ESD_SHARED              (Wanted: OFF): OFF
2026-08-03T23:45:50.2258908Z --   SDL_FOREGROUNDING_SIGNAL    (Wanted: OFF): OFF
2026-08-03T23:45:50.2259530Z --   SDL_FUSIONSOUND             (Wanted: OFF): OFF
2026-08-03T23:45:50.2259955Z --   SDL_FUSIONSOUND_SHARED      (Wanted: OFF): OFF
2026-08-03T23:45:50.2260352Z --   SDL_GCC_ATOMICS             (Wanted: ON): ON
2026-08-03T23:45:50.2260730Z --   SDL_HIDAPI                  (Wanted: ON): ON
2026-08-03T23:45:50.2261115Z --   SDL_HIDAPI_JOYSTICK         (Wanted: ON): ON
2026-08-03T23:45:50.2261495Z --   SDL_HIDAPI_LIBUSB           (Wanted: OFF): OFF
2026-08-03T23:45:50.2261881Z --   SDL_IBUS                    (Wanted: OFF): OFF
2026-08-03T23:45:50.2262253Z --   SDL_INSTALL_TESTS           (Wanted: OFF): OFF
2026-08-03T23:45:50.2262538Z --   SDL_JACK                    (Wanted: OFF): OFF
2026-08-03T23:45:50.2262813Z --   SDL_JACK_SHARED             (Wanted: OFF): OFF
2026-08-03T23:45:50.2263087Z --   SDL_KMSDRM                  (Wanted: OFF): OFF
2026-08-03T23:45:50.2263363Z --   SDL_KMSDRM_SHARED           (Wanted: OFF): OFF
2026-08-03T23:45:50.2263640Z --   SDL_LASX                    (Wanted: OFF): OFF
2026-08-03T23:45:50.2263910Z --   SDL_LIBC                    (Wanted: OFF): OFF
2026-08-03T23:45:50.2264181Z --   SDL_LIBICONV                (Wanted: OFF): OFF
2026-08-03T23:45:50.2264461Z --   SDL_LIBSAMPLERATE           (Wanted: OFF): OFF
2026-08-03T23:45:50.2264754Z --   SDL_LIBSAMPLERATE_SHARED    (Wanted: OFF): OFF
2026-08-03T23:45:50.2265043Z --   SDL_LIBUDEV                 (Wanted: ON): OFF
2026-08-03T23:45:50.2265321Z --   SDL_LSX                     (Wanted: OFF): OFF
2026-08-03T23:45:50.2265593Z --   SDL_METAL                   (Wanted: OFF): OFF
2026-08-03T23:45:50.2265861Z --   SDL_MMX                     (Wanted: ON): ON
2026-08-03T23:45:50.2266130Z --   SDL_NAS                     (Wanted: OFF): OFF
2026-08-03T23:45:50.2266401Z --   SDL_NAS_SHARED              (Wanted: OFF): OFF
2026-08-03T23:45:50.2266673Z --   SDL_OFFSCREEN               (Wanted: ON): ON
2026-08-03T23:45:50.2266941Z --   SDL_OPENGL                  (Wanted: ON): ON
2026-08-03T23:45:50.2267212Z --   SDL_OPENGLES                (Wanted: ON): ON
2026-08-03T23:45:50.2267483Z --   SDL_OSS                     (Wanted: OFF): OFF
2026-08-03T23:45:50.2267780Z --   SDL_PIPEWIRE                (Wanted: OFF): OFF
2026-08-03T23:45:50.2268072Z --   SDL_PIPEWIRE_SHARED         (Wanted: OFF): OFF
2026-08-03T23:45:50.2268467Z --   SDL_PTHREADS                (Wanted: OFF): OFF
2026-08-03T23:45:50.2268770Z --   SDL_PTHREADS_SEM            (Wanted: OFF): OFF
2026-08-03T23:45:50.2269076Z --   SDL_PULSEAUDIO              (Wanted: OFF): OFF
2026-08-03T23:45:50.2269370Z --   SDL_PULSEAUDIO_SHARED       (Wanted: OFF): OFF
2026-08-03T23:45:50.2269660Z --   SDL_RENDER_D3D              (Wanted: ON): ON
2026-08-03T23:45:50.2269955Z --   SDL_RENDER_METAL            (Wanted: OFF): OFF
2026-08-03T23:45:50.2270245Z --   SDL_RPATH                   (Wanted: OFF): OFF
2026-08-03T23:45:50.2270527Z --   SDL_RPI                     (Wanted: OFF): OFF
2026-08-03T23:45:50.2270819Z --   SDL_SNDIO                   (Wanted: OFF): OFF
2026-08-03T23:45:50.2271107Z --   SDL_SNDIO_SHARED            (Wanted: OFF): OFF
2026-08-03T23:45:50.2271393Z --   SDL_SSE                     (Wanted: ON): ON
2026-08-03T23:45:50.2271669Z --   SDL_SSE2                    (Wanted: ON): ON
2026-08-03T23:45:50.2271969Z --   SDL_SSE3                    (Wanted: ON): ON
2026-08-03T23:45:50.2272247Z --   SDL_SSEMATH                 (Wanted: ON): ON
2026-08-03T23:45:50.2272528Z --   SDL_STATIC_PIC              (Wanted: OFF): OFF
2026-08-03T23:45:50.2272821Z --   SDL_SYSTEM_ICONV            (Wanted: OFF): OFF
2026-08-03T23:45:50.2273106Z --   SDL_TESTS                   (Wanted: OFF): OFF
2026-08-03T23:45:50.2273393Z --   SDL_VENDOR_INFO             (Wanted: ): OFF
2026-08-03T23:45:50.2273691Z --   SDL_VIRTUAL_JOYSTICK        (Wanted: ON): ON
2026-08-03T23:45:50.2273997Z --   SDL_VIVANTE                 (Wanted: OFF): OFF
2026-08-03T23:45:50.2274287Z --   SDL_VULKAN                  (Wanted: ON): ON
2026-08-03T23:45:50.2274645Z --   SDL_WASAPI                  (Wanted: ON): ON
2026-08-03T23:45:50.2274943Z --   SDL_WAYLAND                 (Wanted: OFF): OFF
2026-08-03T23:45:50.2275233Z --   SDL_WAYLAND_LIBDECOR        (Wanted: OFF): OFF
2026-08-03T23:45:50.2275534Z --   SDL_WAYLAND_LIBDECOR_SHARED (Wanted: OFF): OFF
2026-08-03T23:45:50.2275846Z --   SDL_WAYLAND_QT_TOUCH        (Wanted: OFF): OFF
2026-08-03T23:45:50.2276140Z --   SDL_WAYLAND_SHARED          (Wanted: OFF): OFF
2026-08-03T23:45:50.2276426Z --   SDL_X11                     (Wanted: OFF): OFF
2026-08-03T23:45:50.2276711Z --   SDL_X11_SHARED              (Wanted: OFF): OFF
2026-08-03T23:45:50.2277006Z --   SDL_X11_XCURSOR             (Wanted: OFF): OFF
2026-08-03T23:45:50.2277292Z --   SDL_X11_XDBE                (Wanted: OFF): OFF
2026-08-03T23:45:50.2277580Z --   SDL_X11_XFIXES              (Wanted: OFF): OFF
2026-08-03T23:45:50.2277876Z --   SDL_X11_XINPUT              (Wanted: OFF): OFF
2026-08-03T23:45:50.2278165Z --   SDL_X11_XRANDR              (Wanted: OFF): OFF
2026-08-03T23:45:50.2278454Z --   SDL_X11_XSCRNSAVER          (Wanted: OFF): OFF
2026-08-03T23:45:50.2278754Z --   SDL_X11_XSHAPE              (Wanted: OFF): OFF
2026-08-03T23:45:50.2279038Z --   SDL_XINPUT                  (Wanted: ON): ON
2026-08-03T23:45:50.2279294Z -- 
2026-08-03T23:45:50.2279579Z --  CFLAGS:        /DWIN32 /D_WINDOWS  /utf-8 /Oy- /wd4244 /wd4305 /wd4800 /wd4345
2026-08-03T23:45:50.2280965Z --  EXTRA_CFLAGS:   /W3 -Wundef -fno-strict-aliasing -Wdocumentation -Wdocumentation-unknown-command /clang:-fcomment-block-commands=threadsafety /clang:-fcomment-block-commands=deprecated -Wdeclaration-after-statement -Wshadow -Wno-unused-local-typedefs -fcolor-diagnostics -mmmx -msse -msse2 -msse3
2026-08-03T23:45:50.2282473Z --  EXTRA_LDFLAGS:  
2026-08-03T23:45:50.2282936Z --  EXTRA_LIBS:    kernel32;user32;gdi32;winmm;imm32;ole32;oleaut32;version;uuid;advapi32;setupapi;shell32;dinput8
2026-08-03T23:45:50.2283421Z -- 
2026-08-03T23:45:50.2283598Z --  Build Shared Library: OFF
2026-08-03T23:45:50.2283841Z --  Build Static Library: ON
2026-08-03T23:45:50.2284134Z --  Build Static Library with Position Independent Code: OFF
2026-08-03T23:45:50.2284445Z -- 
2026-08-03T23:45:51.1846844Z -- Found Python3: C:/hostedtoolcache/windows/Python/3.12.10/x64/python3.exe (found version "3.12.10") found components: Interpreter
2026-08-03T23:45:51.2327283Z -- xxHash build type: Release
2026-08-03T23:45:51.2331128Z -- Architecture: AMD64
2026-08-03T23:45:51.3647999Z -- {fmt} version: 12.2.0
2026-08-03T23:45:51.3648750Z -- Build type: Release
2026-08-03T23:45:51.3664739Z -- Performing Test HAS_NULLPTR_WARNING
2026-08-03T23:45:51.6926781Z -- Performing Test HAS_NULLPTR_WARNING - Success
2026-08-03T23:45:51.6972866Z -- Using the multi-header code from D:/a/KytyPlus/KytyPlus/3rdparty/nlohmann_json/include/
2026-08-03T23:45:51.7552008Z -- Build spdlog: 1.17.0
2026-08-03T23:45:51.7755635Z -- Performing Test CMAKE_HAVE_LIBC_PTHREAD
2026-08-03T23:45:51.9645564Z -- Performing Test CMAKE_HAVE_LIBC_PTHREAD - Failed
2026-08-03T23:45:51.9646250Z -- Looking for pthread_create in pthreads
2026-08-03T23:45:52.2230153Z -- Looking for pthread_create in pthreads - not found
2026-08-03T23:45:52.2230967Z -- Looking for pthread_create in pthread
2026-08-03T23:45:52.4635543Z -- Looking for pthread_create in pthread - not found
2026-08-03T23:45:52.4646743Z -- Found Threads: TRUE
2026-08-03T23:45:52.4648293Z -- Build type: Release
2026-08-03T23:45:52.4664319Z -- Looking for _fwrite_nolock
2026-08-03T23:45:52.8353123Z -- Looking for _fwrite_nolock - found
2026-08-03T23:45:52.8633554Z -- Downloading FFMPEG prebuilts...
2026-08-03T23:45:53.5315808Z -- [download 0% complete]
2026-08-03T23:45:53.5474055Z -- [download 1% complete]
2026-08-03T23:45:53.5624368Z -- [download 2% complete]
2026-08-03T23:45:53.5725498Z -- [download 3% complete]
2026-08-03T23:45:53.5760713Z -- [download 4% complete]
2026-08-03T23:45:53.5793818Z -- [download 5% complete]
2026-08-03T23:45:53.5857488Z -- [download 6% complete]
2026-08-03T23:45:53.5883986Z -- [download 7% complete]
2026-08-03T23:45:53.5902954Z -- [download 8% complete]
2026-08-03T23:45:53.5915049Z -- [download 9% complete]
2026-08-03T23:45:53.5934977Z -- [download 10% complete]
2026-08-03T23:45:53.5947870Z -- [download 11% complete]
2026-08-03T23:45:53.5993077Z -- [download 12% complete]
2026-08-03T23:45:53.6004473Z -- [download 13% complete]
2026-08-03T23:45:53.6019676Z -- [download 14% complete]
2026-08-03T23:45:53.6029241Z -- [download 15% complete]
2026-08-03T23:45:53.6038188Z -- [download 16% complete]
2026-08-03T23:45:53.6046940Z -- [download 17% complete]
2026-08-03T23:45:53.6059031Z -- [download 18% complete]
2026-08-03T23:45:53.6067894Z -- [download 19% complete]
2026-08-03T23:45:53.6124954Z -- [download 20% complete]
2026-08-03T23:45:53.6131734Z -- [download 21% complete]
2026-08-03T23:45:53.6151473Z -- [download 22% complete]
2026-08-03T23:45:53.6153829Z -- [download 23% complete]
2026-08-03T23:45:53.6158124Z -- [download 24% complete]
2026-08-03T23:45:53.6163323Z -- [download 25% complete]
2026-08-03T23:45:53.6167948Z -- [download 26% complete]
2026-08-03T23:45:53.6172871Z -- [download 27% complete]
2026-08-03T23:45:53.6178068Z -- [download 28% complete]
2026-08-03T23:45:53.6182547Z -- [download 29% complete]
2026-08-03T23:45:53.6189160Z -- [download 30% complete]
2026-08-03T23:45:53.6196221Z -- [download 31% complete]
2026-08-03T23:45:53.6202744Z -- [download 32% complete]
2026-08-03T23:45:53.6208930Z -- [download 33% complete]
2026-08-03T23:45:53.6211454Z -- [download 34% complete]
2026-08-03T23:45:53.6215019Z -- [download 35% complete]
2026-08-03T23:45:53.6216495Z -- [download 36% complete]
2026-08-03T23:45:53.6256548Z -- [download 37% complete]
2026-08-03T23:45:53.6263448Z -- [download 38% complete]
2026-08-03T23:45:53.6282617Z -- [download 39% complete]
2026-08-03T23:45:53.6284979Z -- [download 40% complete]
2026-08-03T23:45:53.6290783Z -- [download 41% complete]
2026-08-03T23:45:53.6293086Z -- [download 42% complete]
2026-08-03T23:45:53.6298492Z -- [download 43% complete]
2026-08-03T23:45:53.6303659Z -- [download 44% complete]
2026-08-03T23:45:53.6307633Z -- [download 45% complete]
2026-08-03T23:45:53.6310367Z -- [download 46% complete]
2026-08-03T23:45:53.6316127Z -- [download 47% complete]
2026-08-03T23:45:53.6325137Z -- [download 48% complete]
2026-08-03T23:45:53.6328575Z -- [download 49% complete]
2026-08-03T23:45:53.6333618Z -- [download 50% complete]
2026-08-03T23:45:53.6338939Z -- [download 51% complete]
2026-08-03T23:45:53.6344998Z -- [download 52% complete]
2026-08-03T23:45:53.6351756Z -- [download 53% complete]
2026-08-03T23:45:53.6357051Z -- [download 54% complete]
2026-08-03T23:45:53.6361916Z -- [download 55% complete]
2026-08-03T23:45:53.6365141Z -- [download 56% complete]
2026-08-03T23:45:53.6365850Z -- [download 57% complete]
2026-08-03T23:45:53.6366311Z -- [download 58% complete]
2026-08-03T23:45:53.6366951Z -- [download 59% complete]
2026-08-03T23:45:53.6367689Z -- [download 60% complete]
2026-08-03T23:45:53.6368492Z -- [download 61% complete]
2026-08-03T23:45:53.6369132Z -- [download 62% complete]
2026-08-03T23:45:53.6369852Z -- [download 63% complete]
2026-08-03T23:45:53.6370541Z -- [download 64% complete]
2026-08-03T23:45:53.6371449Z -- [download 65% complete]
2026-08-03T23:45:53.6372329Z -- [download 66% complete]
2026-08-03T23:45:53.6373665Z -- [download 67% complete]
2026-08-03T23:45:53.6374621Z -- [download 68% complete]
2026-08-03T23:45:53.6376020Z -- [download 69% complete]
2026-08-03T23:45:53.6379498Z -- [download 70% complete]
2026-08-03T23:45:53.6381794Z -- [download 71% complete]
2026-08-03T23:45:53.6392760Z -- [download 72% complete]
2026-08-03T23:45:53.6395481Z -- [download 73% complete]
2026-08-03T23:45:53.6417192Z -- [download 74% complete]
2026-08-03T23:45:53.6421365Z -- [download 75% complete]
2026-08-03T23:45:53.6427017Z -- [download 76% complete]
2026-08-03T23:45:53.6434142Z -- [download 77% complete]
2026-08-03T23:45:53.6441169Z -- [download 78% complete]
2026-08-03T23:45:53.6445323Z -- [download 79% complete]
2026-08-03T23:45:53.6450609Z -- [download 80% complete]
2026-08-03T23:45:53.6459666Z -- [download 81% complete]
2026-08-03T23:45:53.6465269Z -- [download 82% complete]
2026-08-03T23:45:53.6468183Z -- [download 83% complete]
2026-08-03T23:45:53.6470795Z -- [download 84% complete]
2026-08-03T23:45:53.6473977Z -- [download 85% complete]
2026-08-03T23:45:53.6477144Z -- [download 86% complete]
2026-08-03T23:45:53.6480129Z -- [download 87% complete]
2026-08-03T23:45:53.6481676Z -- [download 88% complete]
2026-08-03T23:45:53.6761819Z -- [download 89% complete]
2026-08-03T23:45:53.6763294Z -- [download 90% complete]
2026-08-03T23:45:53.6769154Z -- [download 91% complete]
2026-08-03T23:45:53.6771807Z -- [download 92% complete]
2026-08-03T23:45:53.6772950Z -- [download 93% complete]
2026-08-03T23:45:53.6774197Z -- [download 94% complete]
2026-08-03T23:45:53.6782705Z -- [download 95% complete]
2026-08-03T23:45:53.6793990Z -- [download 96% complete]
2026-08-03T23:45:53.6802521Z -- [download 97% complete]
2026-08-03T23:45:53.6810177Z -- [download 98% complete]
2026-08-03T23:45:53.6821808Z -- [download 99% complete]
2026-08-03T23:45:53.6822199Z -- [download 100% complete]
2026-08-03T23:45:54.1614322Z [31;1mParsing public/common/TracyVersion.hpp file[0m
2026-08-03T23:45:54.1619725Z [31;1mVERSION 0.13.4[0m
2026-08-03T23:45:54.4909791Z -- Could NOT find rocprofiler-sdk (missing: rocprofiler-sdk_DIR)
2026-08-03T23:45:54.4915586Z -- TRACY_ENABLE: ON
2026-08-03T23:45:54.4916529Z -- TRACY_ON_DEMAND: ON
2026-08-03T23:45:54.4917266Z -- TRACY_CALLSTACK: (not set)
2026-08-03T23:45:54.4918238Z -- TRACY_PLATFORM_HEADER: (not set)
2026-08-03T23:45:54.4919266Z -- TRACY_NO_CALLSTACK: OFF
2026-08-03T23:45:54.4919998Z -- TRACY_NO_CALLSTACK_INLINES: OFF
2026-08-03T23:45:54.4921047Z -- TRACY_ONLY_LOCALHOST: OFF
2026-08-03T23:45:54.4922363Z -- TRACY_NO_BROADCAST: OFF
2026-08-03T23:45:54.4923007Z -- TRACY_ONLY_IPV4: OFF
2026-08-03T23:45:54.4923481Z -- TRACY_NO_CODE_TRANSFER: OFF
2026-08-03T23:45:54.4923970Z -- TRACY_NO_CONTEXT_SWITCH: OFF
2026-08-03T23:45:54.4924909Z -- TRACY_NO_EXIT: OFF
2026-08-03T23:45:54.4925624Z -- TRACY_NO_SAMPLING: OFF
2026-08-03T23:45:54.4926651Z -- TRACY_NO_VERIFY: OFF
2026-08-03T23:45:54.4927602Z -- TRACY_NO_VSYNC_CAPTURE: OFF
2026-08-03T23:45:54.4928373Z -- TRACY_NO_FRAME_IMAGE: OFF
2026-08-03T23:45:54.4929446Z -- TRACY_NO_SYSTEM_TRACING: OFF
2026-08-03T23:45:54.4930362Z -- TRACY_PATCHABLE_NOPSLEDS: OFF
2026-08-03T23:45:54.4931098Z -- TRACY_DELAYED_INIT: ON
2026-08-03T23:45:54.4931531Z -- TRACY_MANUAL_LIFETIME: ON
2026-08-03T23:45:54.4932119Z -- TRACY_FIBERS: OFF
2026-08-03T23:45:54.4932818Z -- TRACY_NO_CRASH_HANDLER: OFF
2026-08-03T23:45:54.4933525Z -- TRACY_TIMER_FALLBACK: OFF
2026-08-03T23:45:54.4934642Z -- TRACY_DISALLOW_HW_TIMER: OFF
2026-08-03T23:45:54.4935085Z -- TRACY_LIBUNWIND_BACKTRACE: OFF
2026-08-03T23:45:54.4935526Z -- TRACY_SYMBOL_OFFLINE_RESOLVE: OFF
2026-08-03T23:45:54.4936235Z -- TRACY_LIBBACKTRACE_ELF_DYNLOAD_SUPPORT: OFF
2026-08-03T23:45:54.4936787Z -- TRACY_DEBUGINFOD: OFF
2026-08-03T23:45:54.4938203Z -- TRACY_IGNORE_MEMORY_FAULTS: OFF
2026-08-03T23:45:54.4938704Z -- TRACY_OPENGL_AUTO_CALIBRATION: OFF
2026-08-03T23:45:54.4939167Z -- TRACY_VERBOSE: OFF
2026-08-03T23:45:54.4939845Z -- TRACY_NO_INTERNAL_MESSAGE: OFF
2026-08-03T23:45:54.4941038Z -- TRACY_DEMANGLE: OFF
2026-08-03T23:45:54.6347141Z -- Performing Test HAVE_STDATOMIC
2026-08-03T23:45:55.3028410Z -- Performing Test HAVE_STDATOMIC - Success
2026-08-03T23:45:55.3040341Z -- Found WrapAtomic: TRUE
2026-08-03T23:45:55.4345407Z -- Found WrapVulkanHeaders: C:/VulkanSDK/1.4.350.0/Include
2026-08-03T23:45:55.4764877Z -- Configuring done (77.5s)
2026-08-03T23:45:56.2395492Z -- Generating done (0.8s)
2026-08-03T23:45:56.2415492Z -- Build files have been written to: D:/a/KytyPlus/KytyPlus/_Build/windows
2026-08-03T23:45:56.3026159Z ##[group]Run cmake --build _Build/windows --target launcher --parallel
2026-08-03T23:45:56.3026754Z [36;1mcmake --build _Build/windows --target launcher --parallel[0m
2026-08-03T23:45:56.3046712Z shell: C:\Windows\system32\cmd.EXE /D /E:ON /V:OFF /S /C "CALL "{0}""
2026-08-03T23:45:56.3047082Z env:
2026-08-03T23:45:56.3047271Z   CommandPromptType: Native
2026-08-03T23:45:56.3047655Z   DevEnvDir: C:\Program Files\Microsoft Visual Studio\2022\Enterprise\Common7\IDE\
2026-08-03T23:45:56.3048224Z   ExtensionSdkDir: C:\Program Files (x86)\Microsoft SDKs\Windows Kits\10\ExtensionSDKs
2026-08-03T23:45:56.3050644Z   EXTERNAL_INCLUDE: C:\Program Files\Microsoft Visual Studio\2022\Enterprise\VC\Tools\MSVC\14.44.35207\include;C:\Program Files\Microsoft Visual Studio\2022\Enterprise\VC\Tools\MSVC\14.44.35207\ATLMFC\include;C:\Program Files\Microsoft Visual Studio\2022\Enterprise\VC\Auxiliary\VS\include;C:\Program Files (x86)\Windows Kits\10\include\10.0.26100.0\ucrt;C:\Program Files (x86)\Windows Kits\10\\include\10.0.26100.0\\um;C:\Program Files (x86)\Windows Kits\10\\include\10.0.26100.0\\shared;C:\Program Files (x86)\Windows Kits\10\\include\10.0.26100.0\\winrt;C:\Program Files (x86)\Windows Kits\10\\include\10.0.26100.0\\cppwinrt;C:\Program Files (x86)\Windows Kits\NETFXSDK\4.8\include\um
2026-08-03T23:45:56.3052900Z   Framework40Version: v4.0
2026-08-03T23:45:56.3053178Z   FrameworkDir: C:\Windows\Microsoft.NET\Framework64\
2026-08-03T23:45:56.3053532Z   FrameworkDir64: C:\Windows\Microsoft.NET\Framework64\
2026-08-03T23:45:56.3053832Z   FrameworkVersion: v4.0.30319
2026-08-03T23:45:56.3054067Z   FrameworkVersion64: v4.0.30319
2026-08-03T23:45:56.3054600Z   FSHARPINSTALLDIR: C:\Program Files\Microsoft Visual Studio\2022\Enterprise\Common7\IDE\CommonExtensions\Microsoft\FSharp\Tools
2026-08-03T23:45:56.3055204Z   HTMLHelpDir: C:\Program Files (x86)\HTML Help Workshop
2026-08-03T23:45:56.3055698Z   IFCPATH: C:\Program Files\Microsoft Visual Studio\2022\Enterprise\VC\Tools\MSVC\14.44.35207\ifc\x64
2026-08-03T23:45:56.3058106Z   INCLUDE: C:\Program Files\Microsoft Visual Studio\2022\Enterprise\VC\Tools\MSVC\14.44.35207\include;C:\Program Files\Microsoft Visual Studio\2022\Enterprise\VC\Tools\MSVC\14.44.35207\ATLMFC\include;C:\Program Files\Microsoft Visual Studio\2022\Enterprise\VC\Auxiliary\VS\include;C:\Program Files (x86)\Windows Kits\10\include\10.0.26100.0\ucrt;C:\Program Files (x86)\Windows Kits\10\\include\10.0.26100.0\\um;C:\Program Files (x86)\Windows Kits\10\\include\10.0.26100.0\\shared;C:\Program Files (x86)\Windows Kits\10\\include\10.0.26100.0\\winrt;C:\Program Files (x86)\Windows Kits\10\\include\10.0.26100.0\\cppwinrt;C:\Program Files (x86)\Windows Kits\NETFXSDK\4.8\include\um
2026-08-03T23:45:56.3060483Z   is_x64_arch: true
2026-08-03T23:45:56.3061725Z   LIB: C:\Program Files\Microsoft Visual Studio\2022\Enterprise\VC\Tools\MSVC\14.44.35207\ATLMFC\lib\x64;C:\Program Files\Microsoft Visual Studio\2022\Enterprise\VC\Tools\MSVC\14.44.35207\lib\x64;C:\Program Files (x86)\Windows Kits\NETFXSDK\4.8\lib\um\x64;C:\Program Files (x86)\Windows Kits\10\lib\10.0.26100.0\ucrt\x64;C:\Program Files (x86)\Windows Kits\10\\lib\10.0.26100.0\\um\x64
2026-08-03T23:45:56.3064415Z   LIBPATH: C:\Program Files\Microsoft Visual Studio\2022\Enterprise\VC\Tools\MSVC\14.44.35207\ATLMFC\lib\x64;C:\Program Files\Microsoft Visual Studio\2022\Enterprise\VC\Tools\MSVC\14.44.35207\lib\x64;C:\Program Files\Microsoft Visual Studio\2022\Enterprise\VC\Tools\MSVC\14.44.35207\lib\x86\store\references;C:\Program Files (x86)\Windows Kits\10\UnionMetadata\10.0.26100.0;C:\Program Files (x86)\Windows Kits\10\References\10.0.26100.0;C:\Windows\Microsoft.NET\Framework64\v4.0.30319
2026-08-03T23:45:56.3066143Z   NETFXSDKDir: C:\Program Files (x86)\Windows Kits\NETFXSDK\4.8\
2026-08-03T23:45:56.3083063Z   Path: C:\Program Files\Microsoft Visual Studio\2022\Enterprise\VC\Tools\MSVC\14.44.35207\bin\HostX64\x64;C:\Program Files\Microsoft Visual Studio\2022\Enterprise\Common7\IDE\VC\VCPackages;C:\Program Files\Microsoft Visual Studio\2022\Enterprise\Common7\IDE\CommonExtensions\Microsoft\TestWindow;C:\Program Files\Microsoft Visual Studio\2022\Enterprise\Common7\IDE\CommonExtensions\Microsoft\TeamFoundation\Team Explorer;C:\Program Files\Microsoft Visual Studio\2022\Enterprise\MSBuild\Current\bin\Roslyn;C:\Program Files (x86)\Microsoft SDKs\Windows\v10.0A\bin\NETFX 4.8 Tools\x64\;C:\Program Files (x86)\HTML Help Workshop;C:\Program Files\Microsoft Visual Studio\2022\Enterprise\Common7\IDE\CommonExtensions\Microsoft\FSharp\Tools;C:\Program Files\Microsoft Visual Studio\2022\Enterprise\Team Tools\DiagnosticsHub\Collector;C:\Program Files\Microsoft Visual Studio\2022\Enterprise\Common7\IDE\Extensions\Microsoft\CodeCoverage.Console;C:\Program Files\Microsoft Visual Studio\2022\Enterprise\VC\Tools\Llvm\x64\bin;C:\Program Files (x86)\Windows Kits\10\bin\10.0.26100.0\\x64;C:\Program Files (x86)\Windows Kits\10\bin\\x64;C:\Program Files\Microsoft Visual Studio\2022\Enterprise\\MSBuild\Current\Bin\amd64;C:\Windows\Microsoft.NET\Framework64\v4.0.30319;C:\Program Files\Microsoft Visual Studio\2022\Enterprise\Common7\IDE\;C:\Program Files\Microsoft Visual Studio\2022\Enterprise\Common7\Tools\;C:\Program Files\MongoDB\Server\7.0\bin;C:\aliyun-cli;C:\vcpkg;C:\Program Files (x86)\NSIS\;C:\tools\zstd;C:\Program Files\Mercurial\;C:\hostedtoolcache\windows\stack\3.11.1\x64;C:\cabal\bin;C:\\ghcup\bin;C:\mingw64\bin;C:\Program Files\dotnet;C:\Program Files\MySQL\MySQL Server 8.0\bin;C:\Program Files\R\R-4.6.1\bin\x64;C:\SeleniumWebDrivers\GeckoDriver;C:\SeleniumWebDrivers\EdgeDriver\;C:\SeleniumWebDrivers\ChromeDriver;C:\Program Files (x86)\sbt\bin;C:\Program Files (x86)\GitHub CLI;C:\Program Files\Git\bin;C:\Program Files (x86)\pipx_bin;C:\npm\prefix;C:\hostedtoolcache\windows\go\1.24.13\x64\bin;C:\hostedtoolcache\windows\Python\3.12.10\x64\Scripts;C:\hostedtoolcache\windows\Python\3.12.10\x64;C:\hostedtoolcache\windows\Ruby\3.3.12\x64\bin;C:\Program Files\OpenSSL\bin;C:\tools\kotlinc\bin;C:\hostedtoolcache\windows\Java_Temurin-Hotspot_jdk\8.0.492-9\x64\bin;C:\Program Files\ImageMagick-7.1.2-Q16-HDRI;C:\Program Files\Microsoft SDKs\Azure\CLI2\wbin;C:\ProgramData\kind;C:\ProgramData\Chocolatey\bin;C:\Windows\system32;C:\Windows;C:\Windows\System32\Wbem;C:\Windows\System32\WindowsPowerShell\v1.0\;C:\Windows\System32\OpenSSH\;C:\Program Files\dotnet\;C:\Program Files\PowerShell\7\;C:\Program Files\Microsoft\Web Platform Installer\;C:\Program Files\TortoiseSVN\bin;C:\Program Files\Microsoft SQL Server\Client SDK\ODBC\170\Tools\Binn\;C:\Program Files\Microsoft SQL Server\150\Tools\Binn\;C:\Program Files (x86)\Windows Kits\10\Windows Performance Toolkit\;C:\Program Files (x86)\WiX Toolset v3.14\bin;C:\Program Files\Microsoft SQL Server\130\DTS\Binn\;C:\Program Files\Microsoft SQL Server\140\DTS\Binn\;C:\Program Files\Microsoft SQL Server\150\DTS\Binn\;C:\Program Files\Microsoft SQL Server\160\DTS\Binn\;C:\Program Files\Microsoft SQL Server\170\DTS\Binn\;C:\Strawberry\c\bin;C:\Strawberry\perl\site\bin;C:\Strawberry\perl\bin;C:\ProgramData\chocolatey\lib\pulumi\tools\Pulumi\bin;C:\Program Files\CMake\bin;C:\ProgramData\chocolatey\lib\maven\apache-maven-3.9.16\bin;C:\Program Files\Microsoft Service Fabric\bin\Fabric\Fabric.Code;C:\Program Files\Microsoft SDKs\Service Fabric\Tools\ServiceFabricLocalClusterManager;C:\Program Files\nodejs\;C:\Program Files\Git\cmd;C:\Program Files\Git\mingw64\bin;C:\Program Files\Git\usr\bin;C:\Program Files\GitHub CLI\;c:\tools\php;C:\Program Files\Amazon\AWSCLIV2\;C:\Program Files\Amazon\SessionManagerPlugin\bin\;C:\Program Files\Amazon\AWSSAMCLI\bin\;C:\Program Files\Microsoft SQL Server\130\Tools\Binn\;C:\Program Files\mongosh\;C:\Program Files\LLVM\bin;C:\Program Files (x86)\LLVM\bin;C:\Users\runneradmin\.dotnet\tools;C:\Users\runneradmin\.cargo\bin;C:\Users\runneradmin\AppData\Local\Microsoft\WindowsApps;C:\Program Files\Microsoft Visual Studio\2022\Enterprise\Common7\IDE\CommonExtensions\Microsoft\CMake\CMake\bin;C:\Program Files\Microsoft Visual Studio\2022\Enterprise\Common7\IDE\CommonExtensions\Microsoft\CMake\Ninja;C:\Program Files\Microsoft Visual Studio\2022\Enterprise\Common7\IDE\VC\Linux\bin\ConnectionManagerExe;C:\Program Files\Microsoft Visual Studio\2022\Enterprise\VC\vcpkg
2026-08-03T23:45:56.3098117Z   Platform: x64
2026-08-03T23:45:56.3098312Z   UCRTVersion: 10.0.26100.0
2026-08-03T23:45:56.3098616Z   UniversalCRTSdkDir: C:\Program Files (x86)\Windows Kits\10\
2026-08-03T23:45:56.3099127Z   VCIDEInstallDir: C:\Program Files\Microsoft Visual Studio\2022\Enterprise\Common7\IDE\VC\
2026-08-03T23:45:56.3099677Z   VCINSTALLDIR: C:\Program Files\Microsoft Visual Studio\2022\Enterprise\VC\
2026-08-03T23:45:56.3100174Z   VCPKG_ROOT: C:\Program Files\Microsoft Visual Studio\2022\Enterprise\VC\vcpkg
2026-08-03T23:45:56.3100758Z   VCToolsInstallDir: C:\Program Files\Microsoft Visual Studio\2022\Enterprise\VC\Tools\MSVC\14.44.35207\
2026-08-03T23:45:56.3101419Z   VCToolsRedistDir: C:\Program Files\Microsoft Visual Studio\2022\Enterprise\VC\Redist\MSVC\14.44.35112\
2026-08-03T23:45:56.3101894Z   VCToolsVersion: 14.44.35207
2026-08-03T23:45:56.3102125Z   VisualStudioVersion: 17.0
2026-08-03T23:45:56.3102501Z   VS170COMNTOOLS: C:\Program Files\Microsoft Visual Studio\2022\Enterprise\Common7\Tools\
2026-08-03T23:45:56.3102920Z   VSCMD_ARG_app_plat: Desktop
2026-08-03T23:45:56.3103140Z   VSCMD_ARG_HOST_ARCH: x64
2026-08-03T23:45:56.3103348Z   VSCMD_ARG_TGT_ARCH: x64
2026-08-03T23:45:56.3103541Z   VSCMD_VER: 17.14.37
2026-08-03T23:45:56.3103854Z   VSINSTALLDIR: C:\Program Files\Microsoft Visual Studio\2022\Enterprise\
2026-08-03T23:45:56.3104342Z   VSSDK150INSTALL: C:\Program Files\Microsoft Visual Studio\2022\Enterprise\VSSDK
2026-08-03T23:45:56.3104839Z   VSSDKINSTALL: C:\Program Files\Microsoft Visual Studio\2022\Enterprise\VSSDK
2026-08-03T23:45:56.3105540Z   WindowsLibPath: C:\Program Files (x86)\Windows Kits\10\UnionMetadata\10.0.26100.0;C:\Program Files (x86)\Windows Kits\10\References\10.0.26100.0
2026-08-03T23:45:56.3106197Z   WindowsSdkBinPath: C:\Program Files (x86)\Windows Kits\10\bin\
2026-08-03T23:45:56.3106589Z   WindowsSdkDir: C:\Program Files (x86)\Windows Kits\10\
2026-08-03T23:45:56.3106898Z   WindowsSDKLibVersion: 10.0.26100.0\
2026-08-03T23:45:56.3107268Z   WindowsSdkVerBinPath: C:\Program Files (x86)\Windows Kits\10\bin\10.0.26100.0\
2026-08-03T23:45:56.3107671Z   WindowsSDKVersion: 10.0.26100.0\
2026-08-03T23:45:56.3108140Z   WindowsSDK_ExecutablePath_x64: C:\Program Files (x86)\Microsoft SDKs\Windows\v10.0A\bin\NETFX 4.8 Tools\x64\
2026-08-03T23:45:56.3108893Z   WindowsSDK_ExecutablePath_x86: C:\Program Files (x86)\Microsoft SDKs\Windows\v10.0A\bin\NETFX 4.8 Tools\
2026-08-03T23:45:56.3109347Z   __DOTNET_ADD_64BIT: 1
2026-08-03T23:45:56.3109564Z   __DOTNET_PREFERRED_BITNESS: 64
2026-08-03T23:45:56.3118523Z   __VSCMD_PREINIT_PATH: C:\Program Files\MongoDB\Server\7.0\bin;C:\aliyun-cli;C:\vcpkg;C:\Program Files (x86)\NSIS\;C:\tools\zstd;C:\Program Files\Mercurial\;C:\hostedtoolcache\windows\stack\3.11.1\x64;C:\cabal\bin;C:\\ghcup\bin;C:\mingw64\bin;C:\Program Files\dotnet;C:\Program Files\MySQL\MySQL Server 8.0\bin;C:\Program Files\R\R-4.6.1\bin\x64;C:\SeleniumWebDrivers\GeckoDriver;C:\SeleniumWebDrivers\EdgeDriver\;C:\SeleniumWebDrivers\ChromeDriver;C:\Program Files (x86)\sbt\bin;C:\Program Files (x86)\GitHub CLI;C:\Program Files\Git\bin;C:\Program Files (x86)\pipx_bin;C:\npm\prefix;C:\hostedtoolcache\windows\go\1.24.13\x64\bin;C:\hostedtoolcache\windows\Python\3.12.10\x64\Scripts;C:\hostedtoolcache\windows\Python\3.12.10\x64;C:\hostedtoolcache\windows\Ruby\3.3.12\x64\bin;C:\Program Files\OpenSSL\bin;C:\tools\kotlinc\bin;C:\hostedtoolcache\windows\Java_Temurin-Hotspot_jdk\8.0.492-9\x64\bin;C:\Program Files\ImageMagick-7.1.2-Q16-HDRI;C:\Program Files\Microsoft SDKs\Azure\CLI2\wbin;C:\ProgramData\kind;C:\ProgramData\Chocolatey\bin;C:\Windows\system32;C:\Windows;C:\Windows\System32\Wbem;C:\Windows\System32\WindowsPowerShell\v1.0\;C:\Windows\System32\OpenSSH\;C:\Program Files\dotnet\;C:\Program Files\PowerShell\7\;C:\Program Files\Microsoft\Web Platform Installer\;C:\Program Files\TortoiseSVN\bin;C:\Program Files\Microsoft SQL Server\Client SDK\ODBC\170\Tools\Binn\;C:\Program Files\Microsoft SQL Server\150\Tools\Binn\;C:\Program Files (x86)\Windows Kits\10\Windows Performance Toolkit\;C:\Program Files (x86)\WiX Toolset v3.14\bin;C:\Program Files\Microsoft SQL Server\130\DTS\Binn\;C:\Program Files\Microsoft SQL Server\140\DTS\Binn\;C:\Program Files\Microsoft SQL Server\150\DTS\Binn\;C:\Program Files\Microsoft SQL Server\160\DTS\Binn\;C:\Program Files\Microsoft SQL Server\170\DTS\Binn\;C:\Strawberry\c\bin;C:\Strawberry\perl\site\bin;C:\Strawberry\perl\bin;C:\ProgramData\chocolatey\lib\pulumi\tools\Pulumi\bin;C:\Program Files\CMake\bin;C:\ProgramData\chocolatey\lib\maven\apache-maven-3.9.16\bin;C:\Program Files\Microsoft Service Fabric\bin\Fabric\Fabric.Code;C:\Program Files\Microsoft SDKs\Service Fabric\Tools\ServiceFabricLocalClusterManager;C:\Program Files\nodejs\;C:\Program Files\Git\cmd;C:\Program Files\Git\mingw64\bin;C:\Program Files\Git\usr\bin;C:\Program Files\GitHub CLI\;c:\tools\php;C:\Program Files\Amazon\AWSCLIV2\;C:\Program Files\Amazon\SessionManagerPlugin\bin\;C:\Program Files\Amazon\AWSSAMCLI\bin\;C:\Program Files\Microsoft SQL Server\130\Tools\Binn\;C:\Program Files\mongosh\;C:\Program Files\LLVM\bin;C:\Program Files (x86)\LLVM\bin;C:\Users\runneradmin\.dotnet\tools;C:\Users\runneradmin\.cargo\bin;C:\Users\runneradmin\AppData\Local\Microsoft\WindowsApps
2026-08-03T23:45:56.3130016Z   VULKAN_SDK: C:\VulkanSDK\1.4.350.0
2026-08-03T23:45:56.3130279Z   VULKAN_VERSION: 1.4.350.0
2026-08-03T23:45:56.3130585Z   pythonLocation: C:\hostedtoolcache\windows\Python\3.12.10\x64
2026-08-03T23:45:56.3131039Z   PKG_CONFIG_PATH: C:\hostedtoolcache\windows\Python\3.12.10\x64/lib/pkgconfig
2026-08-03T23:45:56.3131495Z   Python_ROOT_DIR: C:\hostedtoolcache\windows\Python\3.12.10\x64
2026-08-03T23:45:56.3131902Z   Python2_ROOT_DIR: C:\hostedtoolcache\windows\Python\3.12.10\x64
2026-08-03T23:45:56.3132303Z   Python3_ROOT_DIR: C:\hostedtoolcache\windows\Python\3.12.10\x64
2026-08-03T23:45:56.3132660Z   QT_ROOT_DIR: D:\a\KytyPlus\Qt\6.10.3\msvc2022_64
2026-08-03T23:45:56.3132998Z   QT_PLUGIN_PATH: D:\a\KytyPlus\Qt\6.10.3\msvc2022_64\plugins
2026-08-03T23:45:56.3133361Z   QML2_IMPORT_PATH: D:\a\KytyPlus\Qt\6.10.3\msvc2022_64\qml
2026-08-03T23:45:56.3133657Z ##[endgroup]
2026-08-03T23:45:56.3965392Z [0/2] Re-checking globbed directories...
2026-08-03T23:45:56.7399200Z [1/726] Generate language specific header for DebugInfo.
2026-08-03T23:45:56.7430006Z [2/726] Generate language specific header for NonSemanticShaderDebugInfo100.
2026-08-03T23:45:56.7460977Z [3/726] Generate language specific header for OpenCLDebugInfo100.
2026-08-03T23:45:57.2416941Z [4/726] Generate grammar tables
2026-08-03T23:45:57.3993662Z [5/726] Building C object 3rdparty\cpuinfo\CMakeFiles\cpuinfo.dir\src\init.c.obj
2026-08-03T23:45:57.4054655Z [6/726] Update build-version.inc in the SPIRV-Tools build directory (if necessary).
2026-08-03T23:45:57.5145346Z [7/726] Building C object 3rdparty\cpuinfo\CMakeFiles\cpuinfo.dir\src\api.c.obj
2026-08-03T23:45:58.0067150Z [8/726] Building C object 3rdparty\cpuinfo\CMakeFiles\cpuinfo.dir\src\x86\init.c.obj
2026-08-03T23:45:58.0469223Z [9/726] Building C object 3rdparty\cpuinfo\CMakeFiles\cpuinfo.dir\deps\clog\src\clog.c.obj
2026-08-03T23:45:58.0520955Z [10/726] Generate tables based on the SPIR-V XML registry.
2026-08-03T23:45:58.1221494Z [11/726] Building C object 3rdparty\cpuinfo\CMakeFiles\cpuinfo.dir\src\x86\vendor.c.obj
2026-08-03T23:45:58.1276269Z [12/726] Building C object 3rdparty\cpuinfo\CMakeFiles\cpuinfo.dir\src\x86\info.c.obj
2026-08-03T23:45:58.1326684Z [13/726] Building C object 3rdparty\cpuinfo\CMakeFiles\cpuinfo.dir\src\x86\uarch.c.obj
2026-08-03T23:45:58.3002298Z [14/726] Building C object 3rdparty\cpuinfo\CMakeFiles\cpuinfo.dir\src\cache.c.obj
2026-08-03T23:45:58.3048704Z [15/726] Building C object 3rdparty\cpuinfo\CMakeFiles\cpuinfo.dir\src\x86\name.c.obj
2026-08-03T23:45:58.8177760Z [16/726] Building C object 3rdparty\cpuinfo\CMakeFiles\cpuinfo.dir\src\x86\isa.c.obj
2026-08-03T23:45:58.8216623Z [17/726] Building C object 3rdparty\cpuinfo\CMakeFiles\cpuinfo.dir\src\x86\cache\descriptor.c.obj
2026-08-03T23:45:58.8232172Z [18/726] Building C object 3rdparty\cpuinfo\CMakeFiles\cpuinfo.dir\src\x86\topology.c.obj
2026-08-03T23:45:58.9892338Z [19/726] Building C object 3rdparty\cpuinfo\CMakeFiles\cpuinfo.dir\src\x86\cache\init.c.obj
2026-08-03T23:45:59.0038459Z [20/726] Building CXX object 3rdparty\fmt\CMakeFiles\fmt.dir\src\os.cc.obj
2026-08-03T23:45:59.0660738Z [21/726] Generating include/SDL2/SDL_atomic.h
2026-08-03T23:45:59.0687610Z [22/726] Generating include/SDL2/SDL.h
2026-08-03T23:45:59.0709669Z [23/726] Generating include/SDL2/SDL_assert.h
2026-08-03T23:45:59.1495401Z [24/726] Generating include/SDL2/SDL_bits.h
2026-08-03T23:45:59.1506376Z [25/726] Generating include/SDL2/SDL_audio.h
2026-08-03T23:45:59.1762298Z [26/726] Generating include/SDL2/SDL_blendmode.h
2026-08-03T23:45:59.2197676Z [27/726] Generating include/SDL2/SDL_copying.h
2026-08-03T23:45:59.2376738Z [28/726] Generating include/SDL2/SDL_clipboard.h
2026-08-03T23:45:59.2709133Z [29/726] Generating include/SDL2/SDL_cpuinfo.h
2026-08-03T23:45:59.2839010Z [30/726] Building C object 3rdparty\cpuinfo\CMakeFiles\cpuinfo.dir\src\x86\cache\deterministic.c.obj
2026-08-03T23:45:59.3004162Z [31/726] Generating include/SDL2/SDL_egl.h
2026-08-03T23:45:59.3195291Z [32/726] Generating include/SDL2/SDL_endian.h
2026-08-03T23:45:59.3325154Z [33/726] Generating include/SDL2/SDL_error.h
2026-08-03T23:45:59.3354490Z [34/726] Generating include/SDL2/SDL_events.h
2026-08-03T23:45:59.3474745Z [35/726] Generating include/SDL2/SDL_filesystem.h
2026-08-03T23:45:59.3675614Z [36/726] Generating include/SDL2/SDL_gamecontroller.h
2026-08-03T23:45:59.3859190Z [37/726] Generating include/SDL2/SDL_gesture.h
2026-08-03T23:45:59.3970618Z [38/726] Generating include/SDL2/SDL_guid.h
2026-08-03T23:45:59.4183430Z [39/726] Generating include/SDL2/SDL_haptic.h
2026-08-03T23:45:59.4326276Z [40/726] Generating include/SDL2/SDL_hidapi.h
2026-08-03T23:45:59.4562919Z [41/726] Generating include/SDL2/SDL_hints.h
2026-08-03T23:45:59.4604249Z [42/726] Generating include/SDL2/SDL_joystick.h
2026-08-03T23:45:59.4872265Z [43/726] Generating include/SDL2/SDL_keyboard.h
2026-08-03T23:45:59.4927403Z [44/726] Generating include/SDL2/SDL_keycode.h
2026-08-03T23:45:59.5188703Z [45/726] Generating include/SDL2/SDL_locale.h
2026-08-03T23:45:59.5207577Z [46/726] Generating include/SDL2/SDL_loadso.h
2026-08-03T23:45:59.5452405Z [47/726] Generating include/SDL2/SDL_log.h
2026-08-03T23:45:59.5514708Z [48/726] Generating include/SDL2/SDL_main.h
2026-08-03T23:45:59.5812093Z [49/726] Building C object 3rdparty\cpuinfo\CMakeFiles\cpuinfo.dir\src\x86\windows\init.c.obj
2026-08-03T23:45:59.5826237Z [50/726] Generating include/SDL2/SDL_messagebox.h
2026-08-03T23:45:59.5840352Z [51/726] Generating include/SDL2/SDL_metal.h
2026-08-03T23:45:59.5853931Z [52/726] Generating include/SDL2/SDL_misc.h
2026-08-03T23:45:59.5884452Z [53/726] Generating include/SDL2/SDL_mouse.h
2026-08-03T23:45:59.6228001Z [54/726] Generating include/SDL2/SDL_opengl.h
2026-08-03T23:45:59.6262850Z [55/726] Generating include/SDL2/SDL_name.h
2026-08-03T23:45:59.6289527Z [56/726] Generating include/SDL2/SDL_opengles.h
2026-08-03T23:45:59.6294907Z [57/726] Generating include/SDL2/SDL_mutex.h
2026-08-03T23:45:59.6610413Z [58/726] Generating include/SDL2/SDL_opengl_glext.h
2026-08-03T23:45:59.6622587Z [59/726] Generating include/SDL2/SDL_opengles2_gl2.h
2026-08-03T23:45:59.6647082Z [60/726] Generating include/SDL2/SDL_opengles2.h
2026-08-03T23:45:59.6745909Z [61/726] Generating include/SDL2/SDL_opengles2_gl2ext.h
2026-08-03T23:45:59.6971028Z [62/726] Generating include/SDL2/SDL_opengles2_gl2platform.h
2026-08-03T23:45:59.7013283Z [63/726] Generating include/SDL2/SDL_platform.h
2026-08-03T23:45:59.7031177Z [64/726] Generating include/SDL2/SDL_pixels.h
2026-08-03T23:45:59.7108991Z [65/726] Generating include/SDL2/SDL_opengles2_khrplatform.h
2026-08-03T23:45:59.7343535Z [66/726] Generating include/SDL2/SDL_power.h
2026-08-03T23:45:59.7379891Z [67/726] Generating include/SDL2/SDL_quit.h
2026-08-03T23:45:59.7401283Z [68/726] Generating include/SDL2/SDL_rect.h
2026-08-03T23:45:59.7689200Z [69/726] Generating include/SDL2/SDL_render.h
2026-08-03T23:45:59.7722132Z [70/726] Generating include/SDL2/SDL_rwops.h
2026-08-03T23:45:59.7735202Z [71/726] Generating include/SDL2/SDL_sensor.h
2026-08-03T23:45:59.7750535Z [72/726] Generating include/SDL2/SDL_scancode.h
2026-08-03T23:45:59.7831508Z [73/726] Generating include/SDL2/SDL_shape.h
2026-08-03T23:45:59.8159281Z [74/726] Generating include/SDL2/SDL_stdinc.h
2026-08-03T23:45:59.8173077Z [75/726] Generating include/SDL2/SDL_system.h
2026-08-03T23:45:59.8188292Z [76/726] Generating include/SDL2/SDL_surface.h
2026-08-03T23:45:59.8288123Z [77/726] Generating include/SDL2/SDL_syswm.h
2026-08-03T23:45:59.8305279Z [78/726] Generating include/SDL2/SDL_test.h
2026-08-03T23:45:59.8634419Z [79/726] Generating include/SDL2/SDL_test_compare.h
2026-08-03T23:45:59.8643651Z [80/726] Generating include/SDL2/SDL_test_assert.h
2026-08-03T23:45:59.8660924Z [81/726] Generating include/SDL2/SDL_test_common.h
2026-08-03T23:45:59.8750970Z [82/726] Generating include/SDL2/SDL_test_crc32.h
2026-08-03T23:45:59.8949156Z [83/726] Generating include/SDL2/SDL_test_font.h
2026-08-03T23:45:59.8977820Z [84/726] Generating include/SDL2/SDL_test_fuzzer.h
2026-08-03T23:45:59.9074929Z [85/726] Generating include/SDL2/SDL_test_harness.h
2026-08-03T23:45:59.9180286Z [86/726] Generating include/SDL2/SDL_test_images.h
2026-08-03T23:45:59.9249940Z [87/726] Generating include/SDL2/SDL_test_log.h
2026-08-03T23:45:59.9356155Z [88/726] Generating include/SDL2/SDL_test_memory.h
2026-08-03T23:45:59.9471858Z [89/726] Generating include/SDL2/SDL_test_md5.h
2026-08-03T23:45:59.9570659Z [90/726] Generating include/SDL2/SDL_test_random.h
2026-08-03T23:45:59.9599112Z [91/726] Generating include/SDL2/SDL_thread.h
2026-08-03T23:45:59.9734157Z [92/726] Generating include/SDL2/SDL_touch.h
2026-08-03T23:45:59.9810402Z [93/726] Generating include/SDL2/SDL_timer.h
2026-08-03T23:45:59.9854675Z [94/726] Generating include/SDL2/SDL_types.h
2026-08-03T23:46:00.0021915Z [95/726] Generating include/SDL2/SDL_version.h
2026-08-03T23:46:00.0215026Z [96/726] Generating include/SDL2/SDL_video.h
2026-08-03T23:46:00.0306857Z [97/726] Generating include/SDL2/SDL_vulkan.h
2026-08-03T23:46:00.0336719Z [98/726] Generating include/SDL2/close_code.h
2026-08-03T23:46:00.0375282Z [99/726] Generating include/SDL2/begin_code.h
2026-08-03T23:46:01.9109975Z [100/726] Building CXX object 3rdparty\SPIRV-Tools\source\CMakeFiles\SPIRV-Tools-static.dir\util\bit_vector.cpp.obj
2026-08-03T23:46:02.4897027Z [101/726] Building CXX object 3rdparty\SPIRV-Tools\source\CMakeFiles\SPIRV-Tools-static.dir\util\string_utils.cpp.obj
2026-08-03T23:46:02.5371120Z [102/726] Building CXX object 3rdparty\SPIRV-Tools\source\CMakeFiles\SPIRV-Tools-static.dir\assembly_grammar.cpp.obj
2026-08-03T23:46:02.9191437Z [103/726] Building CXX object 3rdparty\SPIRV-Tools\source\CMakeFiles\SPIRV-Tools-static.dir\util\parse_number.cpp.obj
2026-08-03T23:46:02.9301035Z [104/726] Building CXX object 3rdparty\fmt\CMakeFiles\fmt.dir\src\format.cc.obj
2026-08-03T23:46:02.9419673Z [105/726] Building CXX object 3rdparty\SPIRV-Tools\source\CMakeFiles\SPIRV-Tools-static.dir\binary.cpp.obj
2026-08-03T23:46:04.5298723Z [106/726] Building CXX object 3rdparty\SPIRV-Tools\source\CMakeFiles\SPIRV-Tools-static.dir\diagnostic.cpp.obj
2026-08-03T23:46:04.8423053Z [107/726] Building CXX object 3rdparty\SPIRV-Tools\source\CMakeFiles\SPIRV-Tools-static.dir\ext_inst.cpp.obj
2026-08-03T23:46:05.5037371Z [108/726] Building CXX object 3rdparty\SPIRV-Tools\source\CMakeFiles\SPIRV-Tools-static.dir\libspirv.cpp.obj
2026-08-03T23:46:05.6366354Z [109/726] Building CXX object 3rdparty\SPIRV-Tools\source\CMakeFiles\SPIRV-Tools-static.dir\extensions.cpp.obj
2026-08-03T23:46:06.6547684Z [110/726] Building CXX object 3rdparty\SPIRV-Tools\source\CMakeFiles\SPIRV-Tools-static.dir\opcode.cpp.obj
2026-08-03T23:46:06.7775504Z [111/726] Building CXX object 3rdparty\SPIRV-Tools\source\CMakeFiles\SPIRV-Tools-static.dir\disassemble.cpp.obj
2026-08-03T23:46:06.8471347Z [112/726] Building CXX object 3rdparty\SPIRV-Tools\source\CMakeFiles\SPIRV-Tools-static.dir\name_mapper.cpp.obj
2026-08-03T23:46:06.8562470Z [113/726] Building CXX object 3rdparty\SPIRV-Tools\source\CMakeFiles\SPIRV-Tools-static.dir\spirv_endian.cpp.obj
2026-08-03T23:46:06.8618468Z [114/726] Building CXX object 3rdparty\SPIRV-Tools\source\CMakeFiles\SPIRV-Tools-static.dir\software_version.cpp.obj
2026-08-03T23:46:07.3068121Z [115/726] Building CXX object 3rdparty\SPIRV-Tools\source\CMakeFiles\SPIRV-Tools-static.dir\spirv_optimizer_options.cpp.obj
2026-08-03T23:46:07.5547653Z [116/726] Building CXX object 3rdparty\SPIRV-Tools\source\CMakeFiles\SPIRV-Tools-static.dir\operand.cpp.obj
2026-08-03T23:46:07.5566890Z [117/726] Building CXX object 3rdparty\SPIRV-Tools\source\CMakeFiles\SPIRV-Tools-static.dir\parsed_operand.cpp.obj
2026-08-03T23:46:07.9169322Z [118/726] Building CXX object 3rdparty\SPIRV-Tools\source\CMakeFiles\SPIRV-Tools-static.dir\spirv_validator_options.cpp.obj
2026-08-03T23:46:07.9497733Z [119/726] Building CXX object 3rdparty\SPIRV-Tools\source\CMakeFiles\SPIRV-Tools-static.dir\print.cpp.obj
2026-08-03T23:46:08.1539833Z [120/726] Building CXX object 3rdparty\SPIRV-Tools\source\CMakeFiles\SPIRV-Tools-static.dir\spirv_fuzzer_options.cpp.obj
2026-08-03T23:46:08.1617262Z [121/726] Building CXX object 3rdparty\SPIRV-Tools\source\CMakeFiles\SPIRV-Tools-static.dir\spirv_reducer_options.cpp.obj
2026-08-03T23:46:09.6247690Z [122/726] Building CXX object 3rdparty\SPIRV-Tools\source\CMakeFiles\SPIRV-Tools-static.dir\spirv_target_env.cpp.obj
2026-08-03T23:46:09.9384338Z [123/726] Building CXX object 3rdparty\SPIRV-Tools\source\CMakeFiles\SPIRV-Tools-static.dir\table.cpp.obj
2026-08-03T23:46:10.0451515Z [124/726] Building CXX object 3rdparty\SPIRV-Tools\source\CMakeFiles\SPIRV-Tools-static.dir\to_string.cpp.obj
2026-08-03T23:46:10.6393084Z [125/726] Building CXX object 3rdparty\SPIRV-Tools\source\CMakeFiles\SPIRV-Tools-static.dir\table2.cpp.obj
2026-08-03T23:46:11.5802724Z [126/726] Building CXX object 3rdparty\SPIRV-Tools\source\CMakeFiles\SPIRV-Tools-static.dir\text.cpp.obj
2026-08-03T23:46:12.2677500Z [127/726] Building CXX object 3rdparty\SPIRV-Tools\source\CMakeFiles\SPIRV-Tools-static.dir\text_handler.cpp.obj
2026-08-03T23:46:12.5963049Z [128/726] Building CXX object 3rdparty\SPIRV-Tools\source\CMakeFiles\SPIRV-Tools-static.dir\val\validate_adjacency.cpp.obj
2026-08-03T23:46:14.3222410Z [129/726] Building CXX object 3rdparty\SPIRV-Tools\source\CMakeFiles\SPIRV-Tools-static.dir\val\validate_annotation.cpp.obj
2026-08-03T23:46:14.6593333Z [130/726] Building CXX object 3rdparty\SPIRV-Tools\source\CMakeFiles\SPIRV-Tools-static.dir\val\validate.cpp.obj
2026-08-03T23:46:14.9803006Z [131/726] Building CXX object 3rdparty\SPIRV-Tools\source\CMakeFiles\SPIRV-Tools-static.dir\val\validate_arithmetics.cpp.obj
2026-08-03T23:46:15.1134529Z [132/726] Building CXX object 3rdparty\SPIRV-Tools\source\CMakeFiles\SPIRV-Tools-static.dir\val\validate_atomics.cpp.obj
2026-08-03T23:46:15.3340900Z [133/726] Building CXX object 3rdparty\SPIRV-Tools\source\CMakeFiles\SPIRV-Tools-static.dir\val\validate_barriers.cpp.obj
2026-08-03T23:46:16.0479971Z [134/726] Building CXX object 3rdparty\SPIRV-Tools\source\CMakeFiles\SPIRV-Tools-static.dir\val\validate_bitwise.cpp.obj
2026-08-03T23:46:18.1063982Z [135/726] Building CXX object 3rdparty\SPIRV-Tools\source\CMakeFiles\SPIRV-Tools-static.dir\val\validate_capability.cpp.obj
2026-08-03T23:46:18.6730931Z [136/726] Building CXX object 3rdparty\SPIRV-Tools\source\CMakeFiles\SPIRV-Tools-static.dir\val\validate_composites.cpp.obj
2026-08-03T23:46:19.3368028Z [137/726] Building CXX object 3rdparty\SPIRV-Tools\source\CMakeFiles\SPIRV-Tools-static.dir\val\validate_constants.cpp.obj
2026-08-03T23:46:20.1143805Z [138/726] Building CXX object 3rdparty\SPIRV-Tools\source\CMakeFiles\SPIRV-Tools-static.dir\val\validate_conversion.cpp.obj
2026-08-03T23:46:21.5573960Z [139/726] Building CXX object 3rdparty\SPIRV-Tools\source\CMakeFiles\SPIRV-Tools-static.dir\val\validate_debug.cpp.obj
2026-08-03T23:46:21.7219688Z [140/726] Building CXX object 3rdparty\SPIRV-Tools\source\CMakeFiles\SPIRV-Tools-static.dir\val\validate_cfg.cpp.obj
2026-08-03T23:46:22.9285451Z [141/726] Building CXX object 3rdparty\SPIRV-Tools\source\CMakeFiles\SPIRV-Tools-static.dir\val\validate_derivatives.cpp.obj
2026-08-03T23:46:24.4702332Z [142/726] Building CXX object 3rdparty\SPIRV-Tools\source\CMakeFiles\SPIRV-Tools-static.dir\val\validate_execution_limitations.cpp.obj
2026-08-03T23:46:24.9006652Z [143/726] Building CXX object 3rdparty\SPIRV-Tools\source\CMakeFiles\SPIRV-Tools-static.dir\val\validate_builtins.cpp.obj
2026-08-03T23:46:25.2679213Z [144/726] Building CXX object 3rdparty\SPIRV-Tools\source\CMakeFiles\SPIRV-Tools-static.dir\val\validate_function.cpp.obj
2026-08-03T23:46:25.6187735Z [145/726] Building CXX object 3rdparty\SPIRV-Tools\source\CMakeFiles\SPIRV-Tools-static.dir\val\validate_decorations.cpp.obj
2026-08-03T23:46:27.2924181Z [146/726] Building CXX object 3rdparty\SPIRV-Tools\source\CMakeFiles\SPIRV-Tools-static.dir\val\validate_graph.cpp.obj
2026-08-03T23:46:27.2942738Z [147/726] Building CXX object 3rdparty\SPIRV-Tools\source\CMakeFiles\SPIRV-Tools-static.dir\val\validate_extensions.cpp.obj
2026-08-03T23:46:28.7082847Z [148/726] Building CXX object 3rdparty\SPIRV-Tools\source\CMakeFiles\SPIRV-Tools-static.dir\val\validate_id.cpp.obj
2026-08-03T23:46:29.3029779Z [149/726] Building CXX object 3rdparty\SPIRV-Tools\source\CMakeFiles\SPIRV-Tools-static.dir\val\validate_image.cpp.obj
2026-08-03T23:46:29.5317139Z [150/726] Building CXX object 3rdparty\SPIRV-Tools\source\CMakeFiles\SPIRV-Tools-static.dir\val\validate_interfaces.cpp.obj
2026-08-03T23:46:29.6804480Z [151/726] Building CXX object 3rdparty\SPIRV-Tools\source\CMakeFiles\SPIRV-Tools-static.dir\val\validate_layout.cpp.obj
2026-08-03T23:46:29.8553816Z [152/726] Building CXX object 3rdparty\SPIRV-Tools\source\CMakeFiles\SPIRV-Tools-static.dir\val\validate_instruction.cpp.obj
2026-08-03T23:46:31.6328993Z [153/726] Building CXX object 3rdparty\SPIRV-Tools\source\CMakeFiles\SPIRV-Tools-static.dir\val\validate_literals.cpp.obj
2026-08-03T23:46:32.2337833Z [154/726] Building CXX object 3rdparty\SPIRV-Tools\source\CMakeFiles\SPIRV-Tools-static.dir\val\validate_logicals.cpp.obj
2026-08-03T23:46:32.7060422Z [155/726] Building CXX object 3rdparty\SPIRV-Tools\source\CMakeFiles\SPIRV-Tools-static.dir\val\validate_mesh_shading.cpp.obj
2026-08-03T23:46:33.2681131Z [156/726] Building CXX object 3rdparty\SPIRV-Tools\source\CMakeFiles\SPIRV-Tools-static.dir\val\validate_memory_semantics.cpp.obj
2026-08-03T23:46:33.7437635Z [157/726] Building CXX object 3rdparty\SPIRV-Tools\source\CMakeFiles\SPIRV-Tools-static.dir\val\validate_misc.cpp.obj
2026-08-03T23:46:35.0439335Z [158/726] Building CXX object 3rdparty\SPIRV-Tools\source\CMakeFiles\SPIRV-Tools-static.dir\val\validate_memory.cpp.obj
2026-08-03T23:46:35.5732566Z [159/726] Building CXX object 3rdparty\SPIRV-Tools\source\CMakeFiles\SPIRV-Tools-static.dir\val\validate_non_uniform.cpp.obj
2026-08-03T23:46:35.5783961Z [160/726] Building CXX object 3rdparty\SPIRV-Tools\source\CMakeFiles\SPIRV-Tools-static.dir\val\validate_primitives.cpp.obj
2026-08-03T23:46:36.7455993Z [161/726] Building CXX object 3rdparty\SPIRV-Tools\source\CMakeFiles\SPIRV-Tools-static.dir\val\validate_mode_setting.cpp.obj
2026-08-03T23:46:36.8419091Z [162/726] Building CXX object 3rdparty\SPIRV-Tools\source\CMakeFiles\SPIRV-Tools-static.dir\val\validate_ray_query.cpp.obj
2026-08-03T23:46:37.3349510Z [163/726] Building CXX object 3rdparty\SPIRV-Tools\source\CMakeFiles\SPIRV-Tools-static.dir\val\validate_ray_tracing.cpp.obj
2026-08-03T23:46:38.9449805Z [164/726] Building CXX object 3rdparty\SPIRV-Tools\source\CMakeFiles\SPIRV-Tools-static.dir\val\validate_ray_tracing_reorder.cpp.obj
2026-08-03T23:46:39.0642724Z [165/726] Building CXX object 3rdparty\SPIRV-Tools\source\CMakeFiles\SPIRV-Tools-static.dir\val\validate_small_type_uses.cpp.obj
2026-08-03T23:46:39.3178676Z [166/726] Building CXX object 3rdparty\SPIRV-Tools\source\CMakeFiles\SPIRV-Tools-static.dir\val\validate_tensor_layout.cpp.obj
2026-08-03T23:46:39.5914158Z [167/726] Building CXX object 3rdparty\SPIRV-Tools\source\CMakeFiles\SPIRV-Tools-static.dir\val\validate_scopes.cpp.obj
2026-08-03T23:46:41.3778096Z [168/726] Building CXX object 3rdparty\SPIRV-Tools\source\CMakeFiles\SPIRV-Tools-static.dir\val\validate_tensor.cpp.obj
2026-08-03T23:46:41.5122837Z [169/726] Building CXX object 3rdparty\SPIRV-Tools\source\CMakeFiles\SPIRV-Tools-static.dir\val\basic_block.cpp.obj
2026-08-03T23:46:42.1232592Z [170/726] Building CXX object 3rdparty\SPIRV-Tools\source\CMakeFiles\SPIRV-Tools-static.dir\val\validate_invalid_type.cpp.obj
2026-08-03T23:46:42.1533842Z [171/726] Building CXX object 3rdparty\SPIRV-Tools\source\CMakeFiles\SPIRV-Tools-static.dir\val\construct.cpp.obj
2026-08-03T23:46:42.7853143Z [172/726] Building CXX object 3rdparty\SPIRV-Tools\source\CMakeFiles\SPIRV-Tools-static.dir\val\validate_type.cpp.obj
2026-08-03T23:46:43.4757417Z [173/726] Building CXX object 3rdparty\SPIRV-Tools\source\CMakeFiles\SPIRV-Tools-static.dir\val\instruction.cpp.obj
2026-08-03T23:46:44.8582378Z [174/726] Building CXX object 3rdparty\SPIRV-Tools\source\CMakeFiles\SPIRV-Tools-static.dir\val\function.cpp.obj
2026-08-03T23:46:44.9368348Z [175/726] Linking CXX static library 3rdparty\fmt\fmt.lib
2026-08-03T23:46:47.6444102Z [176/726] Building CXX object 3rdparty\spdlog\CMakeFiles\spdlog.dir\src\color_sinks.cpp.obj
2026-08-03T23:46:47.6831005Z [177/726] Building CXX object 3rdparty\spdlog\CMakeFiles\spdlog.dir\src\stdout_sinks.cpp.obj
2026-08-03T23:46:48.0478884Z [178/726] Building CXX object 3rdparty\spdlog\CMakeFiles\spdlog.dir\src\file_sinks.cpp.obj
2026-08-03T23:46:48.5096339Z [179/726] Building CXX object 3rdparty\spdlog\CMakeFiles\spdlog.dir\src\async.cpp.obj
2026-08-03T23:46:48.6260352Z [180/726] Building C object 3rdparty\CMakeFiles\LibAtrac9.dir\LibAtrac9\C\src\band_extension.c.obj
2026-08-03T23:46:48.9156583Z [181/726] Building C object 3rdparty\CMakeFiles\LibAtrac9.dir\LibAtrac9\C\src\bit_allocation.c.obj
2026-08-03T23:46:49.2048836Z [182/726] Building C object 3rdparty\CMakeFiles\LibAtrac9.dir\LibAtrac9\C\src\bit_reader.c.obj
2026-08-03T23:46:49.4490093Z [183/726] Building C object 3rdparty\CMakeFiles\LibAtrac9.dir\LibAtrac9\C\src\decoder.c.obj
2026-08-03T23:46:49.4836002Z [184/726] Building C object 3rdparty\CMakeFiles\LibAtrac9.dir\LibAtrac9\C\src\decinit.c.obj
2026-08-03T23:46:49.6761457Z [185/726] Building C object 3rdparty\CMakeFiles\LibAtrac9.dir\LibAtrac9\C\src\imdct.c.obj
2026-08-03T23:46:50.0896707Z [186/726] Building C object 3rdparty\CMakeFiles\LibAtrac9.dir\LibAtrac9\C\src\huffCodes.c.obj
2026-08-03T23:46:50.1219502Z [187/726] Building C object 3rdparty\CMakeFiles\LibAtrac9.dir\LibAtrac9\C\src\libatrac9.c.obj
2026-08-03T23:46:50.4557582Z [188/726] Building C object 3rdparty\CMakeFiles\LibAtrac9.dir\LibAtrac9\C\src\quantization.c.obj
2026-08-03T23:46:50.5965079Z [189/726] Building C object 3rdparty\CMakeFiles\LibAtrac9.dir\LibAtrac9\C\src\scale_factors.c.obj
2026-08-03T23:46:50.8080841Z [190/726] Building C object 3rdparty\CMakeFiles\LibAtrac9.dir\LibAtrac9\C\src\tables.c.obj
2026-08-03T23:46:50.8930477Z [191/726] Building CXX object 3rdparty\SPIRV-Tools\source\CMakeFiles\SPIRV-Tools-static.dir\val\validation_state.cpp.obj
2026-08-03T23:46:50.9777655Z [192/726] Building C object 3rdparty\CMakeFiles\LibAtrac9.dir\LibAtrac9\C\src\unpack.c.obj
2026-08-03T23:46:50.9841930Z [193/726] Building C object 3rdparty\CMakeFiles\LibAtrac9.dir\LibAtrac9\C\src\utility.c.obj
2026-08-03T23:46:51.0012830Z [194/726] Building CXX object 3rdparty\spdlog\CMakeFiles\spdlog.dir\src\cfg.cpp.obj
2026-08-03T23:46:51.0115540Z [195/726] Linking C static library 3rdparty\cpuinfo\cpuinfo.lib
2026-08-03T23:46:51.3045676Z [196/726] Building C object 3rdparty\SDL2\CMakeFiles\SDL2-static.dir\src\SDL_error.c.obj
2026-08-03T23:46:51.5670898Z [197/726] Building C object 3rdparty\SDL2\CMakeFiles\SDL2-static.dir\src\SDL_dataqueue.c.obj
2026-08-03T23:46:51.6015496Z [198/726] Building CXX object 3rdparty\spdlog\CMakeFiles\spdlog.dir\src\spdlog.cpp.obj
2026-08-03T23:46:51.6858068Z [199/726] Building C object 3rdparty\SDL2\CMakeFiles\SDL2-static.dir\src\SDL_guid.c.obj
2026-08-03T23:46:51.6876694Z [200/726] Building C object 3rdparty\SDL2\CMakeFiles\SDL2-static.dir\src\SDL_hints.c.obj
2026-08-03T23:46:51.9583219Z [201/726] Building C object 3rdparty\SDL2\CMakeFiles\SDL2-static.dir\src\SDL.c.obj
2026-08-03T23:46:52.0152925Z [202/726] Building C object 3rdparty\SDL2\CMakeFiles\SDL2-static.dir\src\SDL_assert.c.obj
2026-08-03T23:46:52.0180583Z [203/726] Building C object 3rdparty\SDL2\CMakeFiles\SDL2-static.dir\src\SDL_utils.c.obj
2026-08-03T23:46:52.4192012Z [204/726] Building C object 3rdparty\SDL2\CMakeFiles\SDL2-static.dir\src\SDL_list.c.obj
2026-08-03T23:46:52.5333112Z [205/726] Building C object 3rdparty\SDL2\CMakeFiles\SDL2-static.dir\src\atomic\SDL_atomic.c.obj
2026-08-03T23:46:52.6301617Z [206/726] Building C object 3rdparty\SDL2\CMakeFiles\SDL2-static.dir\src\SDL_log.c.obj
2026-08-03T23:46:52.7666605Z [207/726] Building C object 3rdparty\SDL2\CMakeFiles\SDL2-static.dir\src\audio\SDL_audiodev.c.obj
2026-08-03T23:46:52.7742807Z [208/726] Building C object 3rdparty\SDL2\CMakeFiles\SDL2-static.dir\src\atomic\SDL_spinlock.c.obj
2026-08-03T23:46:53.5381219Z [209/726] Building C object 3rdparty\SDL2\CMakeFiles\SDL2-static.dir\src\audio\SDL_audiotypecvt.c.obj
2026-08-03T23:46:53.5479381Z [210/726] Building C object 3rdparty\SDL2\CMakeFiles\SDL2-static.dir\src\audio\SDL_mixer.c.obj
2026-08-03T23:46:53.5534787Z [211/726] Building C object 3rdparty\SDL2\CMakeFiles\SDL2-static.dir\src\audio\SDL_audiocvt.c.obj
2026-08-03T23:46:53.5766310Z [212/726] Building C object 3rdparty\SDL2\CMakeFiles\SDL2-static.dir\src\audio\SDL_audio.c.obj
2026-08-03T23:46:54.4125155Z [213/726] Building C object 3rdparty\SDL2\CMakeFiles\SDL2-static.dir\src\audio\SDL_wave.c.obj
2026-08-03T23:46:54.5527744Z [214/726] Building C object 3rdparty\SDL2\CMakeFiles\SDL2-static.dir\src\cpuinfo\SDL_cpuinfo.c.obj
2026-08-03T23:46:54.5697625Z [215/726] Building C object 3rdparty\SDL2\CMakeFiles\SDL2-static.dir\src\events\SDL_clipboardevents.c.obj
2026-08-03T23:46:55.3081014Z [216/726] Building C object 3rdparty\SDL2\CMakeFiles\SDL2-static.dir\src\events\SDL_displayevents.c.obj
2026-08-03T23:46:55.4442785Z [217/726] Building C object 3rdparty\SDL2\CMakeFiles\SDL2-static.dir\src\events\SDL_dropevents.c.obj
2026-08-03T23:46:55.6960141Z [218/726] Building C object 3rdparty\SDL2\CMakeFiles\SDL2-static.dir\src\events\SDL_keysym_to_scancode.c.obj
2026-08-03T23:46:55.9462275Z [219/726] Building C object 3rdparty\SDL2\CMakeFiles\SDL2-static.dir\src\events\SDL_gesture.c.obj
2026-08-03T23:46:56.1537989Z [220/726] Building C object 3rdparty\SDL2\CMakeFiles\SDL2-static.dir\src\events\SDL_events.c.obj
2026-08-03T23:46:56.4234416Z [221/726] Building C object 3rdparty\SDL2\CMakeFiles\SDL2-static.dir\src\dynapi\SDL_dynapi.c.obj
2026-08-03T23:46:56.7090904Z [222/726] Building C object 3rdparty\SDL2\CMakeFiles\SDL2-static.dir\src\events\SDL_keyboard.c.obj
2026-08-03T23:46:56.7745636Z [223/726] Building C object 3rdparty\SDL2\CMakeFiles\SDL2-static.dir\src\events\SDL_scancode_tables.c.obj
2026-08-03T23:46:56.9088682Z [224/726] Building C object 3rdparty\SDL2\CMakeFiles\SDL2-static.dir\src\events\imKStoUCS.c.obj
2026-08-03T23:46:56.9266841Z [225/726] Building C object 3rdparty\SDL2\CMakeFiles\SDL2-static.dir\src\events\SDL_quit.c.obj
2026-08-03T23:46:56.9341604Z [226/726] Building CXX object 3rdparty\tracy\CMakeFiles\TracyClient.dir\public\TracyClient.cpp.obj
2026-08-03T23:46:56.9343019Z In file included from D:\a\KytyPlus\KytyPlus\3rdparty\tracy\public\TracyClient.cpp:27:
2026-08-03T23:46:56.9344221Z In file included from D:\a\KytyPlus\KytyPlus\3rdparty\tracy\public\client/TracySysTrace.cpp:65:
2026-08-03T23:46:56.9346091Z D:\a\KytyPlus\KytyPlus\3rdparty\tracy\public\client\windows/TracyETW.cpp(177,37): warning: expression result unused [-Wunused-value]
2026-08-03T23:46:56.9347368Z   177 |         ETWError( GetLastError() ), false;
2026-08-03T23:46:56.9348006Z       |                                     ^~~~~
2026-08-03T23:46:56.9348882Z In file included from D:\a\KytyPlus\KytyPlus\3rdparty\tracy\public\TracyClient.cpp:23:
2026-08-03T23:46:56.9350419Z D:\a\KytyPlus\KytyPlus\3rdparty\tracy\public\client/TracyProfiler.cpp(287,13): warning: unused function 'EnsureReadable' [-Wunused-function]
2026-08-03T23:46:56.9351780Z   287 | static bool EnsureReadable( uintptr_t address )
2026-08-03T23:46:56.9352511Z       |             ^~~~~~~~~~~~~~
2026-08-03T23:46:56.9353283Z In file included from D:\a\KytyPlus\KytyPlus\3rdparty\tracy\public\TracyClient.cpp:27:
2026-08-03T23:46:56.9354431Z In file included from D:\a\KytyPlus\KytyPlus\3rdparty\tracy\public\client/TracySysTrace.cpp:65:
2026-08-03T23:46:56.9356033Z D:\a\KytyPlus\KytyPlus\3rdparty\tracy\public\client\windows/TracyETW.cpp(363,16): warning: unused function 'StartPrivateKernelSession' [-Wunused-function]
2026-08-03T23:46:56.9357491Z   363 | static Session StartPrivateKernelSession( const CHAR* name )
2026-08-03T23:46:56.9358216Z       |                ^~~~~~~~~~~~~~~~~~~~~~~~~
2026-08-03T23:46:56.9358860Z 3 warnings generated.
2026-08-03T23:46:57.1208904Z [227/726] Building C object 3rdparty\SDL2\CMakeFiles\SDL2-static.dir\src\events\SDL_mouse.c.obj
2026-08-03T23:46:57.1210377Z [228/726] Building C object 3rdparty\SDL2\CMakeFiles\SDL2-static.dir\src\haptic\SDL_haptic.c.obj
2026-08-03T23:46:57.6033439Z [229/726] Building C object 3rdparty\SDL2\CMakeFiles\SDL2-static.dir\src\events\SDL_touch.c.obj
2026-08-03T23:46:57.6077971Z [230/726] Building C object 3rdparty\SDL2\CMakeFiles\SDL2-static.dir\src\events\SDL_windowevents.c.obj
2026-08-03T23:46:57.8648691Z [231/726] Building C object 3rdparty\SDL2\CMakeFiles\SDL2-static.dir\src\file\SDL_rwops.c.obj
2026-08-03T23:46:58.0097712Z [232/726] Building C object 3rdparty\SDL2\CMakeFiles\SDL2-static.dir\src\joystick\controller_type.c.obj
2026-08-03T23:46:58.4295465Z [233/726] Building C object 3rdparty\SDL2\CMakeFiles\SDL2-static.dir\src\hidapi\SDL_hidapi.c.obj
2026-08-03T23:46:58.4953870Z [234/726] Building C object 3rdparty\SDL2\CMakeFiles\SDL2-static.dir\src\joystick\SDL_steam_virtual_gamepad.c.obj
2026-08-03T23:46:58.6092312Z [235/726] Building C object 3rdparty\SDL2\CMakeFiles\SDL2-static.dir\src\libm\e_atan2.c.obj
2026-08-03T23:46:58.6108197Z [236/726] Building C object 3rdparty\SDL2\CMakeFiles\SDL2-static.dir\src\libm\e_exp.c.obj
2026-08-03T23:46:58.8496118Z [237/726] Building C object 3rdparty\SDL2\CMakeFiles\SDL2-static.dir\src\joystick\SDL_gamecontroller.c.obj
2026-08-03T23:46:59.0453619Z [238/726] Building C object 3rdparty\SDL2\CMakeFiles\SDL2-static.dir\src\libm\e_fmod.c.obj
2026-08-03T23:46:59.0470969Z [239/726] Building C object 3rdparty\SDL2\CMakeFiles\SDL2-static.dir\src\libm\e_log.c.obj
2026-08-03T23:46:59.2404521Z [240/726] Building C object 3rdparty\SDL2\CMakeFiles\SDL2-static.dir\src\libm\e_pow.c.obj
2026-08-03T23:46:59.2518857Z [241/726] Building C object 3rdparty\SDL2\CMakeFiles\SDL2-static.dir\src\libm\e_log10.c.obj
2026-08-03T23:46:59.3595710Z [242/726] Building C object 3rdparty\SDL2\CMakeFiles\SDL2-static.dir\src\joystick\SDL_joystick.c.obj
2026-08-03T23:46:59.5206742Z [243/726] Building C object 3rdparty\SDL2\CMakeFiles\SDL2-static.dir\src\libm\e_rem_pio2.c.obj
2026-08-03T23:46:59.5278119Z [244/726] Building C object 3rdparty\SDL2\CMakeFiles\SDL2-static.dir\src\libm\e_sqrt.c.obj
2026-08-03T23:46:59.8250809Z [245/726] Building C object 3rdparty\SDL2\CMakeFiles\SDL2-static.dir\src\libm\k_cos.c.obj
2026-08-03T23:46:59.8976100Z [246/726] Building C object 3rdparty\SDL2\CMakeFiles\SDL2-static.dir\src\libm\k_sin.c.obj
2026-08-03T23:46:59.9152317Z [247/726] Building C object 3rdparty\SDL2\CMakeFiles\SDL2-static.dir\src\libm\k_rem_pio2.c.obj
2026-08-03T23:47:00.2088929Z [248/726] Building C object 3rdparty\SDL2\CMakeFiles\SDL2-static.dir\src\libm\k_tan.c.obj
2026-08-03T23:47:00.2198852Z [249/726] Building C object 3rdparty\SDL2\CMakeFiles\SDL2-static.dir\src\libm\s_atan.c.obj
2026-08-03T23:47:00.3034114Z [250/726] Building C object 3rdparty\SDL2\CMakeFiles\SDL2-static.dir\src\libm\s_copysign.c.obj
2026-08-03T23:47:00.3067707Z [251/726] Building C object 3rdparty\SDL2\CMakeFiles\SDL2-static.dir\src\libm\s_cos.c.obj
2026-08-03T23:47:00.4319895Z [252/726] Building C object 3rdparty\SDL2\CMakeFiles\SDL2-static.dir\src\libm\s_fabs.c.obj
2026-08-03T23:47:00.4952481Z [253/726] Building C object 3rdparty\SDL2\CMakeFiles\SDL2-static.dir\src\libm\s_floor.c.obj
2026-08-03T23:47:00.5750417Z [254/726] Building C object 3rdparty\SDL2\CMakeFiles\SDL2-static.dir\src\locale\SDL_locale.c.obj
2026-08-03T23:47:00.5779427Z [255/726] Building C object 3rdparty\SDL2\CMakeFiles\SDL2-static.dir\src\misc\SDL_url.c.obj
2026-08-03T23:47:00.5836802Z [256/726] Building C object 3rdparty\SDL2\CMakeFiles\SDL2-static.dir\src\power\SDL_power.c.obj
2026-08-03T23:47:00.6765286Z [257/726] Building C object 3rdparty\SDL2\CMakeFiles\SDL2-static.dir\src\render\SDL_d3dmath.c.obj
2026-08-03T23:47:00.6800118Z [258/726] Building C object 3rdparty\SDL2\CMakeFiles\SDL2-static.dir\src\libm\s_scalbn.c.obj
2026-08-03T23:47:01.0937932Z [259/726] Building C object 3rdparty\SDL2\CMakeFiles\SDL2-static.dir\src\libm\s_sin.c.obj
2026-08-03T23:47:01.1034844Z [260/726] Building C object 3rdparty\SDL2\CMakeFiles\SDL2-static.dir\src\libm\s_tan.c.obj
2026-08-03T23:47:01.1079945Z [261/726] Building C object 3rdparty\SDL2\CMakeFiles\SDL2-static.dir\src\render\SDL_yuv_sw.c.obj
2026-08-03T23:47:02.0044062Z [262/726] Building C object 3rdparty\SDL2\CMakeFiles\SDL2-static.dir\src\render\direct3d\SDL_shaders_d3d.c.obj
2026-08-03T23:47:02.0085188Z [263/726] Building C object 3rdparty\SDL2\CMakeFiles\SDL2-static.dir\src\render\SDL_render.c.obj
2026-08-03T23:47:02.3105021Z [264/726] Building C object 3rdparty\SDL2\CMakeFiles\SDL2-static.dir\src\render\direct3d\SDL_render_d3d.c.obj
2026-08-03T23:47:02.4607278Z [265/726] Building C object 3rdparty\SDL2\CMakeFiles\SDL2-static.dir\src\render\direct3d11\SDL_shaders_d3d11.c.obj
2026-08-03T23:47:02.8043428Z [266/726] Building C object 3rdparty\SDL2\CMakeFiles\SDL2-static.dir\src\render\direct3d11\SDL_render_d3d11.c.obj
2026-08-03T23:47:03.2944412Z [267/726] Building C object 3rdparty\SDL2\CMakeFiles\SDL2-static.dir\src\render\opengles\SDL_render_gles.c.obj
2026-08-03T23:47:03.3429141Z [268/726] Building C object 3rdparty\SDL2\CMakeFiles\SDL2-static.dir\src\render\direct3d12\SDL_shaders_d3d12.c.obj
2026-08-03T23:47:03.3475976Z [269/726] Building C object 3rdparty\SDL2\CMakeFiles\SDL2-static.dir\src\render\direct3d12\SDL_render_d3d12.c.obj
2026-08-03T23:47:03.4780665Z [270/726] Building C object 3rdparty\SDL2\CMakeFiles\SDL2-static.dir\src\render\ps2\SDL_render_ps2.c.obj
2026-08-03T23:47:03.4870267Z [271/726] Building C object 3rdparty\SDL2\CMakeFiles\SDL2-static.dir\src\render\opengl\SDL_shaders_gl.c.obj
2026-08-03T23:47:03.4903808Z [272/726] Building C object 3rdparty\SDL2\CMakeFiles\SDL2-static.dir\src\render\psp\SDL_render_psp.c.obj
2026-08-03T23:47:03.8215901Z [273/726] Building C object 3rdparty\SDL2\CMakeFiles\SDL2-static.dir\src\render\opengl\SDL_render_gl.c.obj
2026-08-03T23:47:04.0266354Z [274/726] Building C object 3rdparty\SDL2\CMakeFiles\SDL2-static.dir\src\render\opengles2\SDL_shaders_gles2.c.obj
2026-08-03T23:47:04.3743542Z [275/726] Building C object 3rdparty\SDL2\CMakeFiles\SDL2-static.dir\src\render\opengles2\SDL_render_gles2.c.obj
2026-08-03T23:47:04.5493271Z [276/726] Building C object 3rdparty\SDL2\CMakeFiles\SDL2-static.dir\src\render\software\SDL_blendpoint.c.obj
2026-08-03T23:47:04.5584399Z [277/726] Building C object 3rdparty\SDL2\CMakeFiles\SDL2-static.dir\src\render\software\SDL_blendfillrect.c.obj
2026-08-03T23:47:04.5695046Z [278/726] Building C object 3rdparty\SDL2\CMakeFiles\SDL2-static.dir\src\render\software\SDL_drawline.c.obj
2026-08-03T23:47:04.7670488Z [279/726] Building C object 3rdparty\SDL2\CMakeFiles\SDL2-static.dir\src\render\vitagxm\SDL_render_vita_gxm.c.obj
2026-08-03T23:47:04.8710456Z [280/726] Building C object 3rdparty\SDL2\CMakeFiles\SDL2-static.dir\src\render\software\SDL_drawpoint.c.obj
2026-08-03T23:47:05.1628165Z [281/726] Building C object 3rdparty\SDL2\CMakeFiles\SDL2-static.dir\src\render\vitagxm\SDL_render_vita_gxm_memory.c.obj
2026-08-03T23:47:05.1716316Z [282/726] Building C object 3rdparty\SDL2\CMakeFiles\SDL2-static.dir\src\render\vitagxm\SDL_render_vita_gxm_tools.c.obj
2026-08-03T23:47:05.2290890Z [283/726] Building C object 3rdparty\SDL2\CMakeFiles\SDL2-static.dir\src\render\software\SDL_render_sw.c.obj
2026-08-03T23:47:05.3366242Z [284/726] Building C object 3rdparty\SDL2\CMakeFiles\SDL2-static.dir\src\stdlib\SDL_crc16.c.obj
2026-08-03T23:47:05.4633848Z [285/726] Building C object 3rdparty\SDL2\CMakeFiles\SDL2-static.dir\src\render\software\SDL_blendline.c.obj
2026-08-03T23:47:05.4685543Z [286/726] Building C object 3rdparty\SDL2\CMakeFiles\SDL2-static.dir\src\stdlib\SDL_crc32.c.obj
2026-08-03T23:47:05.4733085Z [287/726] Building C object 3rdparty\SDL2\CMakeFiles\SDL2-static.dir\src\render\software\SDL_rotate.c.obj
2026-08-03T23:47:05.4804255Z [288/726] Building C object 3rdparty\SDL2\CMakeFiles\SDL2-static.dir\src\render\software\SDL_triangle.c.obj
2026-08-03T23:47:05.6870287Z [289/726] Building C object 3rdparty\SDL2\CMakeFiles\SDL2-static.dir\src\stdlib\SDL_mslibc.c.obj
2026-08-03T23:47:06.0341387Z [290/726] Building C object 3rdparty\SDL2\CMakeFiles\SDL2-static.dir\src\stdlib\SDL_iconv.c.obj
2026-08-03T23:47:06.0518839Z [291/726] Building C object 3rdparty\SDL2\CMakeFiles\SDL2-static.dir\src\sensor\SDL_sensor.c.obj
2026-08-03T23:47:06.0675189Z [292/726] Building C object 3rdparty\SDL2\CMakeFiles\SDL2-static.dir\src\stdlib\SDL_getenv.c.obj
2026-08-03T23:47:06.1302505Z [293/726] Building C object 3rdparty\SDL2\CMakeFiles\SDL2-static.dir\src\stdlib\SDL_strtokr.c.obj
2026-08-03T23:47:06.1732730Z [294/726] Building C object 3rdparty\SDL2\CMakeFiles\SDL2-static.dir\src\stdlib\SDL_qsort.c.obj
2026-08-03T23:47:06.1840185Z [295/726] Building C object 3rdparty\SDL2\CMakeFiles\SDL2-static.dir\src\stdlib\SDL_stdlib.c.obj
2026-08-03T23:47:06.3021019Z [296/726] Building C object 3rdparty\SDL2\CMakeFiles\SDL2-static.dir\src\stdlib\SDL_malloc.c.obj
2026-08-03T23:47:07.0283018Z [297/726] Building C object 3rdparty\SDL2\CMakeFiles\SDL2-static.dir\src\timer\SDL_timer.c.obj
2026-08-03T23:47:07.0336155Z [298/726] Building C object 3rdparty\SDL2\CMakeFiles\SDL2-static.dir\src\stdlib\SDL_string.c.obj
2026-08-03T23:47:07.1118308Z [299/726] Building C object 3rdparty\SDL2\CMakeFiles\SDL2-static.dir\src\thread\SDL_thread.c.obj
2026-08-03T23:47:07.4400923Z [300/726] Building C object 3rdparty\SDL2\CMakeFiles\SDL2-static.dir\src\video\SDL_blit.c.obj
2026-08-03T23:47:08.0465157Z [301/726] Building C object 3rdparty\SDL2\CMakeFiles\SDL2-static.dir\src\video\SDL_blit_0.c.obj
2026-08-03T23:47:08.2086079Z [302/726] Building C object 3rdparty\SDL2\CMakeFiles\SDL2-static.dir\src\video\SDL_RLEaccel.c.obj
2026-08-03T23:47:08.2706284Z [303/726] Building C object 3rdparty\SDL2\CMakeFiles\SDL2-static.dir\src\video\SDL_blit_1.c.obj
2026-08-03T23:47:08.4390371Z [304/726] Building C object 3rdparty\SDL2\CMakeFiles\SDL2-static.dir\src\video\SDL_blit_A.c.obj
2026-08-03T23:47:08.6039411Z [305/726] Building C object 3rdparty\SDL2\CMakeFiles\SDL2-static.dir\src\video\SDL_blit_N.c.obj
2026-08-03T23:47:08.7261505Z [306/726] Building C object 3rdparty\SDL2\CMakeFiles\SDL2-static.dir\src\video\SDL_blit_copy.c.obj
2026-08-03T23:47:08.7657142Z [307/726] Building C object 3rdparty\SDL2\CMakeFiles\SDL2-static.dir\src\video\SDL_blit_slow.c.obj
2026-08-03T23:47:09.4261165Z [308/726] Building C object 3rdparty\SDL2\CMakeFiles\SDL2-static.dir\src\video\SDL_bmp.c.obj
2026-08-03T23:47:09.6310829Z [309/726] Building C object 3rdparty\SDL2\CMakeFiles\SDL2-static.dir\src\video\SDL_clipboard.c.obj
2026-08-03T23:47:09.6697252Z [310/726] Building C object 3rdparty\SDL2\CMakeFiles\SDL2-static.dir\src\video\SDL_fillrect.c.obj
2026-08-03T23:47:09.6765957Z [311/726] Building C object 3rdparty\SDL2\CMakeFiles\SDL2-static.dir\src\video\SDL_egl.c.obj
2026-08-03T23:47:09.9608590Z [312/726] Building C object 3rdparty\SDL2\CMakeFiles\SDL2-static.dir\src\video\SDL_pixels.c.obj
2026-08-03T23:47:10.4804915Z [313/726] Building C object 3rdparty\SDL2\CMakeFiles\SDL2-static.dir\src\video\SDL_rect.c.obj
2026-08-03T23:47:10.6777859Z [314/726] Building C object 3rdparty\SDL2\CMakeFiles\SDL2-static.dir\src\video\SDL_shape.c.obj
2026-08-03T23:47:10.7091974Z [315/726] Building C object 3rdparty\SDL2\CMakeFiles\SDL2-static.dir\src\video\SDL_stretch.c.obj
2026-08-03T23:47:10.7705141Z [316/726] Building C object 3rdparty\SDL2\CMakeFiles\SDL2-static.dir\src\video\SDL_surface.c.obj
2026-08-03T23:47:11.4019588Z [317/726] Building C object 3rdparty\SDL2\CMakeFiles\SDL2-static.dir\src\video\yuv2rgb\yuv_rgb_lsx.c.obj
2026-08-03T23:47:11.4530126Z [318/726] Building C object 3rdparty\SDL2\CMakeFiles\SDL2-static.dir\src\video\SDL_vulkan_utils.c.obj
2026-08-03T23:47:11.5851223Z [319/726] Building C object 3rdparty\SDL2\CMakeFiles\SDL2-static.dir\src\video\SDL_blit_auto.c.obj
2026-08-03T23:47:12.1163871Z [320/726] Building C object 3rdparty\SDL2\CMakeFiles\SDL2-static.dir\src\video\SDL_yuv.c.obj
2026-08-03T23:47:12.1688638Z [321/726] Building C object 3rdparty\SDL2\CMakeFiles\SDL2-static.dir\src\video\SDL_video.c.obj
2026-08-03T23:47:12.2297439Z [322/726] Building C object 3rdparty\SDL2\CMakeFiles\SDL2-static.dir\src\audio\dummy\SDL_dummyaudio.c.obj
2026-08-03T23:47:12.2355525Z [323/726] Building C object 3rdparty\SDL2\CMakeFiles\SDL2-static.dir\src\video\yuv2rgb\yuv_rgb_std.c.obj
2026-08-03T23:47:12.5992572Z [324/726] Building C object 3rdparty\SDL2\CMakeFiles\SDL2-static.dir\src\audio\disk\SDL_diskaudio.c.obj
2026-08-03T23:47:12.8214722Z [325/726] Building C object 3rdparty\SDL2\CMakeFiles\SDL2-static.dir\src\joystick\virtual\SDL_virtualjoystick.c.obj
2026-08-03T23:47:12.8328251Z [326/726] Building C object 3rdparty\SDL2\CMakeFiles\SDL2-static.dir\src\video\yuv2rgb\yuv_rgb_sse.c.obj
2026-08-03T23:47:13.0067026Z [327/726] Building C object 3rdparty\SDL2\CMakeFiles\SDL2-static.dir\src\video\dummy\SDL_nullframebuffer.c.obj
2026-08-03T23:47:13.2113080Z [328/726] Building C object 3rdparty\SDL2\CMakeFiles\SDL2-static.dir\src\video\dummy\SDL_nullevents.c.obj
2026-08-03T23:47:13.6337155Z [329/726] Building C object 3rdparty\SDL2\CMakeFiles\SDL2-static.dir\src\video\dummy\SDL_nullvideo.c.obj
2026-08-03T23:47:13.6383919Z [330/726] Building C object 3rdparty\SDL2\CMakeFiles\SDL2-static.dir\src\video\offscreen\SDL_offscreenevents.c.obj
2026-08-03T23:47:13.7938241Z [331/726] Building C object 3rdparty\SDL2\CMakeFiles\SDL2-static.dir\src\video\offscreen\SDL_offscreenopengles.c.obj
2026-08-03T23:47:13.7990866Z [332/726] Building C object 3rdparty\SDL2\CMakeFiles\SDL2-static.dir\src\video\offscreen\SDL_offscreenframebuffer.c.obj
2026-08-03T23:47:14.4420151Z [333/726] Building C object 3rdparty\SDL2\CMakeFiles\SDL2-static.dir\src\video\offscreen\SDL_offscreenwindow.c.obj
2026-08-03T23:47:14.4461639Z [334/726] Building C object 3rdparty\SDL2\CMakeFiles\SDL2-static.dir\src\video\offscreen\SDL_offscreenvideo.c.obj
2026-08-03T23:47:14.7243149Z [335/726] Building C object 3rdparty\SDL2\CMakeFiles\SDL2-static.dir\src\core\windows\SDL_hid.c.obj
2026-08-03T23:47:14.7283609Z [336/726] Building C object 3rdparty\SDL2\CMakeFiles\SDL2-static.dir\src\core\windows\SDL_windows.c.obj
2026-08-03T23:47:15.1055038Z [337/726] Building C object 3rdparty\SDL2\CMakeFiles\SDL2-static.dir\src\core\windows\SDL_immdevice.c.obj
2026-08-03T23:47:15.1903157Z [338/726] Building C object 3rdparty\SDL2\CMakeFiles\SDL2-static.dir\src\core\windows\SDL_xinput.c.obj
2026-08-03T23:47:15.2418649Z [339/726] Building C object 3rdparty\SDL2\CMakeFiles\SDL2-static.dir\src\misc\windows\SDL_sysurl.c.obj
2026-08-03T23:47:15.7728448Z [340/726] Building C object 3rdparty\SDL2\CMakeFiles\SDL2-static.dir\src\audio\winmm\SDL_winmm.c.obj
2026-08-03T23:47:16.0436455Z [341/726] Building C object 3rdparty\SDL2\CMakeFiles\SDL2-static.dir\src\audio\directsound\SDL_directsound.c.obj
2026-08-03T23:47:16.1814532Z [342/726] Building C object 3rdparty\SDL2\CMakeFiles\SDL2-static.dir\src\audio\wasapi\SDL_wasapi.c.obj
2026-08-03T23:47:16.5607439Z [343/726] Building C object 3rdparty\SDL2\CMakeFiles\SDL2-static.dir\src\audio\wasapi\SDL_wasapi_win32.c.obj
2026-08-03T23:47:16.7493731Z [344/726] Building C object 3rdparty\SDL2\CMakeFiles\SDL2-static.dir\src\video\windows\SDL_windowsclipboard.c.obj
2026-08-03T23:47:17.2210569Z [345/726] Building C object 3rdparty\SDL2\CMakeFiles\SDL2-static.dir\src\video\windows\SDL_windowsevents.c.obj
2026-08-03T23:47:17.4822497Z [346/726] Building C object 3rdparty\SDL2\CMakeFiles\SDL2-static.dir\src\video\windows\SDL_windowsframebuffer.c.obj
2026-08-03T23:47:17.6834043Z [347/726] Building C object 3rdparty\SDL2\CMakeFiles\SDL2-static.dir\src\video\windows\SDL_windowskeyboard.c.obj
2026-08-03T23:47:18.0001103Z [348/726] Building C object 3rdparty\SDL2\CMakeFiles\SDL2-static.dir\src\video\windows\SDL_windowsmodes.c.obj
2026-08-03T23:47:18.2093568Z [349/726] Building C object 3rdparty\SDL2\CMakeFiles\SDL2-static.dir\src\video\windows\SDL_windowsmessagebox.c.obj
2026-08-03T23:47:18.4477898Z [350/726] Building C object 3rdparty\SDL2\CMakeFiles\SDL2-static.dir\src\video\windows\SDL_windowsmouse.c.obj
2026-08-03T23:47:18.7120897Z [351/726] Building C object 3rdparty\SDL2\CMakeFiles\SDL2-static.dir\src\video\windows\SDL_windowsopengl.c.obj
2026-08-03T23:47:18.7178545Z [352/726] Building C object 3rdparty\SDL2\CMakeFiles\SDL2-static.dir\src\video\windows\SDL_windowsopengles.c.obj
2026-08-03T23:47:19.0966258Z [353/726] Building C object 3rdparty\SDL2\CMakeFiles\SDL2-static.dir\src\video\windows\SDL_windowsshape.c.obj
2026-08-03T23:47:19.1025628Z [354/726] Building C object 3rdparty\SDL2\CMakeFiles\SDL2-static.dir\src\thread\generic\SDL_syscond.c.obj
2026-08-03T23:47:19.4523779Z [355/726] Building C object 3rdparty\SDL2\CMakeFiles\SDL2-static.dir\src\video\windows\SDL_windowsvideo.c.obj
2026-08-03T23:47:19.4581858Z [356/726] Building C object 3rdparty\SDL2\CMakeFiles\SDL2-static.dir\src\video\windows\SDL_windowsvulkan.c.obj
2026-08-03T23:47:20.0326573Z [357/726] Building C object 3rdparty\SDL2\CMakeFiles\SDL2-static.dir\src\video\windows\SDL_windowswindow.c.obj
2026-08-03T23:47:20.1351661Z [358/726] Building C object 3rdparty\SDL2\CMakeFiles\SDL2-static.dir\src\thread\windows\SDL_sysmutex.c.obj
2026-08-03T23:47:20.1505171Z [359/726] Building C object 3rdparty\SDL2\CMakeFiles\SDL2-static.dir\src\thread\windows\SDL_syscond_cv.c.obj
2026-08-03T23:47:20.4005764Z [360/726] Building C object 3rdparty\SDL2\CMakeFiles\SDL2-static.dir\src\thread\windows\SDL_systhread.c.obj
2026-08-03T23:47:20.4066974Z [361/726] Building C object 3rdparty\SDL2\CMakeFiles\SDL2-static.dir\src\thread\windows\SDL_syssem.c.obj
2026-08-03T23:47:20.9113834Z [362/726] Building C object 3rdparty\SDL2\CMakeFiles\SDL2-static.dir\src\thread\windows\SDL_systls.c.obj
2026-08-03T23:47:20.9158848Z [363/726] Building C object 3rdparty\SDL2\CMakeFiles\SDL2-static.dir\src\power\windows\SDL_syspower.c.obj
2026-08-03T23:47:20.9242696Z [364/726] Building C object 3rdparty\SDL2\CMakeFiles\SDL2-static.dir\src\locale\windows\SDL_syslocale.c.obj
2026-08-03T23:47:21.0687199Z [365/726] Building C object 3rdparty\SDL2\CMakeFiles\SDL2-static.dir\src\joystick\hidapi\SDL_hidapi_8bitdo.c.obj
2026-08-03T23:47:21.1721474Z [366/726] Building C object 3rdparty\SDL2\CMakeFiles\SDL2-static.dir\src\sensor\windows\SDL_windowssensor.c.obj
2026-08-03T23:47:21.1774818Z [367/726] Building C object 3rdparty\SDL2\CMakeFiles\SDL2-static.dir\src\joystick\hidapi\SDL_hidapi_combined.c.obj
2026-08-03T23:47:21.6927662Z [368/726] Building C object 3rdparty\SDL2\CMakeFiles\SDL2-static.dir\src\timer\windows\SDL_systimer.c.obj
2026-08-03T23:47:21.6944699Z [369/726] Building C object 3rdparty\SDL2\CMakeFiles\SDL2-static.dir\src\joystick\hidapi\SDL_hidapi_luna.c.obj
2026-08-03T23:47:21.7114472Z [370/726] Building C object 3rdparty\SDL2\CMakeFiles\SDL2-static.dir\src\joystick\hidapi\SDL_hidapi_gamecube.c.obj
2026-08-03T23:47:21.7879893Z [371/726] Building C object 3rdparty\SDL2\CMakeFiles\SDL2-static.dir\src\loadso\windows\SDL_sysloadso.c.obj
2026-08-03T23:47:22.2763430Z [372/726] Building C object 3rdparty\SDL2\CMakeFiles\SDL2-static.dir\src\joystick\hidapi\SDL_hidapi_ps3.c.obj
2026-08-03T23:47:22.4374065Z [373/726] Building C object 3rdparty\SDL2\CMakeFiles\SDL2-static.dir\src\joystick\hidapi\SDL_hidapi_ps4.c.obj
2026-08-03T23:47:22.4673970Z [374/726] Building C object 3rdparty\SDL2\CMakeFiles\SDL2-static.dir\src\joystick\hidapi\SDL_hidapi_ps5.c.obj
2026-08-03T23:47:22.6719384Z [375/726] Building C object 3rdparty\SDL2\CMakeFiles\SDL2-static.dir\src\joystick\hidapi\SDL_hidapi_shield.c.obj
2026-08-03T23:47:22.6866174Z [376/726] Building C object 3rdparty\SDL2\CMakeFiles\SDL2-static.dir\src\filesystem\windows\SDL_sysfilesystem.c.obj
2026-08-03T23:47:22.8013184Z [377/726] Building C object 3rdparty\SDL2\CMakeFiles\SDL2-static.dir\src\joystick\hidapi\SDL_hidapi_rumble.c.obj
2026-08-03T23:47:22.9400933Z [378/726] Building C object 3rdparty\SDL2\CMakeFiles\SDL2-static.dir\src\joystick\hidapi\SDL_hidapi_stadia.c.obj
2026-08-03T23:47:22.9449105Z [379/726] Building C object 3rdparty\SDL2\CMakeFiles\SDL2-static.dir\src\joystick\hidapi\SDL_hidapi_steamdeck.c.obj
2026-08-03T23:47:23.4587543Z [380/726] Building C object 3rdparty\SDL2\CMakeFiles\SDL2-static.dir\src\joystick\hidapi\SDL_hidapi_steam.c.obj
2026-08-03T23:47:23.4857716Z [381/726] Building C object 3rdparty\SDL2\CMakeFiles\SDL2-static.dir\src\joystick\hidapi\SDL_hidapi_xbox360.c.obj
2026-08-03T23:47:23.5037445Z [382/726] Building C object 3rdparty\SDL2\CMakeFiles\SDL2-static.dir\src\joystick\hidapi\SDL_hidapi_xbox360w.c.obj
2026-08-03T23:47:23.7128729Z [383/726] Building C object 3rdparty\SDL2\CMakeFiles\SDL2-static.dir\src\joystick\hidapi\SDL_hidapi_wii.c.obj
2026-08-03T23:47:23.7188669Z [384/726] Building C object 3rdparty\SDL2\CMakeFiles\SDL2-static.dir\src\joystick\hidapi\SDL_hidapi_switch.c.obj
2026-08-03T23:47:24.0655581Z [385/726] Building C object 3rdparty\SDL2\CMakeFiles\SDL2-static.dir\src\joystick\hidapi\SDL_hidapi_xboxone.c.obj
2026-08-03T23:47:24.7651404Z [386/726] Building C object 3rdparty\SDL2\CMakeFiles\SDL2-static.dir\src\joystick\windows\SDL_dinputjoystick.c.obj
2026-08-03T23:47:25.1092572Z [387/726] Building C object 3rdparty\SDL2\CMakeFiles\SDL2-static.dir\src\joystick\hidapi\SDL_hidapijoystick.c.obj
2026-08-03T23:47:25.1414830Z [388/726] Building C object 3rdparty\SDL2\CMakeFiles\SDL2-static.dir\src\joystick\windows\SDL_xinputjoystick.c.obj
2026-08-03T23:47:25.6655098Z [389/726] Building C object 3rdparty\SDL2\CMakeFiles\SDL2-static.dir\src\joystick\windows\SDL_windowsjoystick.c.obj
2026-08-03T23:47:26.3171222Z [390/726] Building C object 3rdparty\SDL2\CMakeFiles\SDL2-static.dir\src\haptic\windows\SDL_xinputhaptic.c.obj
2026-08-03T23:47:26.3240431Z [391/726] Building C object 3rdparty\SDL2\CMakeFiles\SDL2-static.dir\src\haptic\windows\SDL_dinputhaptic.c.obj
2026-08-03T23:47:26.5004424Z [392/726] Building C object 3rdparty\SDL2\CMakeFiles\SDL2-static.dir\src\haptic\windows\SDL_windowshaptic.c.obj
2026-08-03T23:47:26.5039099Z [393/726] Linking CXX static library 3rdparty\SPIRV-Tools\source\SPIRV-Tools.lib
2026-08-03T23:47:26.9893495Z [394/726] Building C object 3rdparty\SDL2\CMakeFiles\SDL2-static.dir\src\joystick\windows\SDL_windows_gaming_input.c.obj
2026-08-03T23:47:27.2147810Z [395/726] Building C object 3rdparty\SDL2\CMakeFiles\SDL2-static.dir\src\joystick\windows\SDL_rawinputjoystick.c.obj
2026-08-03T23:47:32.0686561Z [396/726] Building CXX object 3rdparty\SPIRV-Tools\source\opt\CMakeFiles\SPIRV-Tools-opt.dir\fix_func_call_arguments.cpp.obj
2026-08-03T23:47:32.0961750Z [397/726] Building CXX object 3rdparty\SPIRV-Tools\source\opt\CMakeFiles\SPIRV-Tools-opt.dir\analyze_live_input_pass.cpp.obj
2026-08-03T23:47:33.5476451Z [398/726] Building CXX object 3rdparty\SPIRV-Tools\source\opt\CMakeFiles\SPIRV-Tools-opt.dir\block_merge_pass.cpp.obj
2026-08-03T23:47:33.7046489Z [399/726] Building CXX object 3rdparty\SPIRV-Tools\source\opt\CMakeFiles\SPIRV-Tools-opt.dir\basic_block.cpp.obj
2026-08-03T23:47:35.2761536Z [400/726] Building CXX object 3rdparty\SPIRV-Tools\source\opt\CMakeFiles\SPIRV-Tools-opt.dir\aggressive_dead_code_elim_pass.cpp.obj
2026-08-03T23:47:35.3290655Z [401/726] Building CXX object 3rdparty\SPIRV-Tools\source\opt\CMakeFiles\SPIRV-Tools-opt.dir\amd_ext_to_khr.cpp.obj
2026-08-03T23:47:38.6816977Z [402/726] Building CXX object 3rdparty\SPIRV-Tools\source\opt\CMakeFiles\SPIRV-Tools-opt.dir\build_module.cpp.obj
2026-08-03T23:47:38.8114901Z [403/726] Building CXX object 3rdparty\SPIRV-Tools\source\opt\CMakeFiles\SPIRV-Tools-opt.dir\block_merge_util.cpp.obj
2026-08-03T23:47:38.9003057Z [404/726] Building CXX object 3rdparty\SPIRV-Tools\source\opt\CMakeFiles\SPIRV-Tools-opt.dir\cfg_cleanup_pass.cpp.obj
2026-08-03T23:47:39.6896673Z [405/726] Building CXX object 3rdparty\SPIRV-Tools\source\opt\CMakeFiles\SPIRV-Tools-opt.dir\ccp_pass.cpp.obj
2026-08-03T23:47:41.7693961Z [406/726] Building CXX object 3rdparty\SPIRV-Tools\source\opt\CMakeFiles\SPIRV-Tools-opt.dir\code_sink.cpp.obj
2026-08-03T23:47:43.9398374Z [407/726] Building CXX object 3rdparty\SPIRV-Tools\source\opt\CMakeFiles\SPIRV-Tools-opt.dir\cfg.cpp.obj
2026-08-03T23:47:43.9688091Z [408/726] Building CXX object 3rdparty\SPIRV-Tools\source\opt\CMakeFiles\SPIRV-Tools-opt.dir\compact_ids_pass.cpp.obj
2026-08-03T23:47:44.2819684Z [409/726] Building CXX object 3rdparty\SPIRV-Tools\source\opt\CMakeFiles\SPIRV-Tools-opt.dir\composite.cpp.obj
2026-08-03T23:47:44.9693488Z [410/726] Building CXX object 3rdparty\SPIRV-Tools\source\opt\CMakeFiles\SPIRV-Tools-opt.dir\combine_access_chains.cpp.obj
2026-08-03T23:47:47.6834162Z [411/726] Building CXX object 3rdparty\SPIRV-Tools\source\opt\CMakeFiles\SPIRV-Tools-opt.dir\control_dependence.cpp.obj
2026-08-03T23:47:49.2579923Z [412/726] Building CXX object 3rdparty\SPIRV-Tools\source\opt\CMakeFiles\SPIRV-Tools-opt.dir\const_folding_rules.cpp.obj
2026-08-03T23:47:49.3360904Z [413/726] Building CXX object 3rdparty\SPIRV-Tools\source\opt\CMakeFiles\SPIRV-Tools-opt.dir\constants.cpp.obj
2026-08-03T23:47:50.9017144Z [414/726] Building CXX object 3rdparty\SPIRV-Tools\source\opt\CMakeFiles\SPIRV-Tools-opt.dir\convert_to_sampled_image_pass.cpp.obj
2026-08-03T23:47:52.1963548Z [415/726] Building CXX object 3rdparty\SPIRV-Tools\source\opt\CMakeFiles\SPIRV-Tools-opt.dir\convert_to_half_pass.cpp.obj
2026-08-03T23:47:53.4502514Z [416/726] Building CXX object 3rdparty\SPIRV-Tools\source\opt\CMakeFiles\SPIRV-Tools-opt.dir\dataflow.cpp.obj
2026-08-03T23:47:53.7499349Z [417/726] Building CXX object 3rdparty\SPIRV-Tools\source\opt\CMakeFiles\SPIRV-Tools-opt.dir\copy_prop_arrays.cpp.obj
2026-08-03T23:47:56.0162442Z [418/726] Building CXX object 3rdparty\SPIRV-Tools\source\opt\CMakeFiles\SPIRV-Tools-opt.dir\dead_insert_elim_pass.cpp.obj
2026-08-03T23:47:56.5794364Z [419/726] Building CXX object 3rdparty\SPIRV-Tools\source\opt\CMakeFiles\SPIRV-Tools-opt.dir\dead_variable_elimination.cpp.obj
2026-08-03T23:47:56.8116692Z [420/726] Building CXX object 3rdparty\SPIRV-Tools\source\opt\CMakeFiles\SPIRV-Tools-opt.dir\dead_branch_elim_pass.cpp.obj
2026-08-03T23:47:57.6455193Z [421/726] Building CXX object 3rdparty\SPIRV-Tools\source\opt\CMakeFiles\SPIRV-Tools-opt.dir\def_use_manager.cpp.obj
2026-08-03T23:47:59.4649845Z [422/726] Building CXX object 3rdparty\SPIRV-Tools\source\opt\CMakeFiles\SPIRV-Tools-opt.dir\decoration_manager.cpp.obj
2026-08-03T23:48:01.3033905Z [423/726] Building CXX object 3rdparty\SPIRV-Tools\source\opt\CMakeFiles\SPIRV-Tools-opt.dir\debug_info_manager.cpp.obj
2026-08-03T23:48:01.7568423Z [424/726] Building CXX object 3rdparty\SPIRV-Tools\source\opt\CMakeFiles\SPIRV-Tools-opt.dir\desc_sroa_util.cpp.obj
2026-08-03T23:48:02.6424314Z [425/726] Building CXX object 3rdparty\SPIRV-Tools\source\opt\CMakeFiles\SPIRV-Tools-opt.dir\dominator_analysis.cpp.obj
2026-08-03T23:48:02.9942851Z [426/726] Building CXX object 3rdparty\SPIRV-Tools\source\opt\CMakeFiles\SPIRV-Tools-opt.dir\desc_sroa.cpp.obj
2026-08-03T23:48:06.1509045Z [427/726] Building CXX object 3rdparty\SPIRV-Tools\source\opt\CMakeFiles\SPIRV-Tools-opt.dir\dominator_tree.cpp.obj
2026-08-03T23:48:06.1807560Z [428/726] Building CXX object 3rdparty\SPIRV-Tools\source\opt\CMakeFiles\SPIRV-Tools-opt.dir\eliminate_dead_constant_pass.cpp.obj
2026-08-03T23:48:07.1161408Z [429/726] Building CXX object 3rdparty\SPIRV-Tools\source\opt\CMakeFiles\SPIRV-Tools-opt.dir\eliminate_dead_functions_pass.cpp.obj
2026-08-03T23:48:08.1798362Z [430/726] Building CXX object 3rdparty\SPIRV-Tools\source\opt\CMakeFiles\SPIRV-Tools-opt.dir\eliminate_dead_functions_util.cpp.obj
2026-08-03T23:48:08.9802024Z [431/726] Building CXX object 3rdparty\SPIRV-Tools\source\opt\CMakeFiles\SPIRV-Tools-opt.dir\feature_manager.cpp.obj
2026-08-03T23:48:08.9831149Z [432/726] Building CXX object 3rdparty\SPIRV-Tools\source\opt\CMakeFiles\SPIRV-Tools-opt.dir\eliminate_dead_io_components_pass.cpp.obj
2026-08-03T23:48:10.1711653Z [433/726] Building CXX object 3rdparty\SPIRV-Tools\source\opt\CMakeFiles\SPIRV-Tools-opt.dir\eliminate_dead_members_pass.cpp.obj
2026-08-03T23:48:12.4068084Z [434/726] Building CXX object 3rdparty\SPIRV-Tools\source\opt\CMakeFiles\SPIRV-Tools-opt.dir\eliminate_dead_output_stores_pass.cpp.obj
2026-08-03T23:48:13.7202667Z [435/726] Building CXX object 3rdparty\SPIRV-Tools\source\opt\CMakeFiles\SPIRV-Tools-opt.dir\fix_storage_class.cpp.obj
2026-08-03T23:48:14.0461203Z [436/726] Building CXX object 3rdparty\SPIRV-Tools\source\opt\CMakeFiles\SPIRV-Tools-opt.dir\flatten_decoration_pass.cpp.obj
2026-08-03T23:48:15.3160847Z [437/726] Building CXX object 3rdparty\SPIRV-Tools\source\opt\CMakeFiles\SPIRV-Tools-opt.dir\fold.cpp.obj
2026-08-03T23:48:17.5867937Z [438/726] Building CXX object 3rdparty\SPIRV-Tools\source\opt\CMakeFiles\SPIRV-Tools-opt.dir\fold_spec_constant_op_and_composite_pass.cpp.obj
2026-08-03T23:48:17.6980830Z [439/726] Building CXX object 3rdparty\SPIRV-Tools\source\opt\CMakeFiles\SPIRV-Tools-opt.dir\freeze_spec_constant_value_pass.cpp.obj
2026-08-03T23:48:20.3695485Z [440/726] Building CXX object 3rdparty\SPIRV-Tools\source\opt\CMakeFiles\SPIRV-Tools-opt.dir\function.cpp.obj
2026-08-03T23:48:20.8339203Z [441/726] Building CXX object 3rdparty\SPIRV-Tools\source\opt\CMakeFiles\SPIRV-Tools-opt.dir\graphics_robust_access_pass.cpp.obj
2026-08-03T23:48:20.9466807Z [442/726] Building CXX object 3rdparty\SPIRV-Tools\source\opt\CMakeFiles\SPIRV-Tools-opt.dir\folding_rules.cpp.obj
2026-08-03T23:48:23.1042550Z [443/726] Building CXX object 3rdparty\SPIRV-Tools\source\opt\CMakeFiles\SPIRV-Tools-opt.dir\if_conversion.cpp.obj
2026-08-03T23:48:23.3691144Z [444/726] Building CXX object 3rdparty\SPIRV-Tools\source\opt\CMakeFiles\SPIRV-Tools-opt.dir\inline_exhaustive_pass.cpp.obj
2026-08-03T23:48:23.4956442Z [445/726] Building CXX object 3rdparty\SPIRV-Tools\source\opt\CMakeFiles\SPIRV-Tools-opt.dir\inline_opaque_pass.cpp.obj
2026-08-03T23:48:23.5098601Z [446/726] Building CXX object 3rdparty\SPIRV-Tools\source\opt\CMakeFiles\SPIRV-Tools-opt.dir\instruction_list.cpp.obj
2026-08-03T23:48:28.3290398Z [447/726] Building CXX object 3rdparty\SPIRV-Tools\source\opt\CMakeFiles\SPIRV-Tools-opt.dir\instruction.cpp.obj
2026-08-03T23:48:28.7230926Z [448/726] Building CXX object 3rdparty\SPIRV-Tools\source\opt\CMakeFiles\SPIRV-Tools-opt.dir\interp_fixup_pass.cpp.obj
2026-08-03T23:48:28.7515478Z [449/726] Building CXX object 3rdparty\SPIRV-Tools\source\opt\CMakeFiles\SPIRV-Tools-opt.dir\inline_pass.cpp.obj
2026-08-03T23:48:30.1673683Z [450/726] Building CXX object 3rdparty\SPIRV-Tools\source\opt\CMakeFiles\SPIRV-Tools-opt.dir\opextinst_forward_ref_fixup_pass.cpp.obj
2026-08-03T23:48:31.0262421Z [451/726] Building CXX object 3rdparty\SPIRV-Tools\source\opt\CMakeFiles\SPIRV-Tools-opt.dir\invocation_interlock_placement_pass.cpp.obj
2026-08-03T23:48:31.7406249Z [452/726] Building CXX object 3rdparty\SPIRV-Tools\source\opt\CMakeFiles\SPIRV-Tools-opt.dir\interface_var_sroa.cpp.obj
2026-08-03T23:48:34.5273967Z [453/726] Building CXX object 3rdparty\SPIRV-Tools\source\opt\CMakeFiles\SPIRV-Tools-opt.dir\licm_pass.cpp.obj
2026-08-03T23:48:34.5892226Z [454/726] Building CXX object 3rdparty\SPIRV-Tools\source\opt\CMakeFiles\SPIRV-Tools-opt.dir\ir_loader.cpp.obj
2026-08-03T23:48:36.4443718Z [455/726] Building CXX object 3rdparty\SPIRV-Tools\source\opt\CMakeFiles\SPIRV-Tools-opt.dir\liveness.cpp.obj
2026-08-03T23:48:37.5404013Z [456/726] Building CXX object 3rdparty\SPIRV-Tools\source\opt\CMakeFiles\SPIRV-Tools-opt.dir\local_redundancy_elimination.cpp.obj
2026-08-03T23:48:38.5445699Z [457/726] Building CXX object 3rdparty\SPIRV-Tools\source\opt\CMakeFiles\SPIRV-Tools-opt.dir\ir_context.cpp.obj
2026-08-03T23:48:38.8877676Z [458/726] Building CXX object 3rdparty\SPIRV-Tools\source\opt\CMakeFiles\SPIRV-Tools-opt.dir\local_access_chain_convert_pass.cpp.obj
2026-08-03T23:48:41.2462065Z [459/726] Building CXX object 3rdparty\SPIRV-Tools\source\opt\CMakeFiles\SPIRV-Tools-opt.dir\local_single_store_elim_pass.cpp.obj
2026-08-03T23:48:41.2818751Z [460/726] Building CXX object 3rdparty\SPIRV-Tools\source\opt\CMakeFiles\SPIRV-Tools-opt.dir\local_single_block_elim_pass.cpp.obj
2026-08-03T23:48:44.2841969Z [461/726] Building CXX object 3rdparty\SPIRV-Tools\source\opt\CMakeFiles\SPIRV-Tools-opt.dir\loop_dependence.cpp.obj
2026-08-03T23:48:44.4095758Z [462/726] Building CXX object 3rdparty\SPIRV-Tools\source\opt\CMakeFiles\SPIRV-Tools-opt.dir\loop_dependence_helpers.cpp.obj
2026-08-03T23:48:46.5974067Z [463/726] Building CXX object 3rdparty\SPIRV-Tools\source\opt\CMakeFiles\SPIRV-Tools-opt.dir\loop_descriptor.cpp.obj
2026-08-03T23:48:47.2863961Z [464/726] Building CXX object 3rdparty\SPIRV-Tools\source\opt\CMakeFiles\SPIRV-Tools-opt.dir\loop_fusion_pass.cpp.obj
2026-08-03T23:48:47.7430992Z [465/726] Building CXX object 3rdparty\SPIRV-Tools\source\opt\CMakeFiles\SPIRV-Tools-opt.dir\loop_fission.cpp.obj
2026-08-03T23:48:48.7281125Z [466/726] Building CXX object 3rdparty\SPIRV-Tools\source\opt\CMakeFiles\SPIRV-Tools-opt.dir\loop_fusion.cpp.obj
2026-08-03T23:48:53.0588740Z [467/726] Building CXX object 3rdparty\SPIRV-Tools\source\opt\CMakeFiles\SPIRV-Tools-opt.dir\loop_utils.cpp.obj
2026-08-03T23:48:54.0307236Z [468/726] Building CXX object 3rdparty\SPIRV-Tools\source\opt\CMakeFiles\SPIRV-Tools-opt.dir\loop_peeling.cpp.obj
2026-08-03T23:48:54.8827717Z [469/726] Building CXX object 3rdparty\SPIRV-Tools\source\opt\CMakeFiles\SPIRV-Tools-opt.dir\loop_unroller.cpp.obj
2026-08-03T23:48:55.2956101Z [470/726] Building CXX object 3rdparty\SPIRV-Tools\source\opt\CMakeFiles\SPIRV-Tools-opt.dir\mem_pass.cpp.obj
2026-08-03T23:48:57.9201752Z [471/726] Building CXX object 3rdparty\SPIRV-Tools\source\opt\CMakeFiles\SPIRV-Tools-opt.dir\loop_unswitch_pass.cpp.obj
2026-08-03T23:48:58.7526668Z [472/726] Building CXX object 3rdparty\SPIRV-Tools\source\opt\CMakeFiles\SPIRV-Tools-opt.dir\merge_return_pass.cpp.obj
2026-08-03T23:48:59.7083256Z [473/726] Building CXX object 3rdparty\SPIRV-Tools\source\opt\CMakeFiles\SPIRV-Tools-opt.dir\modify_maximal_reconvergence.cpp.obj
2026-08-03T23:48:59.8332833Z [474/726] Building CXX object 3rdparty\SPIRV-Tools\source\opt\CMakeFiles\SPIRV-Tools-opt.dir\module.cpp.obj
2026-08-03T23:49:01.6376808Z [475/726] Building CXX object 3rdparty\SPIRV-Tools\source\opt\CMakeFiles\SPIRV-Tools-opt.dir\pass.cpp.obj
2026-08-03T23:49:03.9926888Z [476/726] Building CXX object 3rdparty\SPIRV-Tools\source\opt\CMakeFiles\SPIRV-Tools-opt.dir\pass_manager.cpp.obj
2026-08-03T23:49:05.5682524Z [477/726] Building CXX object 3rdparty\SPIRV-Tools\source\opt\CMakeFiles\SPIRV-Tools-opt.dir\private_to_local_pass.cpp.obj
2026-08-03T23:49:05.8039938Z [478/726] Building CXX object 3rdparty\SPIRV-Tools\source\opt\CMakeFiles\SPIRV-Tools-opt.dir\reduce_load_size.cpp.obj
2026-08-03T23:49:06.2911582Z [479/726] Building CXX object 3rdparty\SPIRV-Tools\source\opt\CMakeFiles\SPIRV-Tools-opt.dir\optimizer.cpp.obj
2026-08-03T23:49:06.4818610Z [480/726] Building CXX object 3rdparty\SPIRV-Tools\source\opt\CMakeFiles\SPIRV-Tools-opt.dir\propagator.cpp.obj
2026-08-03T23:49:08.0227533Z [481/726] Building CXX object 3rdparty\SPIRV-Tools\source\opt\CMakeFiles\SPIRV-Tools-opt.dir\redundancy_elimination.cpp.obj
2026-08-03T23:49:11.6980797Z [482/726] Building CXX object 3rdparty\SPIRV-Tools\source\opt\CMakeFiles\SPIRV-Tools-opt.dir\relax_float_ops_pass.cpp.obj
2026-08-03T23:49:11.7509831Z [483/726] Building CXX object 3rdparty\SPIRV-Tools\source\opt\CMakeFiles\SPIRV-Tools-opt.dir\remove_dontinline_pass.cpp.obj
2026-08-03T23:49:12.4212944Z [484/726] Building CXX object 3rdparty\SPIRV-Tools\source\opt\CMakeFiles\SPIRV-Tools-opt.dir\register_pressure.cpp.obj
2026-08-03T23:49:12.4839409Z [485/726] Building CXX object 3rdparty\SPIRV-Tools\source\opt\CMakeFiles\SPIRV-Tools-opt.dir\canonicalize_ids_pass.cpp.obj
2026-08-03T23:49:13.1344045Z [486/726] Building CXX object 3rdparty\SPIRV-Tools\source\opt\CMakeFiles\SPIRV-Tools-opt.dir\remove_duplicates_pass.cpp.obj
2026-08-03T23:49:15.0662268Z [487/726] Building CXX object 3rdparty\SPIRV-Tools\source\opt\CMakeFiles\SPIRV-Tools-opt.dir\remove_unused_interface_variables_pass.cpp.obj
2026-08-03T23:49:17.2345300Z [488/726] Building CXX object 3rdparty\SPIRV-Tools\source\opt\CMakeFiles\SPIRV-Tools-opt.dir\scalar_analysis_simplification.cpp.obj
2026-08-03T23:49:17.8490674Z [489/726] Building CXX object 3rdparty\SPIRV-Tools\source\opt\CMakeFiles\SPIRV-Tools-opt.dir\replace_invalid_opc.cpp.obj
2026-08-03T23:49:18.3444089Z [490/726] Building CXX object 3rdparty\SPIRV-Tools\source\opt\CMakeFiles\SPIRV-Tools-opt.dir\replace_desc_array_access_using_var_index.cpp.obj
2026-08-03T23:49:18.4024524Z [491/726] Building CXX object 3rdparty\SPIRV-Tools\source\opt\CMakeFiles\SPIRV-Tools-opt.dir\resolve_binding_conflicts_pass.cpp.obj
2026-08-03T23:49:20.8676940Z [492/726] Building CXX object 3rdparty\SPIRV-Tools\source\opt\CMakeFiles\SPIRV-Tools-opt.dir\scalar_analysis.cpp.obj
2026-08-03T23:49:23.1671988Z [493/726] Building CXX object 3rdparty\SPIRV-Tools\source\opt\CMakeFiles\SPIRV-Tools-opt.dir\set_spec_constant_default_value_pass.cpp.obj
2026-08-03T23:49:23.8729066Z [494/726] Building CXX object 3rdparty\SPIRV-Tools\source\opt\CMakeFiles\SPIRV-Tools-opt.dir\scalar_replacement_pass.cpp.obj
2026-08-03T23:49:24.1701585Z [495/726] Building CXX object 3rdparty\SPIRV-Tools\source\opt\CMakeFiles\SPIRV-Tools-opt.dir\simplification_pass.cpp.obj
2026-08-03T23:49:25.3280016Z [496/726] Building CXX object 3rdparty\SPIRV-Tools\source\opt\CMakeFiles\SPIRV-Tools-opt.dir\spread_volatile_semantics.cpp.obj
2026-08-03T23:49:25.7043838Z [497/726] Building CXX object 3rdparty\SPIRV-Tools\source\opt\CMakeFiles\SPIRV-Tools-opt.dir\split_combined_image_sampler_pass.cpp.obj
2026-08-03T23:49:28.9884858Z [498/726] Building CXX object 3rdparty\SPIRV-Tools\source\opt\CMakeFiles\SPIRV-Tools-opt.dir\ssa_rewrite_pass.cpp.obj
2026-08-03T23:49:29.3354195Z [499/726] Building CXX object 3rdparty\SPIRV-Tools\source\opt\CMakeFiles\SPIRV-Tools-opt.dir\strength_reduction_pass.cpp.obj
2026-08-03T23:49:29.3946034Z [500/726] Building CXX object 3rdparty\SPIRV-Tools\source\opt\CMakeFiles\SPIRV-Tools-opt.dir\strip_debug_info_pass.cpp.obj
2026-08-03T23:49:30.2395716Z [501/726] Building CXX object 3rdparty\SPIRV-Tools\source\opt\CMakeFiles\SPIRV-Tools-opt.dir\strip_nonsemantic_info_pass.cpp.obj
2026-08-03T23:49:32.2588257Z [502/726] Building CXX object 3rdparty\SPIRV-Tools\source\opt\CMakeFiles\SPIRV-Tools-opt.dir\struct_packing_pass.cpp.obj
2026-08-03T23:49:32.4397157Z [503/726] Building CXX object 3rdparty\SPIRV-Tools\source\opt\CMakeFiles\SPIRV-Tools-opt.dir\struct_cfg_analysis.cpp.obj
2026-08-03T23:49:34.3158605Z [504/726] Building CXX object 3rdparty\SPIRV-Tools\source\opt\CMakeFiles\SPIRV-Tools-opt.dir\switch_descriptorset_pass.cpp.obj
2026-08-03T23:49:36.2149532Z [505/726] Building CXX object 3rdparty\SPIRV-Tools\source\opt\CMakeFiles\SPIRV-Tools-opt.dir\trim_capabilities_pass.cpp.obj
2026-08-03T23:49:36.6365690Z [506/726] Building CXX object 3rdparty\SPIRV-Tools\source\opt\CMakeFiles\SPIRV-Tools-opt.dir\types.cpp.obj
2026-08-03T23:49:37.4251123Z [507/726] Building CXX object 3rdparty\SPIRV-Tools\source\opt\CMakeFiles\SPIRV-Tools-opt.dir\unify_const_pass.cpp.obj
2026-08-03T23:49:38.4155468Z [508/726] Building CXX object 3rdparty\SPIRV-Tools\source\opt\CMakeFiles\SPIRV-Tools-opt.dir\type_manager.cpp.obj
2026-08-03T23:49:40.8444577Z [509/726] Building CXX object 3rdparty\SPIRV-Tools\source\opt\CMakeFiles\SPIRV-Tools-opt.dir\upgrade_memory_model.cpp.obj
2026-08-03T23:49:40.8757088Z [510/726] Building C object 3rdparty\xxHash\build\cmake\CMakeFiles\xxhash.dir\D_\a\KytyPlus\KytyPlus\3rdparty\xxHash\xxhash.c.obj
2026-08-03T23:49:41.3131630Z [511/726] Building CXX object 3rdparty\SPIRV-Tools\source\opt\CMakeFiles\SPIRV-Tools-opt.dir\value_number_table.cpp.obj
2026-08-03T23:49:41.8972079Z [512/726] Building CXX object 3rdparty\SPIRV-Tools\source\opt\CMakeFiles\SPIRV-Tools-opt.dir\workaround1209.cpp.obj
2026-08-03T23:49:41.9013635Z [513/726] Linking CXX static library 3rdparty\spdlog\spdlog.lib
2026-08-03T23:49:42.5549312Z [514/726] Linking CXX static library 3rdparty\tracy\TracyClient.lib
2026-08-03T23:49:42.5722843Z [515/726] Building CXX object 3rdparty\SPIRV-Tools\source\opt\CMakeFiles\SPIRV-Tools-opt.dir\vector_dce.cpp.obj
2026-08-03T23:49:43.6598408Z [516/726] Building CXX object 3rdparty\SPIRV-Tools\source\opt\CMakeFiles\SPIRV-Tools-opt.dir\wrap_opkill.cpp.obj
2026-08-03T23:49:45.7321448Z [517/726] Building CXX object common\CMakeFiles\common.dir\commonSubsystem.cpp.obj
2026-08-03T23:49:45.7414165Z [518/726] Building CXX object common\CMakeFiles\common.dir\assert.cpp.obj
2026-08-03T23:49:45.9780157Z [519/726] Building CXX object common\CMakeFiles\common.dir\debug.cpp.obj
2026-08-03T23:49:46.5246718Z [520/726] Building CXX object common\CMakeFiles\common.dir\emulatorConfig.cpp.obj
2026-08-03T23:49:46.5548600Z [521/726] Building CXX object common\CMakeFiles\common.dir\dateTime.cpp.obj
2026-08-03T23:49:47.1571123Z [522/726] Building CXX object common\CMakeFiles\common.dir\platform\sysLinuxDbg.cpp.obj
2026-08-03T23:49:47.2180706Z [523/726] Building CXX object common\CMakeFiles\common.dir\hostException.cpp.obj
2026-08-03T23:49:47.6208386Z [524/726] Building CXX object common\CMakeFiles\common.dir\platform\sysLinuxVirtual.cpp.obj
2026-08-03T23:49:47.8480681Z [525/726] Building CXX object common\CMakeFiles\common.dir\platform\sysLinuxFileIO.cpp.obj
2026-08-03T23:49:50.4665890Z [526/726] Building CXX object common\CMakeFiles\common.dir\platform\sysWindowsDbg.cpp.obj
2026-08-03T23:49:50.5241260Z [527/726] Building CXX object common\CMakeFiles\common.dir\file.cpp.obj
2026-08-03T23:49:50.9353978Z [528/726] Building CXX object common\CMakeFiles\common.dir\logging\log.cpp.obj
2026-08-03T23:49:51.6382714Z [529/726] Building CXX object common\CMakeFiles\common.dir\openWorldMemory.cpp.obj
2026-08-03T23:49:52.8690985Z [530/726] Building CXX object common\CMakeFiles\common.dir\mmuVirtualMemory.cpp.obj
2026-08-03T23:49:53.3723881Z [531/726] Building CXX object common\CMakeFiles\common.dir\subsystems.cpp.obj
2026-08-03T23:49:53.5516499Z [532/726] Building CXX object common\CMakeFiles\common.dir\platform\sysWindowsVirtual.cpp.obj
2026-08-03T23:49:53.8717321Z [533/726] Building CXX object common\CMakeFiles\common.dir\systemInfo.cpp.obj
2026-08-03T23:49:54.1056112Z [534/726] Building CXX object common\CMakeFiles\common.dir\virtualMemory.cpp.obj
2026-08-03T23:49:54.1502825Z [535/726] Building CXX object common\CMakeFiles\common.dir\platform\sysWindowsFileIO.cpp.obj
2026-08-03T23:49:54.2044404Z [536/726] Building CXX object common\CMakeFiles\common.dir\profiler.cpp.obj
2026-08-03T23:49:54.2077298Z [537/726] Linking C static library 3rdparty\SDL2\SDL2-static.lib
2026-08-03T23:49:54.2119614Z [538/726] Linking C static library 3rdparty\LibAtrac9.lib
2026-08-03T23:49:54.2732331Z [539/726] Linking C static library 3rdparty\xxHash\build\cmake\xxhash.lib
2026-08-03T23:49:54.2753331Z [540/726] Linking CXX static library 3rdparty\SPIRV-Tools\source\opt\SPIRV-Tools-opt.lib
2026-08-03T23:49:54.3067134Z [541/726] Generate kytyGitVersion.h
2026-08-03T23:49:55.2623082Z [542/726] Building CXX object common\CMakeFiles\common.dir\timer.cpp.obj
2026-08-03T23:49:56.1565762Z [543/726] Building CXX object common\CMakeFiles\common.dir\threads.cpp.obj
2026-08-03T23:49:56.1787188Z [544/726] Linking CXX static library common\common.lib
2026-08-03T23:49:56.6736468Z [545/726] Generating gpu_tiler_shaders/gpu_tiler_standard256_spv.h
2026-08-03T23:49:56.6772226Z D:/a/KytyPlus/KytyPlus/src/graphics/host_gpu/shaders/gpu_tiler_standard256.comp
2026-08-03T23:49:56.8163224Z [546/726] Generating gpu_tiler_shaders/gpu_tiler_standard4_spv.h
2026-08-03T23:49:56.8473390Z D:/a/KytyPlus/KytyPlus/src/graphics/host_gpu/shaders/gpu_tiler_standard4.comp
2026-08-03T23:49:56.8961140Z [547/726] Generating gpu_tiler_shaders/gpu_tiler_standard4_3d_spv.h
2026-08-03T23:49:56.8982365Z D:/a/KytyPlus/KytyPlus/src/graphics/host_gpu/shaders/gpu_tiler_standard4_3d.comp
2026-08-03T23:49:56.9131300Z [548/726] Generating gpu_tiler_shaders/gpu_tiler_standard64_spv.h
2026-08-03T23:49:56.9165784Z D:/a/KytyPlus/KytyPlus/src/graphics/host_gpu/shaders/gpu_tiler_standard64.comp
2026-08-03T23:49:57.1270328Z [549/726] Generating gpu_tiler_shaders/gpu_tiler_prt_spv.h
2026-08-03T23:49:57.1304151Z D:/a/KytyPlus/KytyPlus/src/graphics/host_gpu/shaders/gpu_tiler_prt.comp
2026-08-03T23:49:57.1468376Z [550/726] Generating gpu_tiler_shaders/gpu_tiler_standard64_3d_spv.h
2026-08-03T23:49:57.1534303Z D:/a/KytyPlus/KytyPlus/src/graphics/host_gpu/shaders/gpu_tiler_standard64_3d.comp
2026-08-03T23:49:57.4776841Z [551/726] Generating gpu_tiler_shaders/gpu_tiler_promote_d16_spv.h
2026-08-03T23:49:57.4815014Z D:/a/KytyPlus/KytyPlus/src/graphics/host_gpu/shaders/gpu_tiler_promote_d16.comp
2026-08-03T23:49:57.4835607Z [552/726] Generating gpu_tiler_shaders/gpu_tiler_depth_spv.h
2026-08-03T23:49:57.4836605Z D:/a/KytyPlus/KytyPlus/src/graphics/host_gpu/shaders/gpu_tiler_depth.comp
2026-08-03T23:49:57.4904116Z [553/726] Generating gpu_tiler_shaders/gpu_tiler_render_target_spv.h
2026-08-03T23:49:57.4917964Z D:/a/KytyPlus/KytyPlus/src/graphics/host_gpu/shaders/gpu_tiler_render_target.comp
2026-08-03T23:49:57.4925387Z [554/726] Generating gpu_tiler_shaders/gpu_tiler_prt_3d_spv.h
2026-08-03T23:49:57.4935164Z D:/a/KytyPlus/KytyPlus/src/graphics/host_gpu/shaders/gpu_tiler_prt_3d.comp
2026-08-03T23:49:57.5504931Z [555/726] Generating gpu_tiler_shaders/gpu_tiler_swap_bgra16_spv.h
2026-08-03T23:49:57.5506206Z D:/a/KytyPlus/KytyPlus/src/graphics/host_gpu/shaders/gpu_tiler_swap_bgra16.comp
2026-08-03T23:49:57.7034083Z [556/726] Generating gpu_tiler_shaders/gpu_tiler_demote_d16_spv.h
2026-08-03T23:49:57.7035359Z D:/a/KytyPlus/KytyPlus/src/graphics/host_gpu/shaders/gpu_tiler_demote_d16.comp
2026-08-03T23:49:57.7117394Z [557/726] Generating gpu_blit_shaders/gpu_blit_color_to_ms_depth_spv.h
2026-08-03T23:49:57.7118370Z D:/a/KytyPlus/KytyPlus/src/graphics/host_gpu/shaders/gpu_blit_color_to_ms_depth.frag
2026-08-03T23:49:57.7251548Z [558/726] Generating gpu_blit_shaders/gpu_blit_fs_triangle_spv.h
2026-08-03T23:49:57.7252137Z D:/a/KytyPlus/KytyPlus/src/graphics/host_gpu/shaders/gpu_blit_fs_triangle.vert
2026-08-03T23:49:59.5058645Z [559/726] Building CXX object CMakeFiles\kyty_emulator.dir\graphics\guest_gpu\command_processor\pm4Dispatch.cpp.obj
2026-08-03T23:49:59.5190314Z [560/726] Building CXX object CMakeFiles\kyty_emulator.dir\graphics\guest_gpu\gpu_format.cpp.obj
2026-08-03T23:50:00.2628612Z [561/726] Building CXX object CMakeFiles\kyty_emulator.dir\graphics\guest_gpu\gpu_translator.cpp.obj
2026-08-03T23:50:00.2646917Z [562/726] Building CXX object CMakeFiles\kyty_emulator.dir\graphics\guest_gpu\command_processor\pm4SoftIgnoreProbe.cpp.obj
2026-08-03T23:50:02.9764530Z [563/726] Building CXX object CMakeFiles\kyty_emulator.dir\graphics\host_gpu\hostMemory.cpp.obj
2026-08-03T23:50:03.6025394Z [564/726] Building CXX object CMakeFiles\kyty_emulator.dir\graphics\guest_gpu\pm4.cpp.obj
2026-08-03T23:50:03.9473788Z [565/726] Building CXX object CMakeFiles\kyty_emulator.dir\main.cpp.obj
2026-08-03T23:50:07.7107265Z [566/726] Building CXX object CMakeFiles\kyty_emulator.dir\graphics\guest_gpu\tile.cpp.obj
2026-08-03T23:50:08.4210640Z [567/726] Building CXX object CMakeFiles\kyty_emulator.dir\graphics\host_gpu\pageManager.cpp.obj
2026-08-03T23:50:10.5885626Z [568/726] Building CXX object CMakeFiles\kyty_emulator.dir\graphics\host_gpu\memoryTracker.cpp.obj
2026-08-03T23:50:14.0238770Z [569/726] Building CXX object CMakeFiles\kyty_emulator.dir\graphics\host_gpu\renderer\cache\resourceMutex.cpp.obj
2026-08-03T23:50:16.9093200Z [570/726] Building CXX object CMakeFiles\kyty_emulator.dir\graphics\guest_gpu\command_processor\pm4Handlers.cpp.obj
2026-08-03T23:50:17.0214566Z [571/726] Building CXX object CMakeFiles\kyty_emulator.dir\graphics\guest_gpu\graphicsRun.cpp.obj
2026-08-03T23:50:22.9802539Z [572/726] Building CXX object CMakeFiles\kyty_emulator.dir\graphics\host_gpu\renderer\cache\gpuResourceManager.cpp.obj
2026-08-03T23:50:25.3238820Z [573/726] Building CXX object CMakeFiles\kyty_emulator.dir\graphics\host_gpu\renderer\cache\bufferCache.cpp.obj
2026-08-03T23:50:25.6082642Z [574/726] Building CXX object CMakeFiles\kyty_emulator.dir\graphics\host_gpu\renderer\cache\samplerCache.cpp.obj
2026-08-03T23:50:29.1129999Z [575/726] Building CXX object CMakeFiles\kyty_emulator.dir\graphics\host_gpu\renderer\cache\streamBuffer.cpp.obj
2026-08-03T23:50:31.9592859Z [576/726] Building CXX object CMakeFiles\kyty_emulator.dir\graphics\host_gpu\renderer\colorRenderTarget.cpp.obj
2026-08-03T23:50:38.3992221Z [577/726] Building CXX object CMakeFiles\kyty_emulator.dir\graphics\host_gpu\renderer\cache\textureCache.cpp.obj
2026-08-03T23:50:38.6208764Z [578/726] Building CXX object CMakeFiles\kyty_emulator.dir\graphics\host_gpu\renderer\commandScheduler.cpp.obj
2026-08-03T23:50:42.2446573Z [579/726] Building CXX object CMakeFiles\kyty_emulator.dir\graphics\host_gpu\renderer\context.cpp.obj
2026-08-03T23:50:44.0224241Z [580/726] Building CXX object CMakeFiles\kyty_emulator.dir\graphics\host_gpu\renderer\debug.cpp.obj
2026-08-03T23:50:44.9317503Z [581/726] Building CXX object CMakeFiles\kyty_emulator.dir\graphics\host_gpu\renderer\image\blitHelper.cpp.obj
2026-08-03T23:50:45.2361838Z [582/726] Building CXX object CMakeFiles\kyty_emulator.dir\graphics\host_gpu\renderer\depthRenderTarget.cpp.obj
2026-08-03T23:50:52.6192531Z [583/726] Building CXX object CMakeFiles\kyty_emulator.dir\graphics\host_gpu\renderer\image\imageView.cpp.obj
2026-08-03T23:50:55.3428007Z [584/726] Building CXX object CMakeFiles\kyty_emulator.dir\graphics\host_gpu\renderer\masterSemaphore.cpp.obj
2026-08-03T23:50:55.3648075Z [585/726] Building CXX object CMakeFiles\kyty_emulator.dir\graphics\host_gpu\renderer\image\image.cpp.obj
2026-08-03T23:50:55.9451545Z [586/726] Building CXX object CMakeFiles\kyty_emulator.dir\graphics\host_gpu\renderer\image\textureCommon.cpp.obj
2026-08-03T23:50:57.1373159Z [587/726] Building CXX object CMakeFiles\kyty_emulator.dir\graphics\host_gpu\renderer\image\tiler.cpp.obj
2026-08-03T23:51:03.1725556Z [588/726] Building CXX object CMakeFiles\kyty_emulator.dir\graphics\host_gpu\renderer\pipeline\descriptorCache.cpp.obj
2026-08-03T23:51:07.9126608Z [589/726] Building CXX object CMakeFiles\kyty_emulator.dir\graphics\host_gpu\renderer\pipeline\shaderResourceBarrier.cpp.obj
2026-08-03T23:51:08.1155489Z [590/726] Building CXX object CMakeFiles\kyty_emulator.dir\graphics\host_gpu\renderer\pipeline\shaderSubgroup.cpp.obj
2026-08-03T23:51:11.1326335Z [591/726] Building CXX object CMakeFiles\kyty_emulator.dir\graphics\host_gpu\renderer\pipeline\descriptors.cpp.obj
2026-08-03T23:51:12.3515427Z [592/726] Building CXX object CMakeFiles\kyty_emulator.dir\graphics\host_gpu\renderer\pipeline\pipelineCache.cpp.obj
2026-08-03T23:51:12.6954556Z [593/726] Building CXX object CMakeFiles\kyty_emulator.dir\graphics\host_gpu\renderer\pipelineCacheData.cpp.obj
2026-08-03T23:51:14.2884421Z [594/726] Building CXX object CMakeFiles\kyty_emulator.dir\graphics\host_gpu\renderer\pipeline\shaders.cpp.obj
2026-08-03T23:51:20.7625070Z [595/726] Building CXX object CMakeFiles\kyty_emulator.dir\graphics\host_gpu\renderer\renderContext.cpp.obj
2026-08-03T23:51:24.9982282Z [596/726] Building CXX object CMakeFiles\kyty_emulator.dir\graphics\host_gpu\renderer\renderCompute.cpp.obj
2026-08-03T23:51:27.4425649Z [597/726] Building CXX object CMakeFiles\kyty_emulator.dir\graphics\host_gpu\renderer\sync.cpp.obj
2026-08-03T23:51:30.1312296Z [598/726] Building CXX object CMakeFiles\kyty_emulator.dir\graphics\host_gpu\renderer\renderDraw.cpp.obj
2026-08-03T23:51:30.6316857Z [599/726] Building CXX object CMakeFiles\kyty_emulator.dir\graphics\host_gpu\vulkanCommon.cpp.obj
2026-08-03T23:51:31.1340755Z [600/726] Building CXX object CMakeFiles\kyty_emulator.dir\graphics\host_gpu\vma.cpp.obj
2026-08-03T23:51:36.3905670Z [601/726] Building CXX object CMakeFiles\kyty_emulator.dir\graphics\presentation\renderDoc.cpp.obj
2026-08-03T23:51:37.3163914Z [602/726] Building CXX object CMakeFiles\kyty_emulator.dir\graphics\shader\recompiler\ExecMask.cpp.obj
2026-08-03T23:51:44.2260447Z [603/726] Building CXX object CMakeFiles\kyty_emulator.dir\graphics\presentation\videoOut.cpp.obj
2026-08-03T23:51:44.3339048Z [604/726] Building CXX object CMakeFiles\kyty_emulator.dir\graphics\presentation\window\swapchain.cpp.obj
2026-08-03T23:51:44.8822860Z [605/726] Building CXX object CMakeFiles\kyty_emulator.dir\graphics\rt\hardware.cpp.obj
2026-08-03T23:51:47.3630618Z [606/726] Building CXX object CMakeFiles\kyty_emulator.dir\graphics\shader\recompiler\ShaderRecompiler.cpp.obj
2026-08-03T23:51:47.9640843Z [607/726] Building CXX object CMakeFiles\kyty_emulator.dir\graphics\shader\recompiler\decompiler\ExportOps.cpp.obj
2026-08-03T23:51:48.3378333Z [608/726] Building CXX object CMakeFiles\kyty_emulator.dir\graphics\presentation\window\vulkanWindow.cpp.obj
2026-08-03T23:51:49.0869967Z [609/726] Building CXX object CMakeFiles\kyty_emulator.dir\graphics\shader\recompiler\decompiler\ImageOps.cpp.obj
2026-08-03T23:51:51.5391922Z [610/726] Building CXX object CMakeFiles\kyty_emulator.dir\graphics\shader\recompiler\cfg\ShaderCFG.cpp.obj
2026-08-03T23:51:51.6161086Z [611/726] Building CXX object CMakeFiles\kyty_emulator.dir\graphics\shader\recompiler\decompiler\MemoryOps.cpp.obj
2026-08-03T23:51:52.1843861Z [612/726] Building CXX object CMakeFiles\kyty_emulator.dir\graphics\presentation\window\window.cpp.obj
2026-08-03T23:51:52.1911292Z [613/726] Building CXX object CMakeFiles\kyty_emulator.dir\graphics\shader\recompiler\decompiler\ScalarAluOps.cpp.obj
2026-08-03T23:51:53.4413877Z [614/726] Building CXX object CMakeFiles\kyty_emulator.dir\graphics\shader\recompiler\emitter\SpirvBuilder.cpp.obj
2026-08-03T23:51:54.2469851Z [615/726] Building CXX object CMakeFiles\kyty_emulator.dir\graphics\shader\recompiler\decompiler\VectorAluOps.cpp.obj
2026-08-03T23:51:54.5792470Z [616/726] Building CXX object CMakeFiles\kyty_emulator.dir\graphics\shader\recompiler\decompiler\ShaderDecoder.cpp.obj
2026-08-03T23:51:56.5381176Z [617/726] Building CXX object CMakeFiles\kyty_emulator.dir\graphics\shader\recompiler\emitter\SpirvEmitter.cpp.obj
2026-08-03T23:51:57.1180861Z [618/726] Building CXX object CMakeFiles\kyty_emulator.dir\graphics\shader\recompiler\emitter\spirvEmitterAluOps.cpp.obj
2026-08-03T23:51:58.1300338Z [619/726] Building CXX object CMakeFiles\kyty_emulator.dir\graphics\shader\recompiler\emitter\spirvEmitterExport.cpp.obj
2026-08-03T23:51:58.4778361Z [620/726] Building CXX object CMakeFiles\kyty_emulator.dir\graphics\shader\recompiler\emitter\spirvEmitterControlFlow.cpp.obj
2026-08-03T23:51:59.2455345Z [621/726] Building CXX object CMakeFiles\kyty_emulator.dir\graphics\shader\recompiler\emitter\spirvEmitterFlowOps.cpp.obj
2026-08-03T23:52:00.7688655Z [622/726] Building CXX object CMakeFiles\kyty_emulator.dir\graphics\shader\recompiler\emitter\spirvEmitterAnalysis.cpp.obj
2026-08-03T23:52:02.1589796Z [623/726] Building CXX object CMakeFiles\kyty_emulator.dir\graphics\shader\recompiler\emitter\spirvEmitterImageOps.cpp.obj
2026-08-03T23:52:03.1883176Z [624/726] Building CXX object CMakeFiles\kyty_emulator.dir\graphics\shader\recompiler\emitter\spirvEmitterMemory.cpp.obj
2026-08-03T23:52:03.2667802Z [625/726] Building CXX object CMakeFiles\kyty_emulator.dir\graphics\shader\recompiler\emitter\spirvEmitterModule.cpp.obj
2026-08-03T23:52:04.2115367Z [626/726] Building CXX object CMakeFiles\kyty_emulator.dir\graphics\shader\recompiler\emitter\spirvEmitterValues.cpp.obj
2026-08-03T23:52:04.2590292Z [627/726] Building CXX object CMakeFiles\kyty_emulator.dir\graphics\shader\recompiler\emitter\spirvEmitterImageHelpers.cpp.obj
2026-08-03T23:52:06.3777907Z [628/726] Building CXX object CMakeFiles\kyty_emulator.dir\graphics\shader\recompiler\ir\BindingLayout.cpp.obj
2026-08-03T23:52:08.3834061Z [629/726] Building CXX object CMakeFiles\kyty_emulator.dir\graphics\shader\recompiler\ir\ResourceMaterialization.cpp.obj
2026-08-03T23:52:08.4704283Z [630/726] Building CXX object CMakeFiles\kyty_emulator.dir\graphics\shader\recompiler\ir\ResourceTracking.cpp.obj
2026-08-03T23:52:09.6249381Z [631/726] Building CXX object CMakeFiles\kyty_emulator.dir\graphics\shader\recompiler\ir\ShaderIRLog.cpp.obj
2026-08-03T23:52:09.9701579Z [632/726] Building CXX object CMakeFiles\kyty_emulator.dir\graphics\shader\recompiler\ir\ScalarProvenance.cpp.obj
2026-08-03T23:52:11.8396216Z [633/726] Building CXX object CMakeFiles\kyty_emulator.dir\graphics\shader\recompiler\ir\ShaderIRMemory.cpp.obj
2026-08-03T23:52:12.5818434Z [634/726] Building CXX object CMakeFiles\kyty_emulator.dir\graphics\shader\recompiler\ir\ShaderIROpcodes.cpp.obj
2026-08-03T23:52:12.8358002Z [635/726] Building CXX object CMakeFiles\kyty_emulator.dir\graphics\shader\recompiler\ir\ShaderIR.cpp.obj
2026-08-03T23:52:13.5866650Z [636/726] Building CXX object CMakeFiles\kyty_emulator.dir\graphics\shader\recompiler\ir\ShaderInfoCollection.cpp.obj
2026-08-03T23:52:14.2161048Z [637/726] Building CXX object CMakeFiles\kyty_emulator.dir\graphics\shader\recompiler\ir\SrtPatcher.cpp.obj
2026-08-03T23:52:14.9933215Z [638/726] Building CXX object CMakeFiles\kyty_emulator.dir\graphics\shader\shaderBindings.cpp.obj
2026-08-03T23:52:15.2066914Z [639/726] Building CXX object CMakeFiles\kyty_emulator.dir\graphics\shader\recompiler\ir\SrtWalker.cpp.obj
2026-08-03T23:52:16.0168902Z [640/726] Building CXX object CMakeFiles\kyty_emulator.dir\graphics\shader\shaderVertexMetadata.cpp.obj
2026-08-03T23:52:17.5819197Z [641/726] Building CXX object CMakeFiles\kyty_emulator.dir\graphics\shader\shaderStageRuntime.cpp.obj
2026-08-03T23:52:22.1511532Z [642/726] Building CXX object CMakeFiles\kyty_emulator.dir\kernel\eventFlag.cpp.obj
2026-08-03T23:52:23.0924807Z [643/726] Building CXX object CMakeFiles\kyty_emulator.dir\kernel\eventQueue.cpp.obj
2026-08-03T23:52:25.1304268Z [644/726] Building CXX object CMakeFiles\kyty_emulator.dir\kernel\fileSystem.cpp.obj
2026-08-03T23:52:29.0227063Z [645/726] Building CXX object CMakeFiles\kyty_emulator.dir\kernel\pthread.cpp.obj
2026-08-03T23:52:29.8196972Z [646/726] Building CXX object CMakeFiles\kyty_emulator.dir\kernel\semaphore.cpp.obj
2026-08-03T23:52:33.0107118Z [647/726] Building CXX object CMakeFiles\kyty_emulator.dir\graphics\shader\shader.cpp.obj
2026-08-03T23:52:34.2259100Z [648/726] Building CXX object CMakeFiles\kyty_emulator.dir\libs\ajm.cpp.obj
2026-08-03T23:52:39.1087802Z [649/726] Building CXX object CMakeFiles\kyty_emulator.dir\kernel\memory.cpp.obj
2026-08-03T23:52:39.2610712Z [650/726] Building CXX object CMakeFiles\kyty_emulator.dir\libs\avPlayer.cpp.obj
2026-08-03T23:52:39.6528872Z [651/726] Building CXX object CMakeFiles\kyty_emulator.dir\libs\errno.cpp.obj
2026-08-03T23:52:40.6423433Z [652/726] Building CXX object CMakeFiles\kyty_emulator.dir\libs\audio.cpp.obj
2026-08-03T23:52:40.7768437Z [653/726] Building CXX object CMakeFiles\kyty_emulator.dir\libs\controller.cpp.obj
2026-08-03T23:52:41.8358079Z [654/726] Building CXX object CMakeFiles\kyty_emulator.dir\libs\dialog.cpp.obj
2026-08-03T23:52:41.8446924Z [655/726] Building CXX object CMakeFiles\kyty_emulator.dir\libs\gta3Mission.cpp.obj
2026-08-03T23:52:41.8448128Z FAILED: [code=1] CMakeFiles/kyty_emulator.dir/libs/gta3Mission.cpp.obj 
2026-08-03T23:52:41.8781789Z C:\PROGRA~1\MICROS~2\2022\ENTERP~1\VC\Tools\Llvm\x64\bin\clang-cl.exe  /nologo -TP @CMakeFiles\kyty_emulator.dir\libs\gta3Mission.cpp.obj.rsp /showIncludes /FoCMakeFiles\kyty_emulator.dir\libs\gta3Mission.cpp.obj /FdCMakeFiles\kyty_emulator.dir\ -c -- D:\a\KytyPlus\KytyPlus\src\libs\gta3Mission.cpp
2026-08-03T23:52:42.2238072Z D:\a\KytyPlus\KytyPlus\src\libs\gta3Mission.cpp(363,21): error: no viable overloaded '='
2026-08-03T23:52:42.2367201Z   363 |     m_activeMission = GTAMissionState{};
2026-08-03T23:52:42.3610530Z       |     ~~~~~~~~~~~~~~~ ^ ~~~~~~~~~~~~~~~~~
2026-08-03T23:52:42.4711609Z D:\a\KytyPlus\KytyPlus\src\libs/gta3Mission.h(61,8): note: candidate function (the implicit copy assignment operator) not viable: no known conversion from 'GTAMissionState' to 'const GTAMissionInstance' for 1st argument
2026-08-03T23:52:42.6010866Z    61 | struct GTAMissionInstance {
2026-08-03T23:52:42.6132918Z       |        ^~~~~~~~~~~~~~~~~~
2026-08-03T23:52:42.6394936Z D:\a\KytyPlus\KytyPlus\src\libs/gta3Mission.h(61,8): note: candidate function (the implicit move assignment operator) not viable: no known conversion from 'GTAMissionState' to 'GTAMissionInstance' for 1st argument
2026-08-03T23:52:42.6514893Z    61 | struct GTAMissionInstance {
2026-08-03T23:52:42.6764953Z       |        ^~~~~~~~~~~~~~~~~~
2026-08-03T23:52:42.6767150Z D:\a\KytyPlus\KytyPlus\src\libs\gta3Mission.cpp(377,43): error: return type of out-of-line definition of 'Kyty::Libs::GTA3MissionSystem::GetActiveMissionState' differs from that in the declaration
2026-08-03T23:52:42.6769176Z   377 | const GTAMissionState* GTA3MissionSystem::GetActiveMissionState() const {
2026-08-03T23:52:42.6770187Z       |       ~~~~~~~~~~~~~~~~                    ^
2026-08-03T23:52:42.6771201Z D:\a\KytyPlus\KytyPlus\src\libs/gta3Mission.h(110,31): note: previous declaration is here
2026-08-03T23:52:42.6772322Z   110 |     const GTAMissionInstance* GetActiveMissionState() const;
2026-08-03T23:52:42.6773179Z       |           ~~~~~~~~~~~~~~~~~~~ ^
2026-08-03T23:52:42.6774664Z D:\a\KytyPlus\KytyPlus\src\libs\gta3Mission.cpp(378,12): error: cannot initialize return object of type 'const GTAMissionState *' with an rvalue of type 'const GTAMissionInstance *'
2026-08-03T23:52:42.6776336Z   378 |     return m_hasActiveMission ? &m_activeMission : nullptr;
2026-08-03T23:52:42.6777253Z       |            ^~~~~~~~~~~~~~~~~~~~~~~~~~~~~~~~~~~~~~~~~~~~~~~
2026-08-03T23:52:42.6778965Z D:\a\KytyPlus\KytyPlus\src\libs\gta3Mission.cpp(381,37): error: return type of out-of-line definition of 'Kyty::Libs::GTA3MissionSystem::GetActiveMissionState' differs from that in the declaration
2026-08-03T23:52:42.6781131Z   381 | GTAMissionState* GTA3MissionSystem::GetActiveMissionState() {
2026-08-03T23:52:42.6781997Z       | ~~~~~~~~~~~~~~~~                    ^
2026-08-03T23:52:42.6783013Z D:\a\KytyPlus\KytyPlus\src\libs/gta3Mission.h(111,25): note: previous declaration is here
2026-08-03T23:52:42.6784130Z   111 |     GTAMissionInstance* GetActiveMissionState();
2026-08-03T23:52:42.6784888Z       |     ~~~~~~~~~~~~~~~~~~~ ^
2026-08-03T23:52:42.6786264Z D:\a\KytyPlus\KytyPlus\src\libs\gta3Mission.cpp(382,12): error: cannot initialize return object of type 'GTAMissionState *' with an rvalue of type 'GTAMissionInstance *'
2026-08-03T23:52:42.6787879Z   382 |     return m_hasActiveMission ? &m_activeMission : nullptr;
2026-08-03T23:52:42.6788749Z       |            ^~~~~~~~~~~~~~~~~~~~~~~~~~~~~~~~~~~~~~~~~~~~~~~
2026-08-03T23:52:42.6789481Z 5 errors generated.
2026-08-03T23:52:42.6876950Z [656/726] Building CXX object CMakeFiles\kyty_emulator.dir\libs\agc.cpp.obj
2026-08-03T23:52:44.5302546Z [657/726] Building CXX object CMakeFiles\kyty_emulator.dir\libs\guestPrintf.cpp.obj
2026-08-03T23:52:45.5702450Z [658/726] Building CXX object CMakeFiles\kyty_emulator.dir\libs\gta3SaveData.cpp.obj
2026-08-03T23:52:46.6527759Z [659/726] Building CXX object CMakeFiles\kyty_emulator.dir\libs\libAppContent.cpp.obj
2026-08-03T23:52:48.1507705Z [660/726] Building CXX object CMakeFiles\kyty_emulator.dir\libs\libAmpr.cpp.obj
2026-08-03T23:52:48.1511503Z ninja: build stopped: subcommand failed.
2026-08-03T23:52:48.1638252Z ##[error]Process completed with exit code 1.
2026-08-03T23:52:48.1933510Z Post job cleanup.
2026-08-03T23:52:48.1938278Z ##[start-action display=Setup Python;id=__51c79edc-c6b6-4b1e-8dd1-1c2eaafb81a0.__actions_setup-python]
2026-08-03T23:52:48.1941782Z ##[end-action id=__51c79edc-c6b6-4b1e-8dd1-1c2eaafb81a0.__actions_setup-python;outcome=skipped;conclusion=skipped;duration_ms=0]
2026-08-03T23:52:48.2089235Z Post job cleanup.
2026-08-03T23:52:48.4471090Z [command]"C:\Program Files\Git\bin\git.exe" version
2026-08-03T23:52:48.4687771Z git version 2.55.0.windows.3
2026-08-03T23:52:48.4743345Z Temporarily overriding HOME='D:\a\_temp\e18d1b58-9189-4495-95de-d61658173f1f' before making global git config changes
2026-08-03T23:52:48.4744787Z Adding repository directory to the temporary git global config as a safe directory
2026-08-03T23:52:48.4756253Z [command]"C:\Program Files\Git\bin\git.exe" config --global --add safe.directory D:\a\KytyPlus\KytyPlus
2026-08-03T23:52:48.4984303Z [command]"C:\Program Files\Git\bin\git.exe" config --local --name-only --get-regexp core\.sshCommand
2026-08-03T23:52:48.5212115Z [command]"C:\Program Files\Git\bin\git.exe" submodule foreach --recursive "sh -c \"git config --local --name-only --get-regexp 'core\.sshCommand' && git config --local --unset-all 'core.sshCommand' || :\""
2026-08-03T23:52:48.9560579Z Entering '3rdparty/LibAtrac9'
2026-08-03T23:52:49.0192236Z Entering '3rdparty/SDL2'
2026-08-03T23:52:49.0827147Z Entering '3rdparty/SPIRV-Headers'
2026-08-03T23:52:49.1469774Z Entering '3rdparty/SPIRV-Tools'
2026-08-03T23:52:49.2127054Z Entering '3rdparty/Vulkan-Headers'
2026-08-03T23:52:49.2745664Z Entering '3rdparty/VulkanMemoryAllocator'
2026-08-03T23:52:49.3406622Z Entering '3rdparty/ffmpeg-core'
2026-08-03T23:52:49.4039240Z Entering '3rdparty/fmt'
2026-08-03T23:52:49.4683221Z Entering '3rdparty/magic_enum'
2026-08-03T23:52:49.5323158Z Entering '3rdparty/nlohmann_json'
2026-08-03T23:52:49.5966400Z Entering '3rdparty/spdlog'
2026-08-03T23:52:49.6594344Z Entering '3rdparty/tracy'
2026-08-03T23:52:49.7210460Z Entering '3rdparty/xxHash'
2026-08-03T23:52:49.7900551Z [command]"C:\Program Files\Git\bin\git.exe" config --local --name-only --get-regexp http\.https\:\/\/github\.com\/\.extraheader
2026-08-03T23:52:49.8093156Z http.https://github.com/.extraheader
2026-08-03T23:52:49.8130386Z [command]"C:\Program Files\Git\bin\git.exe" config --local --unset-all http.https://github.com/.extraheader
2026-08-03T23:52:49.8356445Z [command]"C:\Program Files\Git\bin\git.exe" submodule foreach --recursive "sh -c \"git config --local --name-only --get-regexp 'http\.https\:\/\/github\.com\/\.extraheader' && git config --local --unset-all 'http.https://github.com/.extraheader' || :\""
2026-08-03T23:52:50.2630843Z Entering '3rdparty/LibAtrac9'
2026-08-03T23:52:50.3122873Z http.https://github.com/.extraheader
2026-08-03T23:52:50.3468060Z Entering '3rdparty/SDL2'
2026-08-03T23:52:50.3952065Z http.https://github.com/.extraheader
2026-08-03T23:52:50.4296040Z Entering '3rdparty/SPIRV-Headers'
2026-08-03T23:52:50.4784815Z http.https://github.com/.extraheader
2026-08-03T23:52:50.5126491Z Entering '3rdparty/SPIRV-Tools'
2026-08-03T23:52:50.5617413Z http.https://github.com/.extraheader
2026-08-03T23:52:50.5959557Z Entering '3rdparty/Vulkan-Headers'
2026-08-03T23:52:50.6443570Z http.https://github.com/.extraheader
2026-08-03T23:52:50.6790174Z Entering '3rdparty/VulkanMemoryAllocator'
2026-08-03T23:52:50.7280011Z http.https://github.com/.extraheader
2026-08-03T23:52:50.7621190Z Entering '3rdparty/ffmpeg-core'
2026-08-03T23:52:50.8108356Z http.https://github.com/.extraheader
2026-08-03T23:52:50.8449696Z Entering '3rdparty/fmt'
2026-08-03T23:52:50.8940523Z http.https://github.com/.extraheader
2026-08-03T23:52:50.9293739Z Entering '3rdparty/magic_enum'
2026-08-03T23:52:50.9792250Z http.https://github.com/.extraheader
2026-08-03T23:52:51.0158733Z Entering '3rdparty/nlohmann_json'
2026-08-03T23:52:51.0664374Z http.https://github.com/.extraheader
2026-08-03T23:52:51.1015020Z Entering '3rdparty/spdlog'
2026-08-03T23:52:51.1511414Z http.https://github.com/.extraheader
2026-08-03T23:52:51.1864145Z Entering '3rdparty/tracy'
2026-08-03T23:52:51.2350289Z http.https://github.com/.extraheader
2026-08-03T23:52:51.2690296Z Entering '3rdparty/xxHash'
2026-08-03T23:52:51.3176186Z http.https://github.com/.extraheader
2026-08-03T23:52:51.3585499Z [command]"C:\Program Files\Git\bin\git.exe" config --local --name-only --get-regexp ^includeIf\.gitdir:
2026-08-03T23:52:51.3804927Z [command]"C:\Program Files\Git\bin\git.exe" submodule foreach --recursive "git config --local --show-origin --name-only --get-regexp remote.origin.url"
2026-08-03T23:52:51.7976198Z Entering '3rdparty/LibAtrac9'
2026-08-03T23:52:51.8242621Z file:D:/a/KytyPlus/KytyPlus/.git/modules/3rdparty/LibAtrac9/config	remote.origin.url
2026-08-03T23:52:51.8377459Z Entering '3rdparty/SDL2'
2026-08-03T23:52:51.8642260Z file:D:/a/KytyPlus/KytyPlus/.git/modules/3rdparty/SDL2/config	remote.origin.url
2026-08-03T23:52:51.8769868Z Entering '3rdparty/SPIRV-Headers'
2026-08-03T23:52:51.9049100Z file:D:/a/KytyPlus/KytyPlus/.git/modules/3rdparty/SPIRV-Headers/config	remote.origin.url
2026-08-03T23:52:51.9179447Z Entering '3rdparty/SPIRV-Tools'
2026-08-03T23:52:51.9441883Z file:D:/a/KytyPlus/KytyPlus/.git/modules/3rdparty/SPIRV-Tools/config	remote.origin.url
2026-08-03T23:52:51.9567888Z Entering '3rdparty/Vulkan-Headers'
2026-08-03T23:52:51.9829132Z file:D:/a/KytyPlus/KytyPlus/.git/modules/3rdparty/Vulkan-Headers/config	remote.origin.url
2026-08-03T23:52:51.9953627Z Entering '3rdparty/VulkanMemoryAllocator'
2026-08-03T23:52:52.0217956Z file:D:/a/KytyPlus/KytyPlus/.git/modules/3rdparty/VulkanMemoryAllocator/config	remote.origin.url
2026-08-03T23:52:52.0344642Z Entering '3rdparty/ffmpeg-core'
2026-08-03T23:52:52.0609045Z file:D:/a/KytyPlus/KytyPlus/.git/modules/3rdparty/ffmpeg-core/config	remote.origin.url
2026-08-03T23:52:52.0733729Z Entering '3rdparty/fmt'
2026-08-03T23:52:52.0992468Z file:D:/a/KytyPlus/KytyPlus/.git/modules/3rdparty/fmt/config	remote.origin.url
2026-08-03T23:52:52.1115283Z Entering '3rdparty/magic_enum'
2026-08-03T23:52:52.1375244Z file:D:/a/KytyPlus/KytyPlus/.git/modules/3rdparty/magic_enum/config	remote.origin.url
2026-08-03T23:52:52.1498741Z Entering '3rdparty/nlohmann_json'
2026-08-03T23:52:52.1771827Z file:D:/a/KytyPlus/KytyPlus/.git/modules/3rdparty/nlohmann_json/config	remote.origin.url
2026-08-03T23:52:52.1901932Z Entering '3rdparty/spdlog'
2026-08-03T23:52:52.2171313Z file:D:/a/KytyPlus/KytyPlus/.git/modules/3rdparty/spdlog/config	remote.origin.url
2026-08-03T23:52:52.2295207Z Entering '3rdparty/tracy'
2026-08-03T23:52:52.2564594Z file:D:/a/KytyPlus/KytyPlus/.git/modules/3rdparty/tracy/config	remote.origin.url
2026-08-03T23:52:52.2696113Z Entering '3rdparty/xxHash'
2026-08-03T23:52:52.2970624Z file:D:/a/KytyPlus/KytyPlus/.git/modules/3rdparty/xxHash/config	remote.origin.url
2026-08-03T23:52:52.3167100Z [command]"C:\Program Files\Git\bin\git.exe" config --file D:/a/KytyPlus/KytyPlus/.git/modules/3rdparty/LibAtrac9/config --name-only --get-regexp ^includeIf\.gitdir:
2026-08-03T23:52:52.3387409Z [command]"C:\Program Files\Git\bin\git.exe" config --file D:/a/KytyPlus/KytyPlus/.git/modules/3rdparty/SDL2/config --name-only --get-regexp ^includeIf\.gitdir:
2026-08-03T23:52:52.3603024Z [command]"C:\Program Files\Git\bin\git.exe" config --file D:/a/KytyPlus/KytyPlus/.git/modules/3rdparty/SPIRV-Headers/config --name-only --get-regexp ^includeIf\.gitdir:
2026-08-03T23:52:52.3826830Z [command]"C:\Program Files\Git\bin\git.exe" config --file D:/a/KytyPlus/KytyPlus/.git/modules/3rdparty/SPIRV-Tools/config --name-only --get-regexp ^includeIf\.gitdir:
2026-08-03T23:52:52.4041945Z [command]"C:\Program Files\Git\bin\git.exe" config --file D:/a/KytyPlus/KytyPlus/.git/modules/3rdparty/Vulkan-Headers/config --name-only --get-regexp ^includeIf\.gitdir:
2026-08-03T23:52:52.4258269Z [command]"C:\Program Files\Git\bin\git.exe" config --file D:/a/KytyPlus/KytyPlus/.git/modules/3rdparty/VulkanMemoryAllocator/config --name-only --get-regexp ^includeIf\.gitdir:
2026-08-03T23:52:52.4481208Z [command]"C:\Program Files\Git\bin\git.exe" config --file D:/a/KytyPlus/KytyPlus/.git/modules/3rdparty/ffmpeg-core/config --name-only --get-regexp ^includeIf\.gitdir:
2026-08-03T23:52:52.4696975Z [command]"C:\Program Files\Git\bin\git.exe" config --file D:/a/KytyPlus/KytyPlus/.git/modules/3rdparty/fmt/config --name-only --get-regexp ^includeIf\.gitdir:
2026-08-03T23:52:52.4916973Z [command]"C:\Program Files\Git\bin\git.exe" config --file D:/a/KytyPlus/KytyPlus/.git/modules/3rdparty/magic_enum/config --name-only --get-regexp ^includeIf\.gitdir:
2026-08-03T23:52:52.5132959Z [command]"C:\Program Files\Git\bin\git.exe" config --file D:/a/KytyPlus/KytyPlus/.git/modules/3rdparty/nlohmann_json/config --name-only --get-regexp ^includeIf\.gitdir:
2026-08-03T23:52:52.5348845Z [command]"C:\Program Files\Git\bin\git.exe" config --file D:/a/KytyPlus/KytyPlus/.git/modules/3rdparty/spdlog/config --name-only --get-regexp ^includeIf\.gitdir:
2026-08-03T23:52:52.5566108Z [command]"C:\Program Files\Git\bin\git.exe" config --file D:/a/KytyPlus/KytyPlus/.git/modules/3rdparty/tracy/config --name-only --get-regexp ^includeIf\.gitdir:
2026-08-03T23:52:52.5782089Z [command]"C:\Program Files\Git\bin\git.exe" config --file D:/a/KytyPlus/KytyPlus/.git/modules/3rdparty/xxHash/config --name-only --get-regexp ^includeIf\.gitdir:
2026-08-03T23:52:52.6189513Z Cleaning up orphan processes
2026-08-03T23:52:52.6415179Z Terminate orphan process: pid (4336) (vctip)
